source_dish_id,source_name,recommended_dish_id,recommended_name,score,rank,reason,source_cluster,recommended_cluster
D0108,Set menu 200.000đ /người (1),D0109,Set menu 200.000đ /người (2),0.8071,1,cùng cụm K-Means; cùng danh mục; trùng từ khóa món; mức giá gần nhau,C4 - Cụm 4: Món tiệc/lẩu/ăn chơi,C4 - Cụm 4: Món tiệc/lẩu/ăn chơi
D0108,Set menu 200.000đ /người (1),D0110,Set menu 200.000đ /người (3),0.775,2,cùng cụm K-Means; cùng danh mục; trùng từ khóa món; mức giá gần nhau,C4 - Cụm 4: Món tiệc/lẩu/ăn chơi,C4 - Cụm 4: Món tiệc/lẩu/ăn chơi
D0108,Set menu 200.000đ /người (1),D0111,Set menu 250.000đ /người (1),0.7671,3,cùng cụm K-Means; cùng danh mục; trùng từ khóa món; mức giá gần nhau,C4 - Cụm 4: Món tiệc/lẩu/ăn chơi,C4 - Cụm 4: Món tiệc/lẩu/ăn chơi
D0108,Set menu 200.000đ /người (1),D0112,Set menu 250.000đ /người (2),0.7671,4,cùng cụm K-Means; cùng danh mục; trùng từ khóa món; mức giá gần nhau,C4 - Cụm 4: Món tiệc/lẩu/ăn chơi,C4 - Cụm 4: Món tiệc/lẩu/ăn chơi
D0108,Set menu 200.000đ /người (1),D0119,Set menu 350.000đ /người (2),0.7643,5,cùng cụm K-Means; cùng danh mục; trùng từ khóa món,C4 - Cụm 4: Món tiệc/lẩu/ăn chơi,C4 - Cụm 4: Món tiệc/lẩu/ăn chơi
D0108,Set menu 200.000đ /người (1),D0115,Set menu 300.000đ /người (2),0.7405,6,cùng cụm K-Means; cùng danh mục; trùng từ khóa món,C4 - Cụm 4: Món tiệc/lẩu/ăn chơi,C4 - Cụm 4: Món tiệc/lẩu/ăn chơi
D0108,Set menu 200.000đ /người (1),D0118,Set menu 450.000đ /người,0.7389,7,cùng cụm K-Means; cùng danh mục; trùng từ khóa món,C4 - Cụm 4: Món tiệc/lẩu/ăn chơi,C4 - Cụm 4: Món tiệc/lẩu/ăn chơi
D0108,Set menu 200.000đ /người (1),D0113,Set menu 250.000đ /người (3),0.735,8,cùng cụm K-Means; cùng danh mục; trùng từ khóa món; mức giá gần nhau,C4 - Cụm 4: Món tiệc/lẩu/ăn chơi,C4 - Cụm 4: Món tiệc/lẩu/ăn chơi
D0109,Set menu 200.000đ /người (2),D0111,Set menu 250.000đ /người (1),0.96,1,cùng cụm K-Means; cùng danh mục; trùng từ khóa món; mức giá gần nhau,C4 - Cụm 4: Món tiệc/lẩu/ăn chơi,C4 - Cụm 4: Món tiệc/lẩu/ăn chơi
D0109,Set menu 200.000đ /người (2),D0112,Set menu 250.000đ /người (2),0.96,2,cùng cụm K-Means; cùng danh mục; trùng từ khóa món; mức giá gần nhau,C4 - Cụm 4: Món tiệc/lẩu/ăn chơi,C4 - Cụm 4: Món tiệc/lẩu/ăn chơi
D0109,Set menu 200.000đ /người (2),D0110,Set menu 200.000đ /người (3),0.9437,3,cùng cụm K-Means; cùng danh mục; trùng từ khóa món; mức giá gần nhau,C4 - Cụm 4: Món tiệc/lẩu/ăn chơi,C4 - Cụm 4: Món tiệc/lẩu/ăn chơi
D0109,Set menu 200.000đ /người (2),D0113,Set menu 250.000đ /người (3),0.9038,4,cùng cụm K-Means; cùng danh mục; trùng từ khóa món; mức giá gần nhau,C4 - Cụm 4: Món tiệc/lẩu/ăn chơi,C4 - Cụm 4: Món tiệc/lẩu/ăn chơi
D0109,Set menu 200.000đ /người (2),D0115,Set menu 300.000đ /người (2),0.8208,5,cùng cụm K-Means; cùng danh mục; trùng từ khóa món,C4 - Cụm 4: Món tiệc/lẩu/ăn chơi,C4 - Cụm 4: Món tiệc/lẩu/ăn chơi
D0109,Set menu 200.000đ /người (2),D0108,Set menu 200.000đ /người (1),0.8071,6,cùng cụm K-Means; cùng danh mục; trùng từ khóa món; mức giá gần nhau,C4 - Cụm 4: Món tiệc/lẩu/ăn chơi,C4 - Cụm 4: Món tiệc/lẩu/ăn chơi
D0109,Set menu 200.000đ /người (2),D0116,Set menu 300.000đ /người (3),0.7833,7,cùng cụm K-Means; cùng danh mục; trùng từ khóa món,C4 - Cụm 4: Món tiệc/lẩu/ăn chơi,C4 - Cụm 4: Món tiệc/lẩu/ăn chơi
D0109,Set menu 200.000đ /người (2),D0114,Set menu 300.000đ /người (1),0.7646,8,cùng cụm K-Means; cùng danh mục; trùng từ khóa món,C4 - Cụm 4: Món tiệc/lẩu/ăn chơi,C4 - Cụm 4: Món tiệc/lẩu/ăn chơi
D0110,Set menu 200.000đ /người (3),D0113,Set menu 250.000đ /người (3),0.96,1,cùng cụm K-Means; cùng danh mục; trùng từ khóa món; mức giá gần nhau,C4 - Cụm 4: Món tiệc/lẩu/ăn chơi,C4 - Cụm 4: Món tiệc/lẩu/ăn chơi
D0110,Set menu 200.000đ /người (3),D0109,Set menu 200.000đ /người (2),0.9437,2,cùng cụm K-Means; cùng danh mục; trùng từ khóa món; mức giá gần nhau,C4 - Cụm 4: Món tiệc/lẩu/ăn chơi,C4 - Cụm 4: Món tiệc/lẩu/ăn chơi
D0110,Set menu 200.000đ /người (3),D0111,Set menu 250.000đ /người (1),0.9038,3,cùng cụm K-Means; cùng danh mục; trùng từ khóa món; mức giá gần nhau,C4 - Cụm 4: Món tiệc/lẩu/ăn chơi,C4 - Cụm 4: Món tiệc/lẩu/ăn chơi
D0110,Set menu 200.000đ /người (3),D0112,Set menu 250.000đ /người (2),0.9038,4,cùng cụm K-Means; cùng danh mục; trùng từ khóa món; mức giá gần nhau,C4 - Cụm 4: Món tiệc/lẩu/ăn chơi,C4 - Cụm 4: Món tiệc/lẩu/ăn chơi
D0110,Set menu 200.000đ /người (3),D0116,Set menu 300.000đ /người (3),0.8333,5,cùng cụm K-Means; cùng danh mục; trùng từ khóa món,C4 - Cụm 4: Món tiệc/lẩu/ăn chơi,C4 - Cụm 4: Món tiệc/lẩu/ăn chơi
D0110,Set menu 200.000đ /người (3),D0115,Set menu 300.000đ /người (2),0.7833,6,cùng cụm K-Means; cùng danh mục; trùng từ khóa món,C4 - Cụm 4: Món tiệc/lẩu/ăn chơi,C4 - Cụm 4: Món tiệc/lẩu/ăn chơi
D0110,Set menu 200.000đ /người (3),D0108,Set menu 200.000đ /người (1),0.775,7,cùng cụm K-Means; cùng danh mục; trùng từ khóa món; mức giá gần nhau,C4 - Cụm 4: Món tiệc/lẩu/ăn chơi,C4 - Cụm 4: Món tiệc/lẩu/ăn chơi
D0110,Set menu 200.000đ /người (3),D0114,Set menu 300.000đ /người (1),0.7333,8,cùng cụm K-Means; cùng danh mục; trùng từ khóa món,C4 - Cụm 4: Món tiệc/lẩu/ăn chơi,C4 - Cụm 4: Món tiệc/lẩu/ăn chơi
D0111,Set menu 250.000đ /người (1),D0112,Set menu 250.000đ /người (2),1.0,1,cùng cụm K-Means; cùng danh mục; trùng từ khóa món; mức giá gần nhau,C4 - Cụm 4: Món tiệc/lẩu/ăn chơi,C4 - Cụm 4: Món tiệc/lẩu/ăn chơi
D0111,Set menu 250.000đ /người (1),D0109,Set menu 200.000đ /người (2),0.96,2,cùng cụm K-Means; cùng danh mục; trùng từ khóa món; mức giá gần nhau,C4 - Cụm 4: Món tiệc/lẩu/ăn chơi,C4 - Cụm 4: Món tiệc/lẩu/ăn chơi
D0111,Set menu 250.000đ /người (1),D0113,Set menu 250.000đ /người (3),0.9437,3,cùng cụm K-Means; cùng danh mục; trùng từ khóa món; mức giá gần nhau,C4 - Cụm 4: Món tiệc/lẩu/ăn chơi,C4 - Cụm 4: Món tiệc/lẩu/ăn chơi
D0111,Set menu 250.000đ /người (1),D0110,Set menu 200.000đ /người (3),0.9038,4,cùng cụm K-Means; cùng danh mục; trùng từ khóa món; mức giá gần nhau,C4 - Cụm 4: Món tiệc/lẩu/ăn chơi,C4 - Cụm 4: Món tiệc/lẩu/ăn chơi
D0111,Set menu 250.000đ /người (1),D0115,Set menu 300.000đ /người (2),0.8542,5,cùng cụm K-Means; cùng danh mục; trùng từ khóa món; mức giá gần nhau,C4 - Cụm 4: Món tiệc/lẩu/ăn chơi,C4 - Cụm 4: Món tiệc/lẩu/ăn chơi
D0111,Set menu 250.000đ /người (1),D0116,Set menu 300.000đ /người (3),0.8167,6,cùng cụm K-Means; cùng danh mục; trùng từ khóa món; mức giá gần nhau,C4 - Cụm 4: Món tiệc/lẩu/ăn chơi,C4 - Cụm 4: Món tiệc/lẩu/ăn chơi
D0111,Set menu 250.000đ /người (1),D0114,Set menu 300.000đ /người (1),0.7979,7,cùng cụm K-Means; cùng danh mục; trùng từ khóa món; mức giá gần nhau,C4 - Cụm 4: Món tiệc/lẩu/ăn chơi,C4 - Cụm 4: Món tiệc/lẩu/ăn chơi
D0111,Set menu 250.000đ /người (1),D0117,Set menu 350.000đ /người (1),0.7741,8,cùng cụm K-Means; cùng danh mục; trùng từ khóa món,C4 - Cụm 4: Món tiệc/lẩu/ăn chơi,C4 - Cụm 4: Món tiệc/lẩu/ăn chơi
D0112,Set menu 250.000đ /người (2),D0111,Set menu 250.000đ /người (1),1.0,1,cùng cụm K-Means; cùng danh mục; trùng từ khóa món; mức giá gần nhau,C4 - Cụm 4: Món tiệc/lẩu/ăn chơi,C4 - Cụm 4: Món tiệc/lẩu/ăn chơi
D0112,Set menu 250.000đ /người (2),D0109,Set menu 200.000đ /người (2),0.96,2,cùng cụm K-Means; cùng danh mục; trùng từ khóa món; mức giá gần nhau,C4 - Cụm 4: Món tiệc/lẩu/ăn chơi,C4 - Cụm 4: Món tiệc/lẩu/ăn chơi
D0112,Set menu 250.000đ /người (2),D0113,Set menu 250.000đ /người (3),0.9437,3,cùng cụm K-Means; cùng danh mục; trùng từ khóa món; mức giá gần nhau,C4 - Cụm 4: Món tiệc/lẩu/ăn chơi,C4 - Cụm 4: Món tiệc/lẩu/ăn chơi
D0112,Set menu 250.000đ /người (2),D0110,Set menu 200.000đ /người (3),0.9038,4,cùng cụm K-Means; cùng danh mục; trùng từ khóa món; mức giá gần nhau,C4 - Cụm 4: Món tiệc/lẩu/ăn chơi,C4 - Cụm 4: Món tiệc/lẩu/ăn chơi
D0112,Set menu 250.000đ /người (2),D0115,Set menu 300.000đ /người (2),0.8542,5,cùng cụm K-Means; cùng danh mục; trùng từ khóa món; mức giá gần nhau,C4 - Cụm 4: Món tiệc/lẩu/ăn chơi,C4 - Cụm 4: Món tiệc/lẩu/ăn chơi
D0112,Set menu 250.000đ /người (2),D0116,Set menu 300.000đ /người (3),0.8167,6,cùng cụm K-Means; cùng danh mục; trùng từ khóa món; mức giá gần nhau,C4 - Cụm 4: Món tiệc/lẩu/ăn chơi,C4 - Cụm 4: Món tiệc/lẩu/ăn chơi
D0112,Set menu 250.000đ /người (2),D0114,Set menu 300.000đ /người (1),0.7979,7,cùng cụm K-Means; cùng danh mục; trùng từ khóa món; mức giá gần nhau,C4 - Cụm 4: Món tiệc/lẩu/ăn chơi,C4 - Cụm 4: Món tiệc/lẩu/ăn chơi
D0112,Set menu 250.000đ /người (2),D0117,Set menu 350.000đ /người (1),0.7741,8,cùng cụm K-Means; cùng danh mục; trùng từ khóa món,C4 - Cụm 4: Món tiệc/lẩu/ăn chơi,C4 - Cụm 4: Món tiệc/lẩu/ăn chơi
D0113,Set menu 250.000đ /người (3),D0110,Set menu 200.000đ /người (3),0.96,1,cùng cụm K-Means; cùng danh mục; trùng từ khóa món; mức giá gần nhau,C4 - Cụm 4: Món tiệc/lẩu/ăn chơi,C4 - Cụm 4: Món tiệc/lẩu/ăn chơi
D0113,Set menu 250.000đ /người (3),D0111,Set menu 250.000đ /người (1),0.9437,2,cùng cụm K-Means; cùng danh mục; trùng từ khóa món; mức giá gần nhau,C4 - Cụm 4: Món tiệc/lẩu/ăn chơi,C4 - Cụm 4: Món tiệc/lẩu/ăn chơi
D0113,Set menu 250.000đ /người (3),D0112,Set menu 250.000đ /người (2),0.9437,3,cùng cụm K-Means; cùng danh mục; trùng từ khóa món; mức giá gần nhau,C4 - Cụm 4: Món tiệc/lẩu/ăn chơi,C4 - Cụm 4: Món tiệc/lẩu/ăn chơi
D0113,Set menu 250.000đ /người (3),D0109,Set menu 200.000đ /người (2),0.9038,4,cùng cụm K-Means; cùng danh mục; trùng từ khóa món; mức giá gần nhau,C4 - Cụm 4: Món tiệc/lẩu/ăn chơi,C4 - Cụm 4: Món tiệc/lẩu/ăn chơi
D0113,Set menu 250.000đ /người (3),D0116,Set menu 300.000đ /người (3),0.8667,5,cùng cụm K-Means; cùng danh mục; trùng từ khóa món; mức giá gần nhau,C4 - Cụm 4: Món tiệc/lẩu/ăn chơi,C4 - Cụm 4: Món tiệc/lẩu/ăn chơi
D0113,Set menu 250.000đ /người (3),D0115,Set menu 300.000đ /người (2),0.8167,6,cùng cụm K-Means; cùng danh mục; trùng từ khóa món; mức giá gần nhau,C4 - Cụm 4: Món tiệc/lẩu/ăn chơi,C4 - Cụm 4: Món tiệc/lẩu/ăn chơi
D0113,Set menu 250.000đ /người (3),D0114,Set menu 300.000đ /người (1),0.7667,7,cùng cụm K-Means; cùng danh mục; trùng từ khóa món; mức giá gần nhau,C4 - Cụm 4: Món tiệc/lẩu/ăn chơi,C4 - Cụm 4: Món tiệc/lẩu/ăn chơi
D0113,Set menu 250.000đ /người (3),D0117,Set menu 350.000đ /người (1),0.7429,8,cùng cụm K-Means; cùng danh mục; trùng từ khóa món,C4 - Cụm 4: Món tiệc/lẩu/ăn chơi,C4 - Cụm 4: Món tiệc/lẩu/ăn chơi
D0114,Set menu 300.000đ /người (1),D0117,Set menu 350.000đ /người (1),0.9714,1,cùng cụm K-Means; cùng danh mục; trùng từ khóa món; mức giá gần nhau,C4 - Cụm 4: Món tiệc/lẩu/ăn chơi,C4 - Cụm 4: Món tiệc/lẩu/ăn chơi
D0114,Set menu 300.000đ /người (1),D0115,Set menu 300.000đ /người (2),0.9357,2,cùng cụm K-Means; cùng danh mục; trùng từ khóa món; mức giá gần nhau,C4 - Cụm 4: Món tiệc/lẩu/ăn chơi,C4 - Cụm 4: Món tiệc/lẩu/ăn chơi
D0114,Set menu 300.000đ /người (1),D0116,Set menu 300.000đ /người (3),0.8875,3,cùng cụm K-Means; cùng danh mục; trùng từ khóa món; mức giá gần nhau,C4 - Cụm 4: Món tiệc/lẩu/ăn chơi,C4 - Cụm 4: Món tiệc/lẩu/ăn chơi
D0114,Set menu 300.000đ /người (1),D0119,Set menu 350.000đ /người (2),0.8429,4,cùng cụm K-Means; cùng danh mục; trùng từ khóa món; mức giá gần nhau,C4 - Cụm 4: Món tiệc/lẩu/ăn chơi,C4 - Cụm 4: Món tiệc/lẩu/ăn chơi
D0114,Set menu 300.000đ /người (1),D0118,Set menu 450.000đ /người,0.8048,5,cùng cụm K-Means; cùng danh mục; trùng từ khóa món,C4 - Cụm 4: Món tiệc/lẩu/ăn chơi,C4 - Cụm 4: Món tiệc/lẩu/ăn chơi
D0114,Set menu 300.000đ /người (1),D0111,Set menu 250.000đ /người (1),0.7979,6,cùng cụm K-Means; cùng danh mục; trùng từ khóa món; mức giá gần nhau,C4 - Cụm 4: Món tiệc/lẩu/ăn chơi,C4 - Cụm 4: Món tiệc/lẩu/ăn chơi
D0114,Set menu 300.000đ /người (1),D0112,Set menu 250.000đ /người (2),0.7979,7,cùng cụm K-Means; cùng danh mục; trùng từ khóa món; mức giá gần nhau,C4 - Cụm 4: Món tiệc/lẩu/ăn chơi,C4 - Cụm 4: Món tiệc/lẩu/ăn chơi
D0114,Set menu 300.000đ /người (1),D0113,Set menu 250.000đ /người (3),0.7667,8,cùng cụm K-Means; cùng danh mục; trùng từ khóa món; mức giá gần nhau,C4 - Cụm 4: Món tiệc/lẩu/ăn chơi,C4 - Cụm 4: Món tiệc/lẩu/ăn chơi
D0115,Set menu 300.000đ /người (2),D0116,Set menu 300.000đ /người (3),0.9437,1,cùng cụm K-Means; cùng danh mục; trùng từ khóa món; mức giá gần nhau,C4 - Cụm 4: Món tiệc/lẩu/ăn chơi,C4 - Cụm 4: Món tiệc/lẩu/ăn chơi
D0115,Set menu 300.000đ /người (2),D0114,Set menu 300.000đ /người (1),0.9357,2,cùng cụm K-Means; cùng danh mục; trùng từ khóa món; mức giá gần nhau,C4 - Cụm 4: Món tiệc/lẩu/ăn chơi,C4 - Cụm 4: Món tiệc/lẩu/ăn chơi
D0115,Set menu 300.000đ /người (2),D0117,Set menu 350.000đ /người (1),0.9071,3,cùng cụm K-Means; cùng danh mục; trùng từ khóa món; mức giá gần nhau,C4 - Cụm 4: Món tiệc/lẩu/ăn chơi,C4 - Cụm 4: Món tiệc/lẩu/ăn chơi
D0115,Set menu 300.000đ /người (2),D0119,Set menu 350.000đ /người (2),0.9071,4,cùng cụm K-Means; cùng danh mục; trùng từ khóa món; mức giá gần nhau,C4 - Cụm 4: Món tiệc/lẩu/ăn chơi,C4 - Cụm 4: Món tiệc/lẩu/ăn chơi
D0115,Set menu 300.000đ /người (2),D0118,Set menu 450.000đ /người,0.869,5,cùng cụm K-Means; cùng danh mục; trùng từ khóa món,C4 - Cụm 4: Món tiệc/lẩu/ăn chơi,C4 - Cụm 4: Món tiệc/lẩu/ăn chơi
D0115,Set menu 300.000đ /người (2),D0111,Set menu 250.000đ /người (1),0.8542,6,cùng cụm K-Means; cùng danh mục; trùng từ khóa món; mức giá gần nhau,C4 - Cụm 4: Món tiệc/lẩu/ăn chơi,C4 - Cụm 4: Món tiệc/lẩu/ăn chơi
D0115,Set menu 300.000đ /người (2),D0112,Set menu 250.000đ /người (2),0.8542,7,cùng cụm K-Means; cùng danh mục; trùng từ khóa món; mức giá gần nhau,C4 - Cụm 4: Món tiệc/lẩu/ăn chơi,C4 - Cụm 4: Món tiệc/lẩu/ăn chơi
D0115,Set menu 300.000đ /người (2),D0109,Set menu 200.000đ /người (2),0.8208,8,cùng cụm K-Means; cùng danh mục; trùng từ khóa món,C4 - Cụm 4: Món tiệc/lẩu/ăn chơi,C4 - Cụm 4: Món tiệc/lẩu/ăn chơi
D0116,Set menu 300.000đ /người (3),D0115,Set menu 300.000đ /người (2),0.9437,1,cùng cụm K-Means; cùng danh mục; trùng từ khóa món; mức giá gần nhau,C4 - Cụm 4: Món tiệc/lẩu/ăn chơi,C4 - Cụm 4: Món tiệc/lẩu/ăn chơi
D0116,Set menu 300.000đ /người (3),D0114,Set menu 300.000đ /người (1),0.8875,2,cùng cụm K-Means; cùng danh mục; trùng từ khóa món; mức giá gần nhau,C4 - Cụm 4: Món tiệc/lẩu/ăn chơi,C4 - Cụm 4: Món tiệc/lẩu/ăn chơi
D0116,Set menu 300.000đ /người (3),D0113,Set menu 250.000đ /người (3),0.8667,3,cùng cụm K-Means; cùng danh mục; trùng từ khóa món; mức giá gần nhau,C4 - Cụm 4: Món tiệc/lẩu/ăn chơi,C4 - Cụm 4: Món tiệc/lẩu/ăn chơi
D0116,Set menu 300.000đ /người (3),D0117,Set menu 350.000đ /người (1),0.8589,4,cùng cụm K-Means; cùng danh mục; trùng từ khóa món; mức giá gần nhau,C4 - Cụm 4: Món tiệc/lẩu/ăn chơi,C4 - Cụm 4: Món tiệc/lẩu/ăn chơi
D0116,Set menu 300.000đ /người (3),D0119,Set menu 350.000đ /người (2),0.8589,5,cùng cụm K-Means; cùng danh mục; trùng từ khóa món; mức giá gần nhau,C4 - Cụm 4: Món tiệc/lẩu/ăn chơi,C4 - Cụm 4: Món tiệc/lẩu/ăn chơi
D0116,Set menu 300.000đ /người (3),D0110,Set menu 200.000đ /người (3),0.8333,6,cùng cụm K-Means; cùng danh mục; trùng từ khóa món,C4 - Cụm 4: Món tiệc/lẩu/ăn chơi,C4 - Cụm 4: Món tiệc/lẩu/ăn chơi
D0116,Set menu 300.000đ /người (3),D0118,Set menu 450.000đ /người,0.8208,7,cùng cụm K-Means; cùng danh mục; trùng từ khóa món,C4 - Cụm 4: Món tiệc/lẩu/ăn chơi,C4 - Cụm 4: Món tiệc/lẩu/ăn chơi
D0116,Set menu 300.000đ /người (3),D0111,Set menu 250.000đ /người (1),0.8167,8,cùng cụm K-Means; cùng danh mục; trùng từ khóa món; mức giá gần nhau,C4 - Cụm 4: Món tiệc/lẩu/ăn chơi,C4 - Cụm 4: Món tiệc/lẩu/ăn chơi
D0117,Set menu 350.000đ /người (1),D0114,Set menu 300.000đ /người (1),0.9714,1,cùng cụm K-Means; cùng danh mục; trùng từ khóa món; mức giá gần nhau,C4 - Cụm 4: Món tiệc/lẩu/ăn chơi,C4 - Cụm 4: Món tiệc/lẩu/ăn chơi
D0117,Set menu 350.000đ /người (1),D0115,Set menu 300.000đ /người (2),0.9071,2,cùng cụm K-Means; cùng danh mục; trùng từ khóa món; mức giá gần nhau,C4 - Cụm 4: Món tiệc/lẩu/ăn chơi,C4 - Cụm 4: Món tiệc/lẩu/ăn chơi
D0117,Set menu 350.000đ /người (1),D0119,Set menu 350.000đ /người (2),0.8714,3,cùng cụm K-Means; cùng danh mục; trùng từ khóa món; mức giá gần nhau,C4 - Cụm 4: Món tiệc/lẩu/ăn chơi,C4 - Cụm 4: Món tiệc/lẩu/ăn chơi
D0117,Set menu 350.000đ /người (1),D0116,Set menu 300.000đ /người (3),0.8589,4,cùng cụm K-Means; cùng danh mục; trùng từ khóa món; mức giá gần nhau,C4 - Cụm 4: Món tiệc/lẩu/ăn chơi,C4 - Cụm 4: Món tiệc/lẩu/ăn chơi
D0117,Set menu 350.000đ /người (1),D0118,Set menu 450.000đ /người,0.827,5,cùng cụm K-Means; cùng danh mục; trùng từ khóa món; mức giá gần nhau,C4 - Cụm 4: Món tiệc/lẩu/ăn chơi,C4 - Cụm 4: Món tiệc/lẩu/ăn chơi
D0117,Set menu 350.000đ /người (1),D0111,Set menu 250.000đ /người (1),0.7741,6,cùng cụm K-Means; cùng danh mục; trùng từ khóa món,C4 - Cụm 4: Món tiệc/lẩu/ăn chơi,C4 - Cụm 4: Món tiệc/lẩu/ăn chơi
D0117,Set menu 350.000đ /người (1),D0112,Set menu 250.000đ /người (2),0.7741,7,cùng cụm K-Means; cùng danh mục; trùng từ khóa món,C4 - Cụm 4: Món tiệc/lẩu/ăn chơi,C4 - Cụm 4: Món tiệc/lẩu/ăn chơi
D0117,Set menu 350.000đ /người (1),D0109,Set menu 200.000đ /người (2),0.7455,8,cùng cụm K-Means; cùng danh mục; trùng từ khóa món,C4 - Cụm 4: Món tiệc/lẩu/ăn chơi,C4 - Cụm 4: Món tiệc/lẩu/ăn chơi
D0119,Set menu 350.000đ /người (2),D0118,Set menu 450.000đ /người,0.9556,1,cùng cụm K-Means; cùng danh mục; trùng từ khóa món; mức giá gần nhau,C4 - Cụm 4: Món tiệc/lẩu/ăn chơi,C4 - Cụm 4: Món tiệc/lẩu/ăn chơi
D0119,Set menu 350.000đ /người (2),D0115,Set menu 300.000đ /người (2),0.9071,2,cùng cụm K-Means; cùng danh mục; trùng từ khóa món; mức giá gần nhau,C4 - Cụm 4: Món tiệc/lẩu/ăn chơi,C4 - Cụm 4: Món tiệc/lẩu/ăn chơi
D0119,Set menu 350.000đ /người (2),D0117,Set menu 350.000đ /người (1),0.8714,3,cùng cụm K-Means; cùng danh mục; trùng từ khóa món; mức giá gần nhau,C4 - Cụm 4: Món tiệc/lẩu/ăn chơi,C4 - Cụm 4: Món tiệc/lẩu/ăn chơi
D0119,Set menu 350.000đ /người (2),D0116,Set menu 300.000đ /người (3),0.8589,4,cùng cụm K-Means; cùng danh mục; trùng từ khóa món; mức giá gần nhau,C4 - Cụm 4: Món tiệc/lẩu/ăn chơi,C4 - Cụm 4: Món tiệc/lẩu/ăn chơi
D0119,Set menu 350.000đ /người (2),D0114,Set menu 300.000đ /người (1),0.8429,5,cùng cụm K-Means; cùng danh mục; trùng từ khóa món; mức giá gần nhau,C4 - Cụm 4: Món tiệc/lẩu/ăn chơi,C4 - Cụm 4: Món tiệc/lẩu/ăn chơi
D0119,Set menu 350.000đ /người (2),D0111,Set menu 250.000đ /người (1),0.7741,6,cùng cụm K-Means; cùng danh mục; trùng từ khóa món,C4 - Cụm 4: Món tiệc/lẩu/ăn chơi,C4 - Cụm 4: Món tiệc/lẩu/ăn chơi
D0119,Set menu 350.000đ /người (2),D0112,Set menu 250.000đ /người (2),0.7741,7,cùng cụm K-Means; cùng danh mục; trùng từ khóa món,C4 - Cụm 4: Món tiệc/lẩu/ăn chơi,C4 - Cụm 4: Món tiệc/lẩu/ăn chơi
D0119,Set menu 350.000đ /người (2),D0108,Set menu 200.000đ /người (1),0.7643,8,cùng cụm K-Means; cùng danh mục; trùng từ khóa món,C4 - Cụm 4: Món tiệc/lẩu/ăn chơi,C4 - Cụm 4: Món tiệc/lẩu/ăn chơi
D0118,Set menu 450.000đ /người,D0119,Set menu 350.000đ /người (2),0.9556,1,cùng cụm K-Means; cùng danh mục; trùng từ khóa món; mức giá gần nhau,C4 - Cụm 4: Món tiệc/lẩu/ăn chơi,C4 - Cụm 4: Món tiệc/lẩu/ăn chơi
D0118,Set menu 450.000đ /người,D0115,Set menu 300.000đ /người (2),0.869,2,cùng cụm K-Means; cùng danh mục; trùng từ khóa món,C4 - Cụm 4: Món tiệc/lẩu/ăn chơi,C4 - Cụm 4: Món tiệc/lẩu/ăn chơi
D0118,Set menu 450.000đ /người,D0117,Set menu 350.000đ /người (1),0.827,3,cùng cụm K-Means; cùng danh mục; trùng từ khóa món; mức giá gần nhau,C4 - Cụm 4: Món tiệc/lẩu/ăn chơi,C4 - Cụm 4: Món tiệc/lẩu/ăn chơi
D0118,Set menu 450.000đ /người,D0116,Set menu 300.000đ /người (3),0.8208,4,cùng cụm K-Means; cùng danh mục; trùng từ khóa món,C4 - Cụm 4: Món tiệc/lẩu/ăn chơi,C4 - Cụm 4: Món tiệc/lẩu/ăn chơi
D0118,Set menu 450.000đ /người,D0114,Set menu 300.000đ /người (1),0.8048,5,cùng cụm K-Means; cùng danh mục; trùng từ khóa món,C4 - Cụm 4: Món tiệc/lẩu/ăn chơi,C4 - Cụm 4: Món tiệc/lẩu/ăn chơi
D0118,Set menu 450.000đ /người,D0111,Set menu 250.000đ /người (1),0.7424,6,cùng cụm K-Means; cùng danh mục; trùng từ khóa món,C4 - Cụm 4: Món tiệc/lẩu/ăn chơi,C4 - Cụm 4: Món tiệc/lẩu/ăn chơi
D0118,Set menu 450.000đ /người,D0112,Set menu 250.000đ /người (2),0.7424,7,cùng cụm K-Means; cùng danh mục; trùng từ khóa món,C4 - Cụm 4: Món tiệc/lẩu/ăn chơi,C4 - Cụm 4: Món tiệc/lẩu/ăn chơi
D0118,Set menu 450.000đ /người,D0108,Set menu 200.000đ /người (1),0.7389,8,cùng cụm K-Means; cùng danh mục; trùng từ khóa món,C4 - Cụm 4: Món tiệc/lẩu/ăn chơi,C4 - Cụm 4: Món tiệc/lẩu/ăn chơi
D0039,Cá bóng cát kho tộ,D0045,Cá bớp kho tộ,1.0,1,cùng cụm K-Means; cùng danh mục; trùng từ khóa món; mức giá gần nhau,C2 - Cụm 2: Món mặn đưa cơm,C2 - Cụm 2: Món mặn đưa cơm
D0039,Cá bóng cát kho tộ,D0054,Khô cá lóc Cambodia,0.9357,2,cùng cụm K-Means; cùng danh mục; trùng từ khóa món; mức giá gần nhau,C2 - Cụm 2: Món mặn đưa cơm,C2 - Cụm 2: Món mặn đưa cơm
D0039,Cá bóng cát kho tộ,D0046,Cá dứa biển kho tộ,0.9122,3,cùng cụm K-Means; cùng danh mục; trùng từ khóa món; mức giá gần nhau,C2 - Cụm 2: Món mặn đưa cơm,C2 - Cụm 2: Món mặn đưa cơm
D0039,Cá bóng cát kho tộ,D0043,Cá mú nghệ: Chưng tương/ Kho tộ/ Sốt cà chua,0.8829,4,cùng cụm K-Means; cùng danh mục; trùng từ khóa món; mức giá gần nhau,C2 - Cụm 2: Món mặn đưa cơm,C2 - Cụm 2: Món mặn đưa cơm
D0039,Cá bóng cát kho tộ,D0049,Cá lóc biển hồ Cambodia chiên giòn,0.8714,5,cùng cụm K-Means; cùng danh mục; trùng từ khóa món; mức giá gần nhau,C2 - Cụm 2: Món mặn đưa cơm,C2 - Cụm 2: Món mặn đưa cơm
D0039,Cá bóng cát kho tộ,D0055,Cá linh chiên giòn,0.8544,6,cùng cụm K-Means; cùng danh mục; trùng từ khóa món,C2 - Cụm 2: Món mặn đưa cơm,C2 - Cụm 2: Món mặn đưa cơm
D0039,Cá bóng cát kho tộ,D0036,Cá kho làng Vũ Đại,0.8542,7,cùng cụm K-Means; cùng danh mục; trùng từ khóa món; mức giá gần nhau,C2 - Cụm 2: Món mặn đưa cơm,C2 - Cụm 2: Món mặn đưa cơm
D0039,Cá bóng cát kho tộ,D0037,Cá ngừ đại dương: Sốt cà/ Kho thơm/ Lúc lắc,0.8381,8,cùng cụm K-Means; cùng danh mục; trùng từ khóa món; mức giá gần nhau,C2 - Cụm 2: Món mặn đưa cơm,C2 - Cụm 2: Món mặn đưa cơm
D0050,Cá bông lau kho tộ,D0052,Cá lăng sông kho tộ,0.9733,1,cùng cụm K-Means; cùng danh mục; trùng từ khóa món; mức giá gần nhau,C2 - Cụm 2: Món mặn đưa cơm,C2 - Cụm 2: Món mặn đưa cơm
D0050,Cá bông lau kho tộ,D0036,Cá kho làng Vũ Đại,0.9104,2,cùng cụm K-Means; cùng danh mục; trùng từ khóa món; mức giá gần nhau,C2 - Cụm 2: Món mặn đưa cơm,C2 - Cụm 2: Món mặn đưa cơm
D0050,Cá bông lau kho tộ,D0042,Cá thu: Kho tộ/ Sốt cà chua,0.8714,3,cùng cụm K-Means; cùng danh mục; trùng từ khóa món; mức giá gần nhau,C2 - Cụm 2: Món mặn đưa cơm,C2 - Cụm 2: Món mặn đưa cơm
D0050,Cá bông lau kho tộ,D0046,Cá dứa biển kho tộ,0.864,4,cùng cụm K-Means; cùng danh mục; trùng từ khóa món; mức giá gần nhau,C2 - Cụm 2: Món mặn đưa cơm,C2 - Cụm 2: Món mặn đưa cơm
D0050,Cá bông lau kho tộ,D0047,Khô cá cơm rim ba rọi,0.8448,5,cùng cụm K-Means; cùng danh mục; trùng từ khóa món; mức giá gần nhau,C2 - Cụm 2: Món mặn đưa cơm,C2 - Cụm 2: Món mặn đưa cơm
D0050,Cá bông lau kho tộ,D0039,Cá bóng cát kho tộ,0.8312,6,cùng cụm K-Means; cùng danh mục; trùng từ khóa món; mức giá gần nhau,C2 - Cụm 2: Món mặn đưa cơm,C2 - Cụm 2: Món mặn đưa cơm
D0050,Cá bông lau kho tộ,D0045,Cá bớp kho tộ,0.8312,7,cùng cụm K-Means; cùng danh mục; trùng từ khóa món; mức giá gần nhau,C2 - Cụm 2: Món mặn đưa cơm,C2 - Cụm 2: Món mặn đưa cơm
D0050,Cá bông lau kho tộ,D0038,Cá diếc: Kho tương bần/ chiên giòn,0.8312,8,cùng cụm K-Means; cùng danh mục; trùng từ khóa món; mức giá gần nhau,C2 - Cụm 2: Món mặn đưa cơm,C2 - Cụm 2: Món mặn đưa cơm
D0045,Cá bớp kho tộ,D0039,Cá bóng cát kho tộ,1.0,1,cùng cụm K-Means; cùng danh mục; trùng từ khóa món; mức giá gần nhau,C2 - Cụm 2: Món mặn đưa cơm,C2 - Cụm 2: Món mặn đưa cơm
D0045,Cá bớp kho tộ,D0054,Khô cá lóc Cambodia,0.9357,2,cùng cụm K-Means; cùng danh mục; trùng từ khóa món; mức giá gần nhau,C2 - Cụm 2: Món mặn đưa cơm,C2 - Cụm 2: Món mặn đưa cơm
D0045,Cá bớp kho tộ,D0046,Cá dứa biển kho tộ,0.9122,3,cùng cụm K-Means; cùng danh mục; trùng từ khóa món; mức giá gần nhau,C2 - Cụm 2: Món mặn đưa cơm,C2 - Cụm 2: Món mặn đưa cơm
D0045,Cá bớp kho tộ,D0043,Cá mú nghệ: Chưng tương/ Kho tộ/ Sốt cà chua,0.8829,4,cùng cụm K-Means; cùng danh mục; trùng từ khóa món; mức giá gần nhau,C2 - Cụm 2: Món mặn đưa cơm,C2 - Cụm 2: Món mặn đưa cơm
D0045,Cá bớp kho tộ,D0049,Cá lóc biển hồ Cambodia chiên giòn,0.8714,5,cùng cụm K-Means; cùng danh mục; trùng từ khóa món; mức giá gần nhau,C2 - Cụm 2: Món mặn đưa cơm,C2 - Cụm 2: Món mặn đưa cơm
D0045,Cá bớp kho tộ,D0055,Cá linh chiên giòn,0.8544,6,cùng cụm K-Means; cùng danh mục; trùng từ khóa món,C2 - Cụm 2: Món mặn đưa cơm,C2 - Cụm 2: Món mặn đưa cơm
D0045,Cá bớp kho tộ,D0036,Cá kho làng Vũ Đại,0.8542,7,cùng cụm K-Means; cùng danh mục; trùng từ khóa món; mức giá gần nhau,C2 - Cụm 2: Món mặn đưa cơm,C2 - Cụm 2: Món mặn đưa cơm
D0045,Cá bớp kho tộ,D0037,Cá ngừ đại dương: Sốt cà/ Kho thơm/ Lúc lắc,0.8381,8,cùng cụm K-Means; cùng danh mục; trùng từ khóa món; mức giá gần nhau,C2 - Cụm 2: Món mặn đưa cơm,C2 - Cụm 2: Món mặn đưa cơm
D0038,Cá diếc: Kho tương bần/ chiên giòn,D0050,Cá bông lau kho tộ,0.8312,1,cùng cụm K-Means; cùng danh mục; trùng từ khóa món; mức giá gần nhau,C2 - Cụm 2: Món mặn đưa cơm,C2 - Cụm 2: Món mặn đưa cơm
D0038,Cá diếc: Kho tương bần/ chiên giòn,D0054,Khô cá lóc Cambodia,0.8312,2,cùng cụm K-Means; cùng danh mục; trùng từ khóa món; mức giá gần nhau,C2 - Cụm 2: Món mặn đưa cơm,C2 - Cụm 2: Món mặn đưa cơm
D0038,Cá diếc: Kho tương bần/ chiên giòn,D0046,Cá dứa biển kho tộ,0.8077,3,cùng cụm K-Means; cùng danh mục; trùng từ khóa món; mức giá gần nhau,C2 - Cụm 2: Món mặn đưa cơm,C2 - Cụm 2: Món mặn đưa cơm
D0038,Cá diếc: Kho tương bần/ chiên giòn,D0042,Cá thu: Kho tộ/ Sốt cà chua,0.8071,4,cùng cụm K-Means; cùng danh mục; trùng từ khóa món; mức giá gần nhau,C2 - Cụm 2: Món mặn đưa cơm,C2 - Cụm 2: Món mặn đưa cơm
D0038,Cá diếc: Kho tương bần/ chiên giòn,D0052,Cá lăng sông kho tộ,0.8046,5,cùng cụm K-Means; cùng danh mục; trùng từ khóa món; mức giá gần nhau,C2 - Cụm 2: Món mặn đưa cơm,C2 - Cụm 2: Món mặn đưa cơm
D0038,Cá diếc: Kho tương bần/ chiên giòn,D0047,Khô cá cơm rim ba rọi,0.7805,6,cùng cụm K-Means; cùng danh mục; trùng từ khóa món; mức giá gần nhau,C2 - Cụm 2: Món mặn đưa cơm,C2 - Cụm 2: Món mặn đưa cơm
D0038,Cá diếc: Kho tương bần/ chiên giòn,D0039,Cá bóng cát kho tộ,0.775,7,cùng cụm K-Means; cùng danh mục; trùng từ khóa món; mức giá gần nhau,C2 - Cụm 2: Món mặn đưa cơm,C2 - Cụm 2: Món mặn đưa cơm
D0038,Cá diếc: Kho tương bần/ chiên giòn,D0045,Cá bớp kho tộ,0.775,8,cùng cụm K-Means; cùng danh mục; trùng từ khóa món; mức giá gần nhau,C2 - Cụm 2: Món mặn đưa cơm,C2 - Cụm 2: Món mặn đưa cơm
D0053,Cá dứa 1 nắng Cần Giờ: Chiên/ Sốt cà,D0044,Cá hồng biển Phú Quý: Kho tộ/ Sốt cà chua,0.8889,1,cùng cụm K-Means; cùng danh mục; trùng từ khóa món; mức giá gần nhau,C2 - Cụm 2: Món mặn đưa cơm,C2 - Cụm 2: Món mặn đưa cơm
D0053,Cá dứa 1 nắng Cần Giờ: Chiên/ Sốt cà,D0043,Cá mú nghệ: Chưng tương/ Kho tộ/ Sốt cà chua,0.85,2,cùng cụm K-Means; cùng danh mục; trùng từ khóa món; mức giá gần nhau,C2 - Cụm 2: Món mặn đưa cơm,C2 - Cụm 2: Món mặn đưa cơm
D0053,Cá dứa 1 nắng Cần Giờ: Chiên/ Sốt cà,D0054,Khô cá lóc Cambodia,0.8293,3,cùng cụm K-Means; cùng danh mục; trùng từ khóa món; mức giá gần nhau,C2 - Cụm 2: Món mặn đưa cơm,C2 - Cụm 2: Món mặn đưa cơm
D0053,Cá dứa 1 nắng Cần Giờ: Chiên/ Sốt cà,D0037,Cá ngừ đại dương: Sốt cà/ Kho thơm/ Lúc lắc,0.7966,4,cùng cụm K-Means; cùng danh mục; trùng từ khóa món; mức giá gần nhau,C2 - Cụm 2: Món mặn đưa cơm,C2 - Cụm 2: Món mặn đưa cơm
D0053,Cá dứa 1 nắng Cần Giờ: Chiên/ Sốt cà,D0055,Cá linh chiên giòn,0.7651,5,cùng cụm K-Means; cùng danh mục; trùng từ khóa món,C2 - Cụm 2: Món mặn đưa cơm,C2 - Cụm 2: Món mặn đưa cơm
D0053,Cá dứa 1 nắng Cần Giờ: Chiên/ Sốt cà,D0039,Cá bóng cát kho tộ,0.765,6,cùng cụm K-Means; cùng danh mục; trùng từ khóa món; mức giá gần nhau,C2 - Cụm 2: Món mặn đưa cơm,C2 - Cụm 2: Món mặn đưa cơm
D0053,Cá dứa 1 nắng Cần Giờ: Chiên/ Sốt cà,D0045,Cá bớp kho tộ,0.765,7,cùng cụm K-Means; cùng danh mục; trùng từ khóa món; mức giá gần nhau,C2 - Cụm 2: Món mặn đưa cơm,C2 - Cụm 2: Món mặn đưa cơm
D0053,Cá dứa 1 nắng Cần Giờ: Chiên/ Sốt cà,D0038,Cá diếc: Kho tương bần/ chiên giòn,0.765,8,cùng cụm K-Means; cùng danh mục; trùng từ khóa món; mức giá gần nhau,C2 - Cụm 2: Món mặn đưa cơm,C2 - Cụm 2: Món mặn đưa cơm
D0046,Cá dứa biển kho tộ,D0036,Cá kho làng Vũ Đại,0.9326,1,cùng cụm K-Means; cùng danh mục; trùng từ khóa món; mức giá gần nhau,C2 - Cụm 2: Món mặn đưa cơm,C2 - Cụm 2: Món mặn đưa cơm
D0046,Cá dứa biển kho tộ,D0039,Cá bóng cát kho tộ,0.9122,2,cùng cụm K-Means; cùng danh mục; trùng từ khóa món; mức giá gần nhau,C2 - Cụm 2: Món mặn đưa cơm,C2 - Cụm 2: Món mặn đưa cơm
D0046,Cá dứa biển kho tộ,D0045,Cá bớp kho tộ,0.9122,3,cùng cụm K-Means; cùng danh mục; trùng từ khóa món; mức giá gần nhau,C2 - Cụm 2: Món mặn đưa cơm,C2 - Cụm 2: Món mặn đưa cơm
D0046,Cá dứa biển kho tộ,D0050,Cá bông lau kho tộ,0.864,4,cùng cụm K-Means; cùng danh mục; trùng từ khóa món; mức giá gần nhau,C2 - Cụm 2: Món mặn đưa cơm,C2 - Cụm 2: Món mặn đưa cơm
D0046,Cá dứa biển kho tộ,D0054,Khô cá lóc Cambodia,0.864,5,cùng cụm K-Means; cùng danh mục; trùng từ khóa món; mức giá gần nhau,C2 - Cụm 2: Món mặn đưa cơm,C2 - Cụm 2: Món mặn đưa cơm
D0046,Cá dứa biển kho tộ,D0043,Cá mú nghệ: Chưng tương/ Kho tộ/ Sốt cà chua,0.8504,6,cùng cụm K-Means; cùng danh mục; trùng từ khóa món; mức giá gần nhau,C2 - Cụm 2: Món mặn đưa cơm,C2 - Cụm 2: Món mặn đưa cơm
D0046,Cá dứa biển kho tộ,D0042,Cá thu: Kho tộ/ Sốt cà chua,0.8479,7,cùng cụm K-Means; cùng danh mục; trùng từ khóa món; mức giá gần nhau,C2 - Cụm 2: Món mặn đưa cơm,C2 - Cụm 2: Món mặn đưa cơm
D0046,Cá dứa biển kho tộ,D0052,Cá lăng sông kho tộ,0.8404,8,cùng cụm K-Means; cùng danh mục; trùng từ khóa món; mức giá gần nhau,C2 - Cụm 2: Món mặn đưa cơm,C2 - Cụm 2: Món mặn đưa cơm
D0040,Cá gáy Phú Quý: Kho tộ/ Chưng tương,D0048,Khô cá cơm cháy tỏi,0.7375,1,cùng cụm K-Means; cùng danh mục; trùng từ khóa món; mức giá gần nhau,C2 - Cụm 2: Món mặn đưa cơm,C2 - Cụm 2: Món mặn đưa cơm
D0040,Cá gáy Phú Quý: Kho tộ/ Chưng tương,D0041,Cá mú đỏ: Sốt cà/ Kho tộ/ Chưng tương,0.6684,2,cùng cụm K-Means; cùng danh mục; trùng từ khóa món; mức giá gần nhau,C2 - Cụm 2: Món mặn đưa cơm,C2 - Cụm 2: Món mặn đưa cơm
D0040,Cá gáy Phú Quý: Kho tộ/ Chưng tương,D0044,Cá hồng biển Phú Quý: Kho tộ/ Sốt cà chua,0.6507,3,cùng cụm K-Means; cùng danh mục; trùng từ khóa món; mức giá gần nhau,C2 - Cụm 2: Món mặn đưa cơm,C2 - Cụm 2: Món mặn đưa cơm
D0040,Cá gáy Phú Quý: Kho tộ/ Chưng tương,D0051,Cá thác lác chiên thì là,0.6375,4,cùng cụm K-Means; cùng danh mục; trùng từ khóa món; mức giá gần nhau,C2 - Cụm 2: Món mặn đưa cơm,C2 - Cụm 2: Món mặn đưa cơm
D0040,Cá gáy Phú Quý: Kho tộ/ Chưng tương,D0023,Ốc om chuối đậu,0.6375,5,trùng từ khóa món; mức giá gần nhau,C2 - Cụm 2: Món mặn đưa cơm,C3 - Cụm 3: Món thanh mát (rau/canh)
D0040,Cá gáy Phú Quý: Kho tộ/ Chưng tương,D0042,Cá thu: Kho tộ/ Sốt cà chua,0.6275,6,cùng cụm K-Means; cùng danh mục; trùng từ khóa món; mức giá gần nhau,C2 - Cụm 2: Món mặn đưa cơm,C2 - Cụm 2: Món mặn đưa cơm
D0040,Cá gáy Phú Quý: Kho tộ/ Chưng tương,D0039,Cá bóng cát kho tộ,0.6125,7,cùng cụm K-Means; cùng danh mục; trùng từ khóa món; mức giá gần nhau,C2 - Cụm 2: Món mặn đưa cơm,C2 - Cụm 2: Món mặn đưa cơm
D0040,Cá gáy Phú Quý: Kho tộ/ Chưng tương,D0045,Cá bớp kho tộ,0.6125,8,cùng cụm K-Means; cùng danh mục; trùng từ khóa món; mức giá gần nhau,C2 - Cụm 2: Món mặn đưa cơm,C2 - Cụm 2: Món mặn đưa cơm
D0044,Cá hồng biển Phú Quý: Kho tộ/ Sốt cà chua,D0053,Cá dứa 1 nắng Cần Giờ: Chiên/ Sốt cà,0.8889,1,cùng cụm K-Means; cùng danh mục; trùng từ khóa món; mức giá gần nhau,C2 - Cụm 2: Món mặn đưa cơm,C2 - Cụm 2: Món mặn đưa cơm
D0044,Cá hồng biển Phú Quý: Kho tộ/ Sốt cà chua,D0037,Cá ngừ đại dương: Sốt cà/ Kho thơm/ Lúc lắc,0.8389,2,cùng cụm K-Means; cùng danh mục; trùng từ khóa món; mức giá gần nhau,C2 - Cụm 2: Món mặn đưa cơm,C2 - Cụm 2: Món mặn đưa cơm
D0044,Cá hồng biển Phú Quý: Kho tộ/ Sốt cà chua,D0049,Cá lóc biển hồ Cambodia chiên giòn,0.8265,3,cùng cụm K-Means; cùng danh mục; trùng từ khóa món; mức giá gần nhau,C2 - Cụm 2: Món mặn đưa cơm,C2 - Cụm 2: Món mặn đưa cơm
D0044,Cá hồng biển Phú Quý: Kho tộ/ Sốt cà chua,D0051,Cá thác lác chiên thì là,0.7847,4,cùng cụm K-Means; cùng danh mục; trùng từ khóa món; mức giá gần nhau,C2 - Cụm 2: Món mặn đưa cơm,C2 - Cụm 2: Món mặn đưa cơm
D0044,Cá hồng biển Phú Quý: Kho tộ/ Sốt cà chua,D0054,Khô cá lóc Cambodia,0.7836,5,cùng cụm K-Means; cùng danh mục; trùng từ khóa món; mức giá gần nhau,C2 - Cụm 2: Món mặn đưa cơm,C2 - Cụm 2: Món mặn đưa cơm
D0044,Cá hồng biển Phú Quý: Kho tộ/ Sốt cà chua,D0043,Cá mú nghệ: Chưng tương/ Kho tộ/ Sốt cà chua,0.7539,6,cùng cụm K-Means; cùng danh mục; trùng từ khóa món; mức giá gần nhau,C2 - Cụm 2: Món mặn đưa cơm,C2 - Cụm 2: Món mặn đưa cơm
D0044,Cá hồng biển Phú Quý: Kho tộ/ Sốt cà chua,D0042,Cá thu: Kho tộ/ Sốt cà chua,0.7515,7,cùng cụm K-Means; cùng danh mục; trùng từ khóa món; mức giá gần nhau,C2 - Cụm 2: Món mặn đưa cơm,C2 - Cụm 2: Món mặn đưa cơm
D0044,Cá hồng biển Phú Quý: Kho tộ/ Sốt cà chua,D0047,Khô cá cơm rim ba rọi,0.7279,8,cùng cụm K-Means; cùng danh mục; trùng từ khóa món; mức giá gần nhau,C2 - Cụm 2: Món mặn đưa cơm,C2 - Cụm 2: Món mặn đưa cơm
D0036,Cá kho làng Vũ Đại,D0046,Cá dứa biển kho tộ,0.9326,1,cùng cụm K-Means; cùng danh mục; trùng từ khóa món; mức giá gần nhau,C2 - Cụm 2: Món mặn đưa cơm,C2 - Cụm 2: Món mặn đưa cơm
D0036,Cá kho làng Vũ Đại,D0050,Cá bông lau kho tộ,0.9104,2,cùng cụm K-Means; cùng danh mục; trùng từ khóa món; mức giá gần nhau,C2 - Cụm 2: Món mặn đưa cơm,C2 - Cụm 2: Món mặn đưa cơm
D0036,Cá kho làng Vũ Đại,D0052,Cá lăng sông kho tộ,0.8882,3,cùng cụm K-Means; cùng danh mục; trùng từ khóa món,C2 - Cụm 2: Món mặn đưa cơm,C2 - Cụm 2: Món mặn đưa cơm
D0036,Cá kho làng Vũ Đại,D0039,Cá bóng cát kho tộ,0.8542,4,cùng cụm K-Means; cùng danh mục; trùng từ khóa món; mức giá gần nhau,C2 - Cụm 2: Món mặn đưa cơm,C2 - Cụm 2: Món mặn đưa cơm
D0036,Cá kho làng Vũ Đại,D0045,Cá bớp kho tộ,0.8542,5,cùng cụm K-Means; cùng danh mục; trùng từ khóa món; mức giá gần nhau,C2 - Cụm 2: Món mặn đưa cơm,C2 - Cụm 2: Món mặn đưa cơm
D0036,Cá kho làng Vũ Đại,D0043,Cá mú nghệ: Chưng tương/ Kho tộ/ Sốt cà chua,0.8207,6,cùng cụm K-Means; cùng danh mục; trùng từ khóa món; mức giá gần nhau,C2 - Cụm 2: Món mặn đưa cơm,C2 - Cụm 2: Món mặn đưa cơm
D0036,Cá kho làng Vũ Đại,D0054,Khô cá lóc Cambodia,0.8167,7,cùng cụm K-Means; cùng danh mục; trùng từ khóa món; mức giá gần nhau,C2 - Cụm 2: Món mặn đưa cơm,C2 - Cụm 2: Món mặn đưa cơm
D0036,Cá kho làng Vũ Đại,D0037,Cá ngừ đại dương: Sốt cà/ Kho thơm/ Lúc lắc,0.8,8,cùng cụm K-Means; cùng danh mục; trùng từ khóa món; mức giá gần nhau,C2 - Cụm 2: Món mặn đưa cơm,C2 - Cụm 2: Món mặn đưa cơm
D0052,Cá lăng sông kho tộ,D0050,Cá bông lau kho tộ,0.9733,1,cùng cụm K-Means; cùng danh mục; trùng từ khóa món; mức giá gần nhau,C2 - Cụm 2: Món mặn đưa cơm,C2 - Cụm 2: Món mặn đưa cơm
D0052,Cá lăng sông kho tộ,D0036,Cá kho làng Vũ Đại,0.8882,2,cùng cụm K-Means; cùng danh mục; trùng từ khóa món,C2 - Cụm 2: Món mặn đưa cơm,C2 - Cụm 2: Món mặn đưa cơm
D0052,Cá lăng sông kho tộ,D0047,Khô cá cơm rim ba rọi,0.8714,3,cùng cụm K-Means; cùng danh mục; trùng từ khóa món; mức giá gần nhau,C2 - Cụm 2: Món mặn đưa cơm,C2 - Cụm 2: Món mặn đưa cơm
D0052,Cá lăng sông kho tộ,D0042,Cá thu: Kho tộ/ Sốt cà chua,0.8448,4,cùng cụm K-Means; cùng danh mục; trùng từ khóa món; mức giá gần nhau,C2 - Cụm 2: Món mặn đưa cơm,C2 - Cụm 2: Món mặn đưa cơm
D0052,Cá lăng sông kho tộ,D0046,Cá dứa biển kho tộ,0.8404,5,cùng cụm K-Means; cùng danh mục; trùng từ khóa món; mức giá gần nhau,C2 - Cụm 2: Món mặn đưa cơm,C2 - Cụm 2: Món mặn đưa cơm
D0052,Cá lăng sông kho tộ,D0043,Cá mú nghệ: Chưng tương/ Kho tộ/ Sốt cà chua,0.8083,6,cùng cụm K-Means; cùng danh mục; trùng từ khóa món,C2 - Cụm 2: Món mặn đưa cơm,C2 - Cụm 2: Món mặn đưa cơm
D0052,Cá lăng sông kho tộ,D0039,Cá bóng cát kho tộ,0.8046,7,cùng cụm K-Means; cùng danh mục; trùng từ khóa món; mức giá gần nhau,C2 - Cụm 2: Món mặn đưa cơm,C2 - Cụm 2: Món mặn đưa cơm
D0052,Cá lăng sông kho tộ,D0045,Cá bớp kho tộ,0.8046,8,cùng cụm K-Means; cùng danh mục; trùng từ khóa món; mức giá gần nhau,C2 - Cụm 2: Món mặn đưa cơm,C2 - Cụm 2: Món mặn đưa cơm
D0055,Cá linh chiên giòn,D0054,Khô cá lóc Cambodia,0.9187,1,cùng cụm K-Means; cùng danh mục; trùng từ khóa món,C2 - Cụm 2: Món mặn đưa cơm,C2 - Cụm 2: Món mặn đưa cơm
D0055,Cá linh chiên giòn,D0039,Cá bóng cát kho tộ,0.8544,2,cùng cụm K-Means; cùng danh mục; trùng từ khóa món,C2 - Cụm 2: Món mặn đưa cơm,C2 - Cụm 2: Món mặn đưa cơm
D0055,Cá linh chiên giòn,D0045,Cá bớp kho tộ,0.8544,3,cùng cụm K-Means; cùng danh mục; trùng từ khóa món,C2 - Cụm 2: Món mặn đưa cơm,C2 - Cụm 2: Món mặn đưa cơm
D0055,Cá linh chiên giòn,D0049,Cá lóc biển hồ Cambodia chiên giòn,0.8544,4,cùng cụm K-Means; cùng danh mục; trùng từ khóa món,C2 - Cụm 2: Món mặn đưa cơm,C2 - Cụm 2: Món mặn đưa cơm
D0055,Cá linh chiên giòn,D0037,Cá ngừ đại dương: Sốt cà/ Kho thơm/ Lúc lắc,0.8346,5,cùng cụm K-Means; cùng danh mục; trùng từ khóa món,C2 - Cụm 2: Món mặn đưa cơm,C2 - Cụm 2: Món mặn đưa cơm
D0055,Cá linh chiên giòn,D0046,Cá dứa biển kho tộ,0.7922,6,cùng cụm K-Means; cùng danh mục; trùng từ khóa món,C2 - Cụm 2: Món mặn đưa cơm,C2 - Cụm 2: Món mặn đưa cơm
D0055,Cá linh chiên giòn,D0053,Cá dứa 1 nắng Cần Giờ: Chiên/ Sốt cà,0.7651,7,cùng cụm K-Means; cùng danh mục; trùng từ khóa món,C2 - Cụm 2: Món mặn đưa cơm,C2 - Cụm 2: Món mặn đưa cơm
D0055,Cá linh chiên giòn,D0043,Cá mú nghệ: Chưng tương/ Kho tộ/ Sốt cà chua,0.7651,8,cùng cụm K-Means; cùng danh mục; trùng từ khóa món,C2 - Cụm 2: Món mặn đưa cơm,C2 - Cụm 2: Món mặn đưa cơm
D0049,Cá lóc biển hồ Cambodia chiên giòn,D0037,Cá ngừ đại dương: Sốt cà/ Kho thơm/ Lúc lắc,0.9667,1,cùng cụm K-Means; cùng danh mục; trùng từ khóa món; mức giá gần nhau,C2 - Cụm 2: Món mặn đưa cơm,C2 - Cụm 2: Món mặn đưa cơm
D0049,Cá lóc biển hồ Cambodia chiên giòn,D0054,Khô cá lóc Cambodia,0.9357,2,cùng cụm K-Means; cùng danh mục; trùng từ khóa món; mức giá gần nhau,C2 - Cụm 2: Món mặn đưa cơm,C2 - Cụm 2: Món mặn đưa cơm
D0049,Cá lóc biển hồ Cambodia chiên giòn,D0039,Cá bóng cát kho tộ,0.8714,3,cùng cụm K-Means; cùng danh mục; trùng từ khóa món; mức giá gần nhau,C2 - Cụm 2: Món mặn đưa cơm,C2 - Cụm 2: Món mặn đưa cơm
D0049,Cá lóc biển hồ Cambodia chiên giòn,D0045,Cá bớp kho tộ,0.8714,4,cùng cụm K-Means; cùng danh mục; trùng từ khóa món; mức giá gần nhau,C2 - Cụm 2: Món mặn đưa cơm,C2 - Cụm 2: Món mặn đưa cơm
D0049,Cá lóc biển hồ Cambodia chiên giòn,D0055,Cá linh chiên giòn,0.8544,5,cùng cụm K-Means; cùng danh mục; trùng từ khóa món,C2 - Cụm 2: Món mặn đưa cơm,C2 - Cụm 2: Món mặn đưa cơm
D0049,Cá lóc biển hồ Cambodia chiên giòn,D0051,Cá thác lác chiên thì là,0.8367,6,cùng cụm K-Means; cùng danh mục; trùng từ khóa món; mức giá gần nhau,C2 - Cụm 2: Món mặn đưa cơm,C2 - Cụm 2: Món mặn đưa cơm
D0049,Cá lóc biển hồ Cambodia chiên giòn,D0044,Cá hồng biển Phú Quý: Kho tộ/ Sốt cà chua,0.8265,7,cùng cụm K-Means; cùng danh mục; trùng từ khóa món; mức giá gần nhau,C2 - Cụm 2: Món mặn đưa cơm,C2 - Cụm 2: Món mặn đưa cơm
D0049,Cá lóc biển hồ Cambodia chiên giòn,D0046,Cá dứa biển kho tộ,0.8077,8,cùng cụm K-Means; cùng danh mục; trùng từ khóa món; mức giá gần nhau,C2 - Cụm 2: Món mặn đưa cơm,C2 - Cụm 2: Món mặn đưa cơm
D0043,Cá mú nghệ: Chưng tương/ Kho tộ/ Sốt cà chua,D0039,Cá bóng cát kho tộ,0.8829,1,cùng cụm K-Means; cùng danh mục; trùng từ khóa món; mức giá gần nhau,C2 - Cụm 2: Món mặn đưa cơm,C2 - Cụm 2: Món mặn đưa cơm
D0043,Cá mú nghệ: Chưng tương/ Kho tộ/ Sốt cà chua,D0045,Cá bớp kho tộ,0.8829,2,cùng cụm K-Means; cùng danh mục; trùng từ khóa món; mức giá gần nhau,C2 - Cụm 2: Món mặn đưa cơm,C2 - Cụm 2: Món mặn đưa cơm
D0043,Cá mú nghệ: Chưng tương/ Kho tộ/ Sốt cà chua,D0046,Cá dứa biển kho tộ,0.8504,3,cùng cụm K-Means; cùng danh mục; trùng từ khóa món; mức giá gần nhau,C2 - Cụm 2: Món mặn đưa cơm,C2 - Cụm 2: Món mặn đưa cơm
D0043,Cá mú nghệ: Chưng tương/ Kho tộ/ Sốt cà chua,D0053,Cá dứa 1 nắng Cần Giờ: Chiên/ Sốt cà,0.85,4,cùng cụm K-Means; cùng danh mục; trùng từ khóa món; mức giá gần nhau,C2 - Cụm 2: Món mặn đưa cơm,C2 - Cụm 2: Món mặn đưa cơm
D0043,Cá mú nghệ: Chưng tương/ Kho tộ/ Sốt cà chua,D0050,Cá bông lau kho tộ,0.8293,5,cùng cụm K-Means; cùng danh mục; trùng từ khóa món; mức giá gần nhau,C2 - Cụm 2: Món mặn đưa cơm,C2 - Cụm 2: Món mặn đưa cơm
D0043,Cá mú nghệ: Chưng tương/ Kho tộ/ Sốt cà chua,D0054,Khô cá lóc Cambodia,0.8293,6,cùng cụm K-Means; cùng danh mục; trùng từ khóa món; mức giá gần nhau,C2 - Cụm 2: Món mặn đưa cơm,C2 - Cụm 2: Món mặn đưa cơm
D0043,Cá mú nghệ: Chưng tương/ Kho tộ/ Sốt cà chua,D0036,Cá kho làng Vũ Đại,0.8207,7,cùng cụm K-Means; cùng danh mục; trùng từ khóa món; mức giá gần nhau,C2 - Cụm 2: Món mặn đưa cơm,C2 - Cụm 2: Món mặn đưa cơm
D0043,Cá mú nghệ: Chưng tương/ Kho tộ/ Sốt cà chua,D0052,Cá lăng sông kho tộ,0.8083,8,cùng cụm K-Means; cùng danh mục; trùng từ khóa món,C2 - Cụm 2: Món mặn đưa cơm,C2 - Cụm 2: Món mặn đưa cơm
D0041,Cá mú đỏ: Sốt cà/ Kho tộ/ Chưng tương,D0044,Cá hồng biển Phú Quý: Kho tộ/ Sốt cà chua,0.7089,1,cùng cụm K-Means; cùng danh mục; trùng từ khóa món; mức giá gần nhau,C2 - Cụm 2: Món mặn đưa cơm,C2 - Cụm 2: Món mặn đưa cơm
D0041,Cá mú đỏ: Sốt cà/ Kho tộ/ Chưng tương,D0036,Cá kho làng Vũ Đại,0.7082,2,cùng cụm K-Means; cùng danh mục; trùng từ khóa món; mức giá gần nhau,C2 - Cụm 2: Món mặn đưa cơm,C2 - Cụm 2: Món mặn đưa cơm
D0041,Cá mú đỏ: Sốt cà/ Kho tộ/ Chưng tương,D0050,Cá bông lau kho tộ,0.7008,3,cùng cụm K-Means; cùng danh mục; trùng từ khóa món; mức giá gần nhau,C2 - Cụm 2: Món mặn đưa cơm,C2 - Cụm 2: Món mặn đưa cơm
D0041,Cá mú đỏ: Sốt cà/ Kho tộ/ Chưng tương,D0053,Cá dứa 1 nắng Cần Giờ: Chiên/ Sốt cà,0.7,4,cùng cụm K-Means; cùng danh mục; trùng từ khóa món; mức giá gần nhau,C2 - Cụm 2: Món mặn đưa cơm,C2 - Cụm 2: Món mặn đưa cơm
D0041,Cá mú đỏ: Sốt cà/ Kho tộ/ Chưng tương,D0043,Cá mú nghệ: Chưng tương/ Kho tộ/ Sốt cà chua,0.7,5,cùng cụm K-Means; cùng danh mục; trùng từ khóa món; mức giá gần nhau,C2 - Cụm 2: Món mặn đưa cơm,C2 - Cụm 2: Món mặn đưa cơm
D0041,Cá mú đỏ: Sốt cà/ Kho tộ/ Chưng tương,D0052,Cá lăng sông kho tộ,0.6797,6,cùng cụm K-Means; cùng danh mục; trùng từ khóa món,C2 - Cụm 2: Món mặn đưa cơm,C2 - Cụm 2: Món mặn đưa cơm
D0041,Cá mú đỏ: Sốt cà/ Kho tộ/ Chưng tương,D0040,Cá gáy Phú Quý: Kho tộ/ Chưng tương,0.6684,7,cùng cụm K-Means; cùng danh mục; trùng từ khóa món; mức giá gần nhau,C2 - Cụm 2: Món mặn đưa cơm,C2 - Cụm 2: Món mặn đưa cơm
D0041,Cá mú đỏ: Sốt cà/ Kho tộ/ Chưng tương,D0037,Cá ngừ đại dương: Sốt cà/ Kho thơm/ Lúc lắc,0.668,8,cùng cụm K-Means; cùng danh mục; trùng từ khóa món; mức giá gần nhau,C2 - Cụm 2: Món mặn đưa cơm,C2 - Cụm 2: Món mặn đưa cơm
D0037,Cá ngừ đại dương: Sốt cà/ Kho thơm/ Lúc lắc,D0049,Cá lóc biển hồ Cambodia chiên giòn,0.9667,1,cùng cụm K-Means; cùng danh mục; trùng từ khóa món; mức giá gần nhau,C2 - Cụm 2: Món mặn đưa cơm,C2 - Cụm 2: Món mặn đưa cơm
D0037,Cá ngừ đại dương: Sốt cà/ Kho thơm/ Lúc lắc,D0054,Khô cá lóc Cambodia,0.9024,2,cùng cụm K-Means; cùng danh mục; trùng từ khóa món; mức giá gần nhau,C2 - Cụm 2: Món mặn đưa cơm,C2 - Cụm 2: Món mặn đưa cơm
D0037,Cá ngừ đại dương: Sốt cà/ Kho thơm/ Lúc lắc,D0044,Cá hồng biển Phú Quý: Kho tộ/ Sốt cà chua,0.8389,3,cùng cụm K-Means; cùng danh mục; trùng từ khóa món; mức giá gần nhau,C2 - Cụm 2: Món mặn đưa cơm,C2 - Cụm 2: Món mặn đưa cơm
D0037,Cá ngừ đại dương: Sốt cà/ Kho thơm/ Lúc lắc,D0039,Cá bóng cát kho tộ,0.8381,4,cùng cụm K-Means; cùng danh mục; trùng từ khóa món; mức giá gần nhau,C2 - Cụm 2: Món mặn đưa cơm,C2 - Cụm 2: Món mặn đưa cơm
D0037,Cá ngừ đại dương: Sốt cà/ Kho thơm/ Lúc lắc,D0045,Cá bớp kho tộ,0.8381,5,cùng cụm K-Means; cùng danh mục; trùng từ khóa món; mức giá gần nhau,C2 - Cụm 2: Món mặn đưa cơm,C2 - Cụm 2: Món mặn đưa cơm
D0037,Cá ngừ đại dương: Sốt cà/ Kho thơm/ Lúc lắc,D0055,Cá linh chiên giòn,0.8346,6,cùng cụm K-Means; cùng danh mục; trùng từ khóa món,C2 - Cụm 2: Món mặn đưa cơm,C2 - Cụm 2: Món mặn đưa cơm
D0037,Cá ngừ đại dương: Sốt cà/ Kho thơm/ Lúc lắc,D0046,Cá dứa biển kho tộ,0.8201,7,cùng cụm K-Means; cùng danh mục; trùng từ khóa món; mức giá gần nhau,C2 - Cụm 2: Món mặn đưa cơm,C2 - Cụm 2: Món mặn đưa cơm
D0037,Cá ngừ đại dương: Sốt cà/ Kho thơm/ Lúc lắc,D0051,Cá thác lác chiên thì là,0.8056,8,cùng cụm K-Means; cùng danh mục; trùng từ khóa món; mức giá gần nhau,C2 - Cụm 2: Món mặn đưa cơm,C2 - Cụm 2: Món mặn đưa cơm
D0051,Cá thác lác chiên thì là,D0049,Cá lóc biển hồ Cambodia chiên giòn,0.8367,1,cùng cụm K-Means; cùng danh mục; trùng từ khóa món; mức giá gần nhau,C2 - Cụm 2: Món mặn đưa cơm,C2 - Cụm 2: Món mặn đưa cơm
D0051,Cá thác lác chiên thì là,D0037,Cá ngừ đại dương: Sốt cà/ Kho thơm/ Lúc lắc,0.8056,2,cùng cụm K-Means; cùng danh mục; trùng từ khóa món; mức giá gần nhau,C2 - Cụm 2: Món mặn đưa cơm,C2 - Cụm 2: Món mặn đưa cơm
D0051,Cá thác lác chiên thì là,D0054,Khô cá lóc Cambodia,0.7938,3,cùng cụm K-Means; cùng danh mục; trùng từ khóa món; mức giá gần nhau,C2 - Cụm 2: Món mặn đưa cơm,C2 - Cụm 2: Món mặn đưa cơm
D0051,Cá thác lác chiên thì là,D0044,Cá hồng biển Phú Quý: Kho tộ/ Sốt cà chua,0.7847,4,cùng cụm K-Means; cùng danh mục; trùng từ khóa món; mức giá gần nhau,C2 - Cụm 2: Món mặn đưa cơm,C2 - Cụm 2: Món mặn đưa cơm
D0051,Cá thác lác chiên thì là,D0042,Cá thu: Kho tộ/ Sốt cà chua,0.7617,5,cùng cụm K-Means; cùng danh mục; trùng từ khóa món; mức giá gần nhau,C2 - Cụm 2: Món mặn đưa cơm,C2 - Cụm 2: Món mặn đưa cơm
D0051,Cá thác lác chiên thì là,D0047,Khô cá cơm rim ba rọi,0.7607,6,cùng cụm K-Means; cùng danh mục; trùng từ khóa món; mức giá gần nhau,C2 - Cụm 2: Món mặn đưa cơm,C2 - Cụm 2: Món mặn đưa cơm
D0051,Cá thác lác chiên thì là,D0055,Cá linh chiên giòn,0.7343,7,cùng cụm K-Means; cùng danh mục; trùng từ khóa món,C2 - Cụm 2: Món mặn đưa cơm,C2 - Cụm 2: Món mặn đưa cơm
D0051,Cá thác lác chiên thì là,D0039,Cá bóng cát kho tộ,0.7295,8,cùng cụm K-Means; cùng danh mục; trùng từ khóa món; mức giá gần nhau,C2 - Cụm 2: Món mặn đưa cơm,C2 - Cụm 2: Món mặn đưa cơm
D0042,Cá thu: Kho tộ/ Sốt cà chua,D0047,Khô cá cơm rim ba rọi,0.9733,1,cùng cụm K-Means; cùng danh mục; trùng từ khóa món; mức giá gần nhau,C2 - Cụm 2: Món mặn đưa cơm,C2 - Cụm 2: Món mặn đưa cơm
D0042,Cá thu: Kho tộ/ Sốt cà chua,D0050,Cá bông lau kho tộ,0.8714,2,cùng cụm K-Means; cùng danh mục; trùng từ khóa món; mức giá gần nhau,C2 - Cụm 2: Món mặn đưa cơm,C2 - Cụm 2: Món mặn đưa cơm
D0042,Cá thu: Kho tộ/ Sốt cà chua,D0046,Cá dứa biển kho tộ,0.8479,3,cùng cụm K-Means; cùng danh mục; trùng từ khóa món; mức giá gần nhau,C2 - Cụm 2: Món mặn đưa cơm,C2 - Cụm 2: Món mặn đưa cơm
D0042,Cá thu: Kho tộ/ Sốt cà chua,D0052,Cá lăng sông kho tộ,0.8448,4,cùng cụm K-Means; cùng danh mục; trùng từ khóa món; mức giá gần nhau,C2 - Cụm 2: Món mặn đưa cơm,C2 - Cụm 2: Món mặn đưa cơm
D0042,Cá thu: Kho tộ/ Sốt cà chua,D0043,Cá mú nghệ: Chưng tương/ Kho tộ/ Sốt cà chua,0.8079,5,cùng cụm K-Means; cùng danh mục; trùng từ khóa món; mức giá gần nhau,C2 - Cụm 2: Món mặn đưa cơm,C2 - Cụm 2: Món mặn đưa cơm
D0042,Cá thu: Kho tộ/ Sốt cà chua,D0039,Cá bóng cát kho tộ,0.8071,6,cùng cụm K-Means; cùng danh mục; trùng từ khóa món; mức giá gần nhau,C2 - Cụm 2: Món mặn đưa cơm,C2 - Cụm 2: Món mặn đưa cơm
D0042,Cá thu: Kho tộ/ Sốt cà chua,D0045,Cá bớp kho tộ,0.8071,7,cùng cụm K-Means; cùng danh mục; trùng từ khóa món; mức giá gần nhau,C2 - Cụm 2: Món mặn đưa cơm,C2 - Cụm 2: Món mặn đưa cơm
D0042,Cá thu: Kho tộ/ Sốt cà chua,D0038,Cá diếc: Kho tương bần/ chiên giòn,0.8071,8,cùng cụm K-Means; cùng danh mục; trùng từ khóa món; mức giá gần nhau,C2 - Cụm 2: Món mặn đưa cơm,C2 - Cụm 2: Món mặn đưa cơm
D0048,Khô cá cơm cháy tỏi,D0040,Cá gáy Phú Quý: Kho tộ/ Chưng tương,0.7375,1,cùng cụm K-Means; cùng danh mục; trùng từ khóa món; mức giá gần nhau,C2 - Cụm 2: Món mặn đưa cơm,C2 - Cụm 2: Món mặn đưa cơm
D0048,Khô cá cơm cháy tỏi,D0052,Cá lăng sông kho tộ,0.6786,2,cùng cụm K-Means; cùng danh mục; trùng từ khóa món; mức giá gần nhau,C2 - Cụm 2: Món mặn đưa cơm,C2 - Cụm 2: Món mặn đưa cơm
D0048,Khô cá cơm cháy tỏi,D0039,Cá bóng cát kho tộ,0.6733,3,cùng cụm K-Means; cùng danh mục; trùng từ khóa món; mức giá gần nhau,C2 - Cụm 2: Món mặn đưa cơm,C2 - Cụm 2: Món mặn đưa cơm
D0048,Khô cá cơm cháy tỏi,D0045,Cá bớp kho tộ,0.6733,4,cùng cụm K-Means; cùng danh mục; trùng từ khóa món; mức giá gần nhau,C2 - Cụm 2: Món mặn đưa cơm,C2 - Cụm 2: Món mặn đưa cơm
D0048,Khô cá cơm cháy tỏi,D0038,Cá diếc: Kho tương bần/ chiên giòn,0.6733,5,cùng cụm K-Means; cùng danh mục; trùng từ khóa món; mức giá gần nhau,C2 - Cụm 2: Món mặn đưa cơm,C2 - Cụm 2: Món mặn đưa cơm
D0048,Khô cá cơm cháy tỏi,D0053,Cá dứa 1 nắng Cần Giờ: Chiên/ Sốt cà,0.6668,6,cùng cụm K-Means; cùng danh mục; trùng từ khóa món,C2 - Cụm 2: Món mặn đưa cơm,C2 - Cụm 2: Món mặn đưa cơm
D0048,Khô cá cơm cháy tỏi,D0043,Cá mú nghệ: Chưng tương/ Kho tộ/ Sốt cà chua,0.6668,7,cùng cụm K-Means; cùng danh mục; trùng từ khóa món,C2 - Cụm 2: Món mặn đưa cơm,C2 - Cụm 2: Món mặn đưa cơm
D0048,Khô cá cơm cháy tỏi,D0050,Cá bông lau kho tộ,0.6519,8,cùng cụm K-Means; cùng danh mục; trùng từ khóa món; mức giá gần nhau,C2 - Cụm 2: Món mặn đưa cơm,C2 - Cụm 2: Món mặn đưa cơm
D0047,Khô cá cơm rim ba rọi,D0042,Cá thu: Kho tộ/ Sốt cà chua,0.9733,1,cùng cụm K-Means; cùng danh mục; trùng từ khóa món; mức giá gần nhau,C2 - Cụm 2: Món mặn đưa cơm,C2 - Cụm 2: Món mặn đưa cơm
D0047,Khô cá cơm rim ba rọi,D0052,Cá lăng sông kho tộ,0.8714,2,cùng cụm K-Means; cùng danh mục; trùng từ khóa món; mức giá gần nhau,C2 - Cụm 2: Món mặn đưa cơm,C2 - Cụm 2: Món mặn đưa cơm
D0047,Khô cá cơm rim ba rọi,D0050,Cá bông lau kho tộ,0.8448,3,cùng cụm K-Means; cùng danh mục; trùng từ khóa món; mức giá gần nhau,C2 - Cụm 2: Món mặn đưa cơm,C2 - Cụm 2: Món mặn đưa cơm
D0047,Khô cá cơm rim ba rọi,D0046,Cá dứa biển kho tộ,0.8244,4,cùng cụm K-Means; cùng danh mục; trùng từ khóa món; mức giá gần nhau,C2 - Cụm 2: Món mặn đưa cơm,C2 - Cụm 2: Món mặn đưa cơm
D0047,Khô cá cơm rim ba rọi,D0043,Cá mú nghệ: Chưng tương/ Kho tộ/ Sốt cà chua,0.7868,5,cùng cụm K-Means; cùng danh mục; trùng từ khóa món,C2 - Cụm 2: Món mặn đưa cơm,C2 - Cụm 2: Món mặn đưa cơm
D0047,Khô cá cơm rim ba rọi,D0039,Cá bóng cát kho tộ,0.7805,6,cùng cụm K-Means; cùng danh mục; trùng từ khóa món; mức giá gần nhau,C2 - Cụm 2: Món mặn đưa cơm,C2 - Cụm 2: Món mặn đưa cơm
D0047,Khô cá cơm rim ba rọi,D0045,Cá bớp kho tộ,0.7805,7,cùng cụm K-Means; cùng danh mục; trùng từ khóa món; mức giá gần nhau,C2 - Cụm 2: Món mặn đưa cơm,C2 - Cụm 2: Món mặn đưa cơm
D0047,Khô cá cơm rim ba rọi,D0038,Cá diếc: Kho tương bần/ chiên giòn,0.7805,8,cùng cụm K-Means; cùng danh mục; trùng từ khóa món; mức giá gần nhau,C2 - Cụm 2: Món mặn đưa cơm,C2 - Cụm 2: Món mặn đưa cơm
D0054,Khô cá lóc Cambodia,D0039,Cá bóng cát kho tộ,0.9357,1,cùng cụm K-Means; cùng danh mục; trùng từ khóa món; mức giá gần nhau,C2 - Cụm 2: Món mặn đưa cơm,C2 - Cụm 2: Món mặn đưa cơm
D0054,Khô cá lóc Cambodia,D0045,Cá bớp kho tộ,0.9357,2,cùng cụm K-Means; cùng danh mục; trùng từ khóa món; mức giá gần nhau,C2 - Cụm 2: Món mặn đưa cơm,C2 - Cụm 2: Món mặn đưa cơm
D0054,Khô cá lóc Cambodia,D0049,Cá lóc biển hồ Cambodia chiên giòn,0.9357,3,cùng cụm K-Means; cùng danh mục; trùng từ khóa món; mức giá gần nhau,C2 - Cụm 2: Món mặn đưa cơm,C2 - Cụm 2: Món mặn đưa cơm
D0054,Khô cá lóc Cambodia,D0055,Cá linh chiên giòn,0.9187,4,cùng cụm K-Means; cùng danh mục; trùng từ khóa món,C2 - Cụm 2: Món mặn đưa cơm,C2 - Cụm 2: Món mặn đưa cơm
D0054,Khô cá lóc Cambodia,D0037,Cá ngừ đại dương: Sốt cà/ Kho thơm/ Lúc lắc,0.9024,5,cùng cụm K-Means; cùng danh mục; trùng từ khóa món; mức giá gần nhau,C2 - Cụm 2: Món mặn đưa cơm,C2 - Cụm 2: Món mặn đưa cơm
D0054,Khô cá lóc Cambodia,D0046,Cá dứa biển kho tộ,0.864,6,cùng cụm K-Means; cùng danh mục; trùng từ khóa món; mức giá gần nhau,C2 - Cụm 2: Món mặn đưa cơm,C2 - Cụm 2: Món mặn đưa cơm
D0054,Khô cá lóc Cambodia,D0038,Cá diếc: Kho tương bần/ chiên giòn,0.8312,7,cùng cụm K-Means; cùng danh mục; trùng từ khóa món; mức giá gần nhau,C2 - Cụm 2: Món mặn đưa cơm,C2 - Cụm 2: Món mặn đưa cơm
D0054,Khô cá lóc Cambodia,D0053,Cá dứa 1 nắng Cần Giờ: Chiên/ Sốt cà,0.8293,8,cùng cụm K-Means; cùng danh mục; trùng từ khóa món; mức giá gần nhau,C2 - Cụm 2: Món mặn đưa cơm,C2 - Cụm 2: Món mặn đưa cơm
D0018,Canh cá nấu riêu,D0019,Canh hến thì là,0.9467,1,cùng cụm K-Means; cùng danh mục; trùng từ khóa món,C3 - Cụm 3: Món thanh mát (rau/canh),C3 - Cụm 3: Món thanh mát (rau/canh)
D0018,Canh cá nấu riêu,D0017,Canh khổ qua chả cá thác lác,0.9117,2,cùng cụm K-Means; cùng danh mục; trùng từ khóa món; mức giá gần nhau,C3 - Cụm 3: Món thanh mát (rau/canh),C3 - Cụm 3: Món thanh mát (rau/canh)
D0018,Canh cá nấu riêu,D0024,Canh sườn non cải chua,0.9117,3,cùng cụm K-Means; cùng danh mục; trùng từ khóa món; mức giá gần nhau,C3 - Cụm 3: Món thanh mát (rau/canh),C3 - Cụm 3: Món thanh mát (rau/canh)
D0018,Canh cá nấu riêu,D0013,Canh chua cá bớp,0.8589,4,cùng cụm K-Means; cùng danh mục; trùng từ khóa món; mức giá gần nhau,C3 - Cụm 3: Món thanh mát (rau/canh),C3 - Cụm 3: Món thanh mát (rau/canh)
D0018,Canh cá nấu riêu,D0022,Canh chua cá lăng,0.8581,5,cùng cụm K-Means; cùng danh mục; trùng từ khóa món; mức giá gần nhau,C3 - Cụm 3: Món thanh mát (rau/canh),C3 - Cụm 3: Món thanh mát (rau/canh)
D0018,Canh cá nấu riêu,D0020,Canh sườn nấu sấu,0.8581,6,cùng cụm K-Means; cùng danh mục; trùng từ khóa món; mức giá gần nhau,C3 - Cụm 3: Món thanh mát (rau/canh),C3 - Cụm 3: Món thanh mát (rau/canh)
D0018,Canh cá nấu riêu,D0014,Canh chua cá dứa,0.8479,7,cùng cụm K-Means; cùng danh mục; trùng từ khóa món; mức giá gần nhau,C3 - Cụm 3: Món thanh mát (rau/canh),C3 - Cụm 3: Món thanh mát (rau/canh)
D0018,Canh cá nấu riêu,D0021,Canh tép nấu bầu,0.8437,8,cùng cụm K-Means; cùng danh mục; trùng từ khóa món,C3 - Cụm 3: Món thanh mát (rau/canh),C3 - Cụm 3: Món thanh mát (rau/canh)
D0012,Canh chua cá bông lau,D0013,Canh chua cá bớp,0.9232,1,cùng cụm K-Means; cùng danh mục; trùng từ khóa món; mức giá gần nhau,C3 - Cụm 3: Món thanh mát (rau/canh),C3 - Cụm 3: Món thanh mát (rau/canh)
D0012,Canh chua cá bông lau,D0022,Canh chua cá lăng,0.9224,2,cùng cụm K-Means; cùng danh mục; trùng từ khóa món; mức giá gần nhau,C3 - Cụm 3: Món thanh mát (rau/canh),C3 - Cụm 3: Món thanh mát (rau/canh)
D0012,Canh chua cá bông lau,D0020,Canh sườn nấu sấu,0.9224,3,cùng cụm K-Means; cùng danh mục; trùng từ khóa món; mức giá gần nhau,C3 - Cụm 3: Món thanh mát (rau/canh),C3 - Cụm 3: Món thanh mát (rau/canh)
D0012,Canh chua cá bông lau,D0014,Canh chua cá dứa,0.9122,4,cùng cụm K-Means; cùng danh mục; trùng từ khóa món; mức giá gần nhau,C3 - Cụm 3: Món thanh mát (rau/canh),C3 - Cụm 3: Món thanh mát (rau/canh)
D0012,Canh chua cá bông lau,D0015,Canh chua cá mú nghệ,0.8936,5,cùng cụm K-Means; cùng danh mục; trùng từ khóa món; mức giá gần nhau,C3 - Cụm 3: Món thanh mát (rau/canh),C3 - Cụm 3: Món thanh mát (rau/canh)
D0012,Canh chua cá bông lau,D0011,Canh chua cá mú đỏ,0.8936,6,cùng cụm K-Means; cùng danh mục; trùng từ khóa món; mức giá gần nhau,C3 - Cụm 3: Món thanh mát (rau/canh),C3 - Cụm 3: Món thanh mát (rau/canh)
D0012,Canh chua cá bông lau,D0010,Canh chua + cà pháo,0.8824,7,cùng cụm K-Means; cùng danh mục; trùng từ khóa món,C3 - Cụm 3: Món thanh mát (rau/canh),C3 - Cụm 3: Món thanh mát (rau/canh)
D0012,Canh chua cá bông lau,D0016,Canh gà lá giang,0.8581,8,cùng cụm K-Means; cùng danh mục; trùng từ khóa món; mức giá gần nhau,C3 - Cụm 3: Món thanh mát (rau/canh),C3 - Cụm 3: Món thanh mát (rau/canh)
D0013,Canh chua cá bớp,D0014,Canh chua cá dứa,0.9882,1,cùng cụm K-Means; cùng danh mục; trùng từ khóa món; mức giá gần nhau,C3 - Cụm 3: Món thanh mát (rau/canh),C3 - Cụm 3: Món thanh mát (rau/canh)
D0013,Canh chua cá bớp,D0022,Canh chua cá lăng,0.975,2,cùng cụm K-Means; cùng danh mục; trùng từ khóa món; mức giá gần nhau,C3 - Cụm 3: Món thanh mát (rau/canh),C3 - Cụm 3: Món thanh mát (rau/canh)
D0013,Canh chua cá bớp,D0020,Canh sườn nấu sấu,0.975,3,cùng cụm K-Means; cùng danh mục; trùng từ khóa món; mức giá gần nhau,C3 - Cụm 3: Món thanh mát (rau/canh),C3 - Cụm 3: Món thanh mát (rau/canh)
D0013,Canh chua cá bớp,D0015,Canh chua cá mú nghệ,0.9684,4,cùng cụm K-Means; cùng danh mục; trùng từ khóa món; mức giá gần nhau,C3 - Cụm 3: Món thanh mát (rau/canh),C3 - Cụm 3: Món thanh mát (rau/canh)
D0013,Canh chua cá bớp,D0011,Canh chua cá mú đỏ,0.9684,5,cùng cụm K-Means; cùng danh mục; trùng từ khóa món; mức giá gần nhau,C3 - Cụm 3: Món thanh mát (rau/canh),C3 - Cụm 3: Món thanh mát (rau/canh)
D0013,Canh chua cá bớp,D0010,Canh chua + cà pháo,0.9375,6,cùng cụm K-Means; cùng danh mục; trùng từ khóa món,C3 - Cụm 3: Món thanh mát (rau/canh),C3 - Cụm 3: Món thanh mát (rau/canh)
D0013,Canh chua cá bớp,D0012,Canh chua cá bông lau,0.9232,7,cùng cụm K-Means; cùng danh mục; trùng từ khóa món; mức giá gần nhau,C3 - Cụm 3: Món thanh mát (rau/canh),C3 - Cụm 3: Món thanh mát (rau/canh)
D0013,Canh chua cá bớp,D0016,Canh gà lá giang,0.9,8,cùng cụm K-Means; cùng danh mục; trùng từ khóa món; mức giá gần nhau,C3 - Cụm 3: Món thanh mát (rau/canh),C3 - Cụm 3: Món thanh mát (rau/canh)
D0014,Canh chua cá dứa,D0013,Canh chua cá bớp,0.9882,1,cùng cụm K-Means; cùng danh mục; trùng từ khóa món; mức giá gần nhau,C3 - Cụm 3: Món thanh mát (rau/canh),C3 - Cụm 3: Món thanh mát (rau/canh)
D0014,Canh chua cá dứa,D0015,Canh chua cá mú nghệ,0.9789,2,cùng cụm K-Means; cùng danh mục; trùng từ khóa món; mức giá gần nhau,C3 - Cụm 3: Món thanh mát (rau/canh),C3 - Cụm 3: Món thanh mát (rau/canh)
D0014,Canh chua cá dứa,D0011,Canh chua cá mú đỏ,0.9789,3,cùng cụm K-Means; cùng danh mục; trùng từ khóa món; mức giá gần nhau,C3 - Cụm 3: Món thanh mát (rau/canh),C3 - Cụm 3: Món thanh mát (rau/canh)
D0014,Canh chua cá dứa,D0022,Canh chua cá lăng,0.9647,4,cùng cụm K-Means; cùng danh mục; trùng từ khóa món; mức giá gần nhau,C3 - Cụm 3: Món thanh mát (rau/canh),C3 - Cụm 3: Món thanh mát (rau/canh)
D0014,Canh chua cá dứa,D0020,Canh sườn nấu sấu,0.9647,5,cùng cụm K-Means; cùng danh mục; trùng từ khóa món; mức giá gần nhau,C3 - Cụm 3: Món thanh mát (rau/canh),C3 - Cụm 3: Món thanh mát (rau/canh)
D0014,Canh chua cá dứa,D0010,Canh chua + cà pháo,0.9294,6,cùng cụm K-Means; cùng danh mục; trùng từ khóa món,C3 - Cụm 3: Món thanh mát (rau/canh),C3 - Cụm 3: Món thanh mát (rau/canh)
D0014,Canh chua cá dứa,D0012,Canh chua cá bông lau,0.9122,7,cùng cụm K-Means; cùng danh mục; trùng từ khóa món; mức giá gần nhau,C3 - Cụm 3: Món thanh mát (rau/canh),C3 - Cụm 3: Món thanh mát (rau/canh)
D0014,Canh chua cá dứa,D0016,Canh gà lá giang,0.8897,8,cùng cụm K-Means; cùng danh mục; trùng từ khóa món; mức giá gần nhau,C3 - Cụm 3: Món thanh mát (rau/canh),C3 - Cụm 3: Món thanh mát (rau/canh)
D0022,Canh chua cá lăng,D0020,Canh sườn nấu sấu,1.0,1,cùng cụm K-Means; cùng danh mục; trùng từ khóa món; mức giá gần nhau,C3 - Cụm 3: Món thanh mát (rau/canh),C3 - Cụm 3: Món thanh mát (rau/canh)
D0022,Canh chua cá lăng,D0013,Canh chua cá bớp,0.975,2,cùng cụm K-Means; cùng danh mục; trùng từ khóa món; mức giá gần nhau,C3 - Cụm 3: Món thanh mát (rau/canh),C3 - Cụm 3: Món thanh mát (rau/canh)
D0022,Canh chua cá lăng,D0014,Canh chua cá dứa,0.9647,3,cùng cụm K-Means; cùng danh mục; trùng từ khóa món; mức giá gần nhau,C3 - Cụm 3: Món thanh mát (rau/canh),C3 - Cụm 3: Món thanh mát (rau/canh)
D0022,Canh chua cá lăng,D0010,Canh chua + cà pháo,0.9571,4,cùng cụm K-Means; cùng danh mục; trùng từ khóa món; mức giá gần nhau,C3 - Cụm 3: Món thanh mát (rau/canh),C3 - Cụm 3: Món thanh mát (rau/canh)
D0022,Canh chua cá lăng,D0015,Canh chua cá mú nghệ,0.9474,5,cùng cụm K-Means; cùng danh mục; trùng từ khóa món,C3 - Cụm 3: Món thanh mát (rau/canh),C3 - Cụm 3: Món thanh mát (rau/canh)
D0022,Canh chua cá lăng,D0011,Canh chua cá mú đỏ,0.9474,6,cùng cụm K-Means; cùng danh mục; trùng từ khóa món,C3 - Cụm 3: Món thanh mát (rau/canh),C3 - Cụm 3: Món thanh mát (rau/canh)
D0022,Canh chua cá lăng,D0016,Canh gà lá giang,0.925,7,cùng cụm K-Means; cùng danh mục; trùng từ khóa món; mức giá gần nhau,C3 - Cụm 3: Món thanh mát (rau/canh),C3 - Cụm 3: Món thanh mát (rau/canh)
D0022,Canh chua cá lăng,D0017,Canh khổ qua chả cá thác lác,0.925,8,cùng cụm K-Means; cùng danh mục; trùng từ khóa món; mức giá gần nhau,C3 - Cụm 3: Món thanh mát (rau/canh),C3 - Cụm 3: Món thanh mát (rau/canh)
D0015,Canh chua cá mú nghệ,D0011,Canh chua cá mú đỏ,1.0,1,cùng cụm K-Means; cùng danh mục; trùng từ khóa món; mức giá gần nhau,C3 - Cụm 3: Món thanh mát (rau/canh),C3 - Cụm 3: Món thanh mát (rau/canh)
D0015,Canh chua cá mú nghệ,D0014,Canh chua cá dứa,0.9789,2,cùng cụm K-Means; cùng danh mục; trùng từ khóa món; mức giá gần nhau,C3 - Cụm 3: Món thanh mát (rau/canh),C3 - Cụm 3: Món thanh mát (rau/canh)
D0015,Canh chua cá mú nghệ,D0013,Canh chua cá bớp,0.9684,3,cùng cụm K-Means; cùng danh mục; trùng từ khóa món; mức giá gần nhau,C3 - Cụm 3: Món thanh mát (rau/canh),C3 - Cụm 3: Món thanh mát (rau/canh)
D0015,Canh chua cá mú nghệ,D0022,Canh chua cá lăng,0.9474,4,cùng cụm K-Means; cùng danh mục; trùng từ khóa món,C3 - Cụm 3: Món thanh mát (rau/canh),C3 - Cụm 3: Món thanh mát (rau/canh)
D0015,Canh chua cá mú nghệ,D0020,Canh sườn nấu sấu,0.9474,5,cùng cụm K-Means; cùng danh mục; trùng từ khóa món,C3 - Cụm 3: Món thanh mát (rau/canh),C3 - Cụm 3: Món thanh mát (rau/canh)
D0015,Canh chua cá mú nghệ,D0010,Canh chua + cà pháo,0.9158,6,cùng cụm K-Means; cùng danh mục; trùng từ khóa món,C3 - Cụm 3: Món thanh mát (rau/canh),C3 - Cụm 3: Món thanh mát (rau/canh)
D0015,Canh chua cá mú nghệ,D0012,Canh chua cá bông lau,0.8936,7,cùng cụm K-Means; cùng danh mục; trùng từ khóa món; mức giá gần nhau,C3 - Cụm 3: Món thanh mát (rau/canh),C3 - Cụm 3: Món thanh mát (rau/canh)
D0015,Canh chua cá mú nghệ,D0016,Canh gà lá giang,0.8724,8,cùng cụm K-Means; cùng danh mục; trùng từ khóa món,C3 - Cụm 3: Món thanh mát (rau/canh),C3 - Cụm 3: Món thanh mát (rau/canh)
D0011,Canh chua cá mú đỏ,D0015,Canh chua cá mú nghệ,1.0,1,cùng cụm K-Means; cùng danh mục; trùng từ khóa món; mức giá gần nhau,C3 - Cụm 3: Món thanh mát (rau/canh),C3 - Cụm 3: Món thanh mát (rau/canh)
D0011,Canh chua cá mú đỏ,D0014,Canh chua cá dứa,0.9789,2,cùng cụm K-Means; cùng danh mục; trùng từ khóa món; mức giá gần nhau,C3 - Cụm 3: Món thanh mát (rau/canh),C3 - Cụm 3: Món thanh mát (rau/canh)
D0011,Canh chua cá mú đỏ,D0013,Canh chua cá bớp,0.9684,3,cùng cụm K-Means; cùng danh mục; trùng từ khóa món; mức giá gần nhau,C3 - Cụm 3: Món thanh mát (rau/canh),C3 - Cụm 3: Món thanh mát (rau/canh)
D0011,Canh chua cá mú đỏ,D0022,Canh chua cá lăng,0.9474,4,cùng cụm K-Means; cùng danh mục; trùng từ khóa món,C3 - Cụm 3: Món thanh mát (rau/canh),C3 - Cụm 3: Món thanh mát (rau/canh)
D0011,Canh chua cá mú đỏ,D0020,Canh sườn nấu sấu,0.9474,5,cùng cụm K-Means; cùng danh mục; trùng từ khóa món,C3 - Cụm 3: Món thanh mát (rau/canh),C3 - Cụm 3: Món thanh mát (rau/canh)
D0011,Canh chua cá mú đỏ,D0010,Canh chua + cà pháo,0.9158,6,cùng cụm K-Means; cùng danh mục; trùng từ khóa món,C3 - Cụm 3: Món thanh mát (rau/canh),C3 - Cụm 3: Món thanh mát (rau/canh)
D0011,Canh chua cá mú đỏ,D0012,Canh chua cá bông lau,0.8936,7,cùng cụm K-Means; cùng danh mục; trùng từ khóa món; mức giá gần nhau,C3 - Cụm 3: Món thanh mát (rau/canh),C3 - Cụm 3: Món thanh mát (rau/canh)
D0011,Canh chua cá mú đỏ,D0016,Canh gà lá giang,0.8724,8,cùng cụm K-Means; cùng danh mục; trùng từ khóa món,C3 - Cụm 3: Món thanh mát (rau/canh),C3 - Cụm 3: Món thanh mát (rau/canh)
D0010,Canh chua + cà pháo,D0022,Canh chua cá lăng,0.9571,1,cùng cụm K-Means; cùng danh mục; trùng từ khóa món; mức giá gần nhau,C3 - Cụm 3: Món thanh mát (rau/canh),C3 - Cụm 3: Món thanh mát (rau/canh)
D0010,Canh chua + cà pháo,D0020,Canh sườn nấu sấu,0.9571,2,cùng cụm K-Means; cùng danh mục; trùng từ khóa món; mức giá gần nhau,C3 - Cụm 3: Món thanh mát (rau/canh),C3 - Cụm 3: Món thanh mát (rau/canh)
D0010,Canh chua + cà pháo,D0013,Canh chua cá bớp,0.9375,3,cùng cụm K-Means; cùng danh mục; trùng từ khóa món,C3 - Cụm 3: Món thanh mát (rau/canh),C3 - Cụm 3: Món thanh mát (rau/canh)
D0010,Canh chua + cà pháo,D0014,Canh chua cá dứa,0.9294,4,cùng cụm K-Means; cùng danh mục; trùng từ khóa món,C3 - Cụm 3: Món thanh mát (rau/canh),C3 - Cụm 3: Món thanh mát (rau/canh)
D0010,Canh chua + cà pháo,D0015,Canh chua cá mú nghệ,0.9158,5,cùng cụm K-Means; cùng danh mục; trùng từ khóa món,C3 - Cụm 3: Món thanh mát (rau/canh),C3 - Cụm 3: Món thanh mát (rau/canh)
D0010,Canh chua + cà pháo,D0011,Canh chua cá mú đỏ,0.9158,6,cùng cụm K-Means; cùng danh mục; trùng từ khóa món,C3 - Cụm 3: Món thanh mát (rau/canh),C3 - Cụm 3: Món thanh mát (rau/canh)
D0010,Canh chua + cà pháo,D0012,Canh chua cá bông lau,0.8824,7,cùng cụm K-Means; cùng danh mục; trùng từ khóa món,C3 - Cụm 3: Món thanh mát (rau/canh),C3 - Cụm 3: Món thanh mát (rau/canh)
D0010,Canh chua + cà pháo,D0016,Canh gà lá giang,0.8821,8,cùng cụm K-Means; cùng danh mục; trùng từ khóa món; mức giá gần nhau,C3 - Cụm 3: Món thanh mát (rau/canh),C3 - Cụm 3: Món thanh mát (rau/canh)
D0016,Canh gà lá giang,D0022,Canh chua cá lăng,0.925,1,cùng cụm K-Means; cùng danh mục; trùng từ khóa món; mức giá gần nhau,C3 - Cụm 3: Món thanh mát (rau/canh),C3 - Cụm 3: Món thanh mát (rau/canh)
D0016,Canh gà lá giang,D0020,Canh sườn nấu sấu,0.925,2,cùng cụm K-Means; cùng danh mục; trùng từ khóa món; mức giá gần nhau,C3 - Cụm 3: Món thanh mát (rau/canh),C3 - Cụm 3: Món thanh mát (rau/canh)
D0016,Canh gà lá giang,D0013,Canh chua cá bớp,0.9,3,cùng cụm K-Means; cùng danh mục; trùng từ khóa món; mức giá gần nhau,C3 - Cụm 3: Món thanh mát (rau/canh),C3 - Cụm 3: Món thanh mát (rau/canh)
D0016,Canh gà lá giang,D0014,Canh chua cá dứa,0.8897,4,cùng cụm K-Means; cùng danh mục; trùng từ khóa món; mức giá gần nhau,C3 - Cụm 3: Món thanh mát (rau/canh),C3 - Cụm 3: Món thanh mát (rau/canh)
D0016,Canh gà lá giang,D0010,Canh chua + cà pháo,0.8821,5,cùng cụm K-Means; cùng danh mục; trùng từ khóa món; mức giá gần nhau,C3 - Cụm 3: Món thanh mát (rau/canh),C3 - Cụm 3: Món thanh mát (rau/canh)
D0016,Canh gà lá giang,D0015,Canh chua cá mú nghệ,0.8724,6,cùng cụm K-Means; cùng danh mục; trùng từ khóa món,C3 - Cụm 3: Món thanh mát (rau/canh),C3 - Cụm 3: Món thanh mát (rau/canh)
D0016,Canh gà lá giang,D0011,Canh chua cá mú đỏ,0.8724,7,cùng cụm K-Means; cùng danh mục; trùng từ khóa món,C3 - Cụm 3: Món thanh mát (rau/canh),C3 - Cụm 3: Món thanh mát (rau/canh)
D0016,Canh gà lá giang,D0012,Canh chua cá bông lau,0.8581,8,cùng cụm K-Means; cùng danh mục; trùng từ khóa món; mức giá gần nhau,C3 - Cụm 3: Món thanh mát (rau/canh),C3 - Cụm 3: Món thanh mát (rau/canh)
D0019,Canh hến thì là,D0018,Canh cá nấu riêu,0.9467,1,cùng cụm K-Means; cùng danh mục; trùng từ khóa món,C3 - Cụm 3: Món thanh mát (rau/canh),C3 - Cụm 3: Món thanh mát (rau/canh)
D0019,Canh hến thì là,D0021,Canh tép nấu bầu,0.8868,2,cùng cụm K-Means; cùng danh mục; trùng từ khóa món; mức giá gần nhau,C3 - Cụm 3: Món thanh mát (rau/canh),C3 - Cụm 3: Món thanh mát (rau/canh)
D0019,Canh hến thì là,D0017,Canh khổ qua chả cá thác lác,0.8821,3,cùng cụm K-Means; cùng danh mục; trùng từ khóa món; mức giá gần nhau,C3 - Cụm 3: Món thanh mát (rau/canh),C3 - Cụm 3: Món thanh mát (rau/canh)
D0019,Canh hến thì là,D0024,Canh sườn non cải chua,0.8821,4,cùng cụm K-Means; cùng danh mục; trùng từ khóa món; mức giá gần nhau,C3 - Cụm 3: Món thanh mát (rau/canh),C3 - Cụm 3: Món thanh mát (rau/canh)
D0019,Canh hến thì là,D0010,Canh chua + cà pháo,0.8714,5,cùng cụm K-Means; cùng danh mục; trùng từ khóa món; mức giá gần nhau,C3 - Cụm 3: Món thanh mát (rau/canh),C3 - Cụm 3: Món thanh mát (rau/canh)
D0019,Canh hến thì là,D0022,Canh chua cá lăng,0.8286,6,cùng cụm K-Means; cùng danh mục; trùng từ khóa món; mức giá gần nhau,C3 - Cụm 3: Món thanh mát (rau/canh),C3 - Cụm 3: Món thanh mát (rau/canh)
D0019,Canh hến thì là,D0020,Canh sườn nấu sấu,0.8286,7,cùng cụm K-Means; cùng danh mục; trùng từ khóa món; mức giá gần nhau,C3 - Cụm 3: Món thanh mát (rau/canh),C3 - Cụm 3: Món thanh mát (rau/canh)
D0019,Canh hến thì là,D0013,Canh chua cá bớp,0.8089,8,cùng cụm K-Means; cùng danh mục; trùng từ khóa món,C3 - Cụm 3: Món thanh mát (rau/canh),C3 - Cụm 3: Món thanh mát (rau/canh)
D0017,Canh khổ qua chả cá thác lác,D0024,Canh sườn non cải chua,1.0,1,cùng cụm K-Means; cùng danh mục; trùng từ khóa món; mức giá gần nhau,C3 - Cụm 3: Món thanh mát (rau/canh),C3 - Cụm 3: Món thanh mát (rau/canh)
D0017,Canh khổ qua chả cá thác lác,D0022,Canh chua cá lăng,0.925,2,cùng cụm K-Means; cùng danh mục; trùng từ khóa món; mức giá gần nhau,C3 - Cụm 3: Món thanh mát (rau/canh),C3 - Cụm 3: Món thanh mát (rau/canh)
D0017,Canh khổ qua chả cá thác lác,D0020,Canh sườn nấu sấu,0.925,3,cùng cụm K-Means; cùng danh mục; trùng từ khóa món; mức giá gần nhau,C3 - Cụm 3: Món thanh mát (rau/canh),C3 - Cụm 3: Món thanh mát (rau/canh)
D0017,Canh khổ qua chả cá thác lác,D0018,Canh cá nấu riêu,0.9117,4,cùng cụm K-Means; cùng danh mục; trùng từ khóa món; mức giá gần nhau,C3 - Cụm 3: Món thanh mát (rau/canh),C3 - Cụm 3: Món thanh mát (rau/canh)
D0017,Canh khổ qua chả cá thác lác,D0013,Canh chua cá bớp,0.9,5,cùng cụm K-Means; cùng danh mục; trùng từ khóa món; mức giá gần nhau,C3 - Cụm 3: Món thanh mát (rau/canh),C3 - Cụm 3: Món thanh mát (rau/canh)
D0017,Canh khổ qua chả cá thác lác,D0014,Canh chua cá dứa,0.8897,6,cùng cụm K-Means; cùng danh mục; trùng từ khóa món; mức giá gần nhau,C3 - Cụm 3: Món thanh mát (rau/canh),C3 - Cụm 3: Món thanh mát (rau/canh)
D0017,Canh khổ qua chả cá thác lác,D0010,Canh chua + cà pháo,0.8821,7,cùng cụm K-Means; cùng danh mục; trùng từ khóa món; mức giá gần nhau,C3 - Cụm 3: Món thanh mát (rau/canh),C3 - Cụm 3: Món thanh mát (rau/canh)
D0017,Canh khổ qua chả cá thác lác,D0019,Canh hến thì là,0.8821,8,cùng cụm K-Means; cùng danh mục; trùng từ khóa món; mức giá gần nhau,C3 - Cụm 3: Món thanh mát (rau/canh),C3 - Cụm 3: Món thanh mát (rau/canh)
D0020,Canh sườn nấu sấu,D0022,Canh chua cá lăng,1.0,1,cùng cụm K-Means; cùng danh mục; trùng từ khóa món; mức giá gần nhau,C3 - Cụm 3: Món thanh mát (rau/canh),C3 - Cụm 3: Món thanh mát (rau/canh)
D0020,Canh sườn nấu sấu,D0013,Canh chua cá bớp,0.975,2,cùng cụm K-Means; cùng danh mục; trùng từ khóa món; mức giá gần nhau,C3 - Cụm 3: Món thanh mát (rau/canh),C3 - Cụm 3: Món thanh mát (rau/canh)
D0020,Canh sườn nấu sấu,D0014,Canh chua cá dứa,0.9647,3,cùng cụm K-Means; cùng danh mục; trùng từ khóa món; mức giá gần nhau,C3 - Cụm 3: Món thanh mát (rau/canh),C3 - Cụm 3: Món thanh mát (rau/canh)
D0020,Canh sườn nấu sấu,D0010,Canh chua + cà pháo,0.9571,4,cùng cụm K-Means; cùng danh mục; trùng từ khóa món; mức giá gần nhau,C3 - Cụm 3: Món thanh mát (rau/canh),C3 - Cụm 3: Món thanh mát (rau/canh)
D0020,Canh sườn nấu sấu,D0015,Canh chua cá mú nghệ,0.9474,5,cùng cụm K-Means; cùng danh mục; trùng từ khóa món,C3 - Cụm 3: Món thanh mát (rau/canh),C3 - Cụm 3: Món thanh mát (rau/canh)
D0020,Canh sườn nấu sấu,D0011,Canh chua cá mú đỏ,0.9474,6,cùng cụm K-Means; cùng danh mục; trùng từ khóa món,C3 - Cụm 3: Món thanh mát (rau/canh),C3 - Cụm 3: Món thanh mát (rau/canh)
D0020,Canh sườn nấu sấu,D0016,Canh gà lá giang,0.925,7,cùng cụm K-Means; cùng danh mục; trùng từ khóa món; mức giá gần nhau,C3 - Cụm 3: Món thanh mát (rau/canh),C3 - Cụm 3: Món thanh mát (rau/canh)
D0020,Canh sườn nấu sấu,D0017,Canh khổ qua chả cá thác lác,0.925,8,cùng cụm K-Means; cùng danh mục; trùng từ khóa món; mức giá gần nhau,C3 - Cụm 3: Món thanh mát (rau/canh),C3 - Cụm 3: Món thanh mát (rau/canh)
D0024,Canh sườn non cải chua,D0017,Canh khổ qua chả cá thác lác,1.0,1,cùng cụm K-Means; cùng danh mục; trùng từ khóa món; mức giá gần nhau,C3 - Cụm 3: Món thanh mát (rau/canh),C3 - Cụm 3: Món thanh mát (rau/canh)
D0024,Canh sườn non cải chua,D0022,Canh chua cá lăng,0.925,2,cùng cụm K-Means; cùng danh mục; trùng từ khóa món; mức giá gần nhau,C3 - Cụm 3: Món thanh mát (rau/canh),C3 - Cụm 3: Món thanh mát (rau/canh)
D0024,Canh sườn non cải chua,D0020,Canh sườn nấu sấu,0.925,3,cùng cụm K-Means; cùng danh mục; trùng từ khóa món; mức giá gần nhau,C3 - Cụm 3: Món thanh mát (rau/canh),C3 - Cụm 3: Món thanh mát (rau/canh)
D0024,Canh sườn non cải chua,D0018,Canh cá nấu riêu,0.9117,4,cùng cụm K-Means; cùng danh mục; trùng từ khóa món; mức giá gần nhau,C3 - Cụm 3: Món thanh mát (rau/canh),C3 - Cụm 3: Món thanh mát (rau/canh)
D0024,Canh sườn non cải chua,D0013,Canh chua cá bớp,0.9,5,cùng cụm K-Means; cùng danh mục; trùng từ khóa món; mức giá gần nhau,C3 - Cụm 3: Món thanh mát (rau/canh),C3 - Cụm 3: Món thanh mát (rau/canh)
D0024,Canh sườn non cải chua,D0014,Canh chua cá dứa,0.8897,6,cùng cụm K-Means; cùng danh mục; trùng từ khóa món; mức giá gần nhau,C3 - Cụm 3: Món thanh mát (rau/canh),C3 - Cụm 3: Món thanh mát (rau/canh)
D0024,Canh sườn non cải chua,D0010,Canh chua + cà pháo,0.8821,7,cùng cụm K-Means; cùng danh mục; trùng từ khóa món; mức giá gần nhau,C3 - Cụm 3: Món thanh mát (rau/canh),C3 - Cụm 3: Món thanh mát (rau/canh)
D0024,Canh sườn non cải chua,D0019,Canh hến thì là,0.8821,8,cùng cụm K-Means; cùng danh mục; trùng từ khóa món; mức giá gần nhau,C3 - Cụm 3: Món thanh mát (rau/canh),C3 - Cụm 3: Món thanh mát (rau/canh)
D0021,Canh tép nấu bầu,D0019,Canh hến thì là,0.8868,1,cùng cụm K-Means; cùng danh mục; trùng từ khóa món; mức giá gần nhau,C3 - Cụm 3: Món thanh mát (rau/canh),C3 - Cụm 3: Món thanh mát (rau/canh)
D0021,Canh tép nấu bầu,D0018,Canh cá nấu riêu,0.8437,2,cùng cụm K-Means; cùng danh mục; trùng từ khóa món,C3 - Cụm 3: Món thanh mát (rau/canh),C3 - Cụm 3: Món thanh mát (rau/canh)
D0021,Canh tép nấu bầu,D0016,Canh gà lá giang,0.7771,3,cùng cụm K-Means; cùng danh mục; trùng từ khóa món,C3 - Cụm 3: Món thanh mát (rau/canh),C3 - Cụm 3: Món thanh mát (rau/canh)
D0021,Canh tép nấu bầu,D0017,Canh khổ qua chả cá thác lác,0.7771,4,cùng cụm K-Means; cùng danh mục; trùng từ khóa món,C3 - Cụm 3: Món thanh mát (rau/canh),C3 - Cụm 3: Món thanh mát (rau/canh)
D0021,Canh tép nấu bầu,D0024,Canh sườn non cải chua,0.7771,5,cùng cụm K-Means; cùng danh mục; trùng từ khóa món,C3 - Cụm 3: Món thanh mát (rau/canh),C3 - Cụm 3: Món thanh mát (rau/canh)
D0021,Canh tép nấu bầu,D0010,Canh chua + cà pháo,0.769,6,cùng cụm K-Means; cùng danh mục; trùng từ khóa món; mức giá gần nhau,C3 - Cụm 3: Món thanh mát (rau/canh),C3 - Cụm 3: Món thanh mát (rau/canh)
D0021,Canh tép nấu bầu,D0022,Canh chua cá lăng,0.7343,7,cùng cụm K-Means; cùng danh mục; trùng từ khóa món,C3 - Cụm 3: Món thanh mát (rau/canh),C3 - Cụm 3: Món thanh mát (rau/canh)
D0021,Canh tép nấu bầu,D0020,Canh sườn nấu sấu,0.7343,8,cùng cụm K-Means; cùng danh mục; trùng từ khóa món,C3 - Cụm 3: Món thanh mát (rau/canh),C3 - Cụm 3: Món thanh mát (rau/canh)
D0023,Ốc om chuối đậu,D0040,Cá gáy Phú Quý: Kho tộ/ Chưng tương,0.6375,1,trùng từ khóa món; mức giá gần nhau,C3 - Cụm 3: Món thanh mát (rau/canh),C2 - Cụm 2: Món mặn đưa cơm
D0023,Ốc om chuối đậu,D0017,Canh khổ qua chả cá thác lác,0.6267,2,cùng cụm K-Means; cùng danh mục; trùng từ khóa món; mức giá gần nhau,C3 - Cụm 3: Món thanh mát (rau/canh),C3 - Cụm 3: Món thanh mát (rau/canh)
D0023,Ốc om chuối đậu,D0024,Canh sườn non cải chua,0.6267,3,cùng cụm K-Means; cùng danh mục; trùng từ khóa món; mức giá gần nhau,C3 - Cụm 3: Món thanh mát (rau/canh),C3 - Cụm 3: Món thanh mát (rau/canh)
D0023,Ốc om chuối đậu,D0018,Canh cá nấu riêu,0.625,4,cùng cụm K-Means; cùng danh mục; trùng từ khóa món; mức giá gần nhau,C3 - Cụm 3: Món thanh mát (rau/canh),C3 - Cụm 3: Món thanh mát (rau/canh)
D0023,Ốc om chuối đậu,D0012,Canh chua cá bông lau,0.6143,5,cùng cụm K-Means; cùng danh mục; trùng từ khóa món; mức giá gần nhau,C3 - Cụm 3: Món thanh mát (rau/canh),C3 - Cụm 3: Món thanh mát (rau/canh)
D0023,Ốc om chuối đậu,D0013,Canh chua cá bớp,0.6125,6,cùng cụm K-Means; cùng danh mục; trùng từ khóa món; mức giá gần nhau,C3 - Cụm 3: Món thanh mát (rau/canh),C3 - Cụm 3: Món thanh mát (rau/canh)
D0023,Ốc om chuối đậu,D0022,Canh chua cá lăng,0.6117,7,cùng cụm K-Means; cùng danh mục; trùng từ khóa món; mức giá gần nhau,C3 - Cụm 3: Món thanh mát (rau/canh),C3 - Cụm 3: Món thanh mát (rau/canh)
D0023,Ốc om chuối đậu,D0020,Canh sườn nấu sấu,0.6117,8,cùng cụm K-Means; cùng danh mục; trùng từ khóa món; mức giá gần nhau,C3 - Cụm 3: Món thanh mát (rau/canh),C3 - Cụm 3: Món thanh mát (rau/canh)
D0001,Cơm niêu,D0002,Cơm niêu đập,0.65,1,cùng cụm K-Means; cùng danh mục; trùng từ khóa món,C1 - Cụm 1: Món nền tảng (cơm),C1 - Cụm 1: Món nền tảng (cơm)
D0001,Cơm niêu,D0003,Cơm niêu cháy,0.6292,2,cùng cụm K-Means; cùng danh mục; trùng từ khóa món; mức giá gần nhau,C1 - Cụm 1: Món nền tảng (cơm),C1 - Cụm 1: Món nền tảng (cơm)
D0002,Cơm niêu đập,D0003,Cơm niêu cháy,0.665,1,cùng cụm K-Means; cùng danh mục; trùng từ khóa món,C1 - Cụm 1: Món nền tảng (cơm),C1 - Cụm 1: Món nền tảng (cơm)
D0002,Cơm niêu đập,D0001,Cơm niêu,0.65,2,cùng cụm K-Means; cùng danh mục; trùng từ khóa món,C1 - Cụm 1: Món nền tảng (cơm),C1 - Cụm 1: Món nền tảng (cơm)
D0002,Cơm niêu đập,D0048,Khô cá cơm cháy tỏi,0.5115,3,trùng từ khóa món,C1 - Cụm 1: Món nền tảng (cơm),C2 - Cụm 2: Món mặn đưa cơm
D0003,Cơm niêu cháy,D0002,Cơm niêu đập,0.665,1,cùng cụm K-Means; cùng danh mục; trùng từ khóa món,C1 - Cụm 1: Món nền tảng (cơm),C1 - Cụm 1: Món nền tảng (cơm)
D0003,Cơm niêu cháy,D0001,Cơm niêu,0.6292,2,cùng cụm K-Means; cùng danh mục; trùng từ khóa món; mức giá gần nhau,C1 - Cụm 1: Món nền tảng (cơm),C1 - Cụm 1: Món nền tảng (cơm)
D0081,Đậu hũ chiên giòn,D0083,Đậu hũ sốt thịt bằm,0.7464,1,cùng cụm K-Means; cùng danh mục; trùng từ khóa món; mức giá gần nhau,C2 - Cụm 2: Món mặn đưa cơm,C2 - Cụm 2: Món mặn đưa cơm
D0081,Đậu hũ chiên giòn,D0086,Mì xào hải sản,0.7014,2,cùng cụm K-Means; cùng danh mục; trùng từ khóa món; mức giá gần nhau,C2 - Cụm 2: Món mặn đưa cơm,C2 - Cụm 2: Món mặn đưa cơm
D0081,Đậu hũ chiên giòn,D0082,Đậu hũ sốt cà chua,0.7,3,cùng cụm K-Means; cùng danh mục; trùng từ khóa món; mức giá gần nhau,C2 - Cụm 2: Món mặn đưa cơm,C2 - Cụm 2: Món mặn đưa cơm
D0081,Đậu hũ chiên giòn,D0084,Trứng chiên hành,0.7,4,cùng cụm K-Means; cùng danh mục; trùng từ khóa món; mức giá gần nhau,C2 - Cụm 2: Món mặn đưa cơm,C2 - Cụm 2: Món mặn đưa cơm
D0081,Đậu hũ chiên giòn,D0085,Trứng chiên lá mơ,0.6625,5,cùng cụm K-Means; cùng danh mục; trùng từ khóa món; mức giá gần nhau,C2 - Cụm 2: Món mặn đưa cơm,C2 - Cụm 2: Món mặn đưa cơm
D0082,Đậu hũ sốt cà chua,D0083,Đậu hũ sốt thịt bằm,0.7464,1,cùng cụm K-Means; cùng danh mục; trùng từ khóa món; mức giá gần nhau,C2 - Cụm 2: Món mặn đưa cơm,C2 - Cụm 2: Món mặn đưa cơm
D0082,Đậu hũ sốt cà chua,D0086,Mì xào hải sản,0.7014,2,cùng cụm K-Means; cùng danh mục; trùng từ khóa món; mức giá gần nhau,C2 - Cụm 2: Món mặn đưa cơm,C2 - Cụm 2: Món mặn đưa cơm
D0082,Đậu hũ sốt cà chua,D0081,Đậu hũ chiên giòn,0.7,3,cùng cụm K-Means; cùng danh mục; trùng từ khóa món; mức giá gần nhau,C2 - Cụm 2: Món mặn đưa cơm,C2 - Cụm 2: Món mặn đưa cơm
D0082,Đậu hũ sốt cà chua,D0085,Trứng chiên lá mơ,0.6625,4,cùng cụm K-Means; cùng danh mục; trùng từ khóa món; mức giá gần nhau,C2 - Cụm 2: Món mặn đưa cơm,C2 - Cụm 2: Món mặn đưa cơm
D0082,Đậu hũ sốt cà chua,D0084,Trứng chiên hành,0.55,5,cùng cụm K-Means; cùng danh mục; mức giá gần nhau,C2 - Cụm 2: Món mặn đưa cơm,C2 - Cụm 2: Món mặn đưa cơm
D0083,Đậu hũ sốt thịt bằm,D0086,Mì xào hải sản,0.775,1,cùng cụm K-Means; cùng danh mục; trùng từ khóa món; mức giá gần nhau,C2 - Cụm 2: Món mặn đưa cơm,C2 - Cụm 2: Món mặn đưa cơm
D0083,Đậu hũ sốt thịt bằm,D0081,Đậu hũ chiên giòn,0.7464,2,cùng cụm K-Means; cùng danh mục; trùng từ khóa món; mức giá gần nhau,C2 - Cụm 2: Món mặn đưa cơm,C2 - Cụm 2: Món mặn đưa cơm
D0083,Đậu hũ sốt thịt bằm,D0082,Đậu hũ sốt cà chua,0.7464,3,cùng cụm K-Means; cùng danh mục; trùng từ khóa món; mức giá gần nhau,C2 - Cụm 2: Món mặn đưa cơm,C2 - Cụm 2: Món mặn đưa cơm
D0083,Đậu hũ sốt thịt bằm,D0085,Trứng chiên lá mơ,0.7014,4,cùng cụm K-Means; cùng danh mục; trùng từ khóa món; mức giá gần nhau,C2 - Cụm 2: Món mặn đưa cơm,C2 - Cụm 2: Món mặn đưa cơm
D0083,Đậu hũ sốt thịt bằm,D0044,Cá hồng biển Phú Quý: Kho tộ/ Sốt cà chua,0.6324,5,cùng cụm K-Means; trùng từ khóa món,C2 - Cụm 2: Món mặn đưa cơm,C2 - Cụm 2: Món mặn đưa cơm
D0083,Đậu hũ sốt thịt bằm,D0084,Trứng chiên hành,0.6114,6,cùng cụm K-Means; cùng danh mục; trùng từ khóa món; mức giá gần nhau,C2 - Cụm 2: Món mặn đưa cơm,C2 - Cụm 2: Món mặn đưa cơm
D0083,Đậu hũ sốt thịt bằm,D0063,Măng trúc yên tử xào bò,0.5607,7,cùng cụm K-Means; trùng từ khóa món,C2 - Cụm 2: Món mặn đưa cơm,C2 - Cụm 2: Món mặn đưa cơm
D0083,Đậu hũ sốt thịt bằm,D0027,Ba rọi rang cháy cạnh,0.5573,8,cùng cụm K-Means; trùng từ khóa món; mức giá gần nhau,C2 - Cụm 2: Món mặn đưa cơm,C2 - Cụm 2: Món mặn đưa cơm
D0086,Mì xào hải sản,D0085,Trứng chiên lá mơ,0.7914,1,cùng cụm K-Means; cùng danh mục; trùng từ khóa món; mức giá gần nhau,C2 - Cụm 2: Món mặn đưa cơm,C2 - Cụm 2: Món mặn đưa cơm
D0086,Mì xào hải sản,D0083,Đậu hũ sốt thịt bằm,0.775,2,cùng cụm K-Means; cùng danh mục; trùng từ khóa món; mức giá gần nhau,C2 - Cụm 2: Món mặn đưa cơm,C2 - Cụm 2: Món mặn đưa cơm
D0086,Mì xào hải sản,D0081,Đậu hũ chiên giòn,0.7014,3,cùng cụm K-Means; cùng danh mục; trùng từ khóa món; mức giá gần nhau,C2 - Cụm 2: Món mặn đưa cơm,C2 - Cụm 2: Món mặn đưa cơm
D0086,Mì xào hải sản,D0082,Đậu hũ sốt cà chua,0.7014,4,cùng cụm K-Means; cùng danh mục; trùng từ khóa món; mức giá gần nhau,C2 - Cụm 2: Món mặn đưa cơm,C2 - Cụm 2: Món mặn đưa cơm
D0086,Mì xào hải sản,D0084,Trứng chiên hành,0.7014,5,cùng cụm K-Means; cùng danh mục; trùng từ khóa món; mức giá gần nhau,C2 - Cụm 2: Món mặn đưa cơm,C2 - Cụm 2: Món mặn đưa cơm
D0086,Mì xào hải sản,D0078,Mực ống: Xào/ Hấp/ Chiên nước mắm,0.6433,6,cùng cụm K-Means; trùng từ khóa món,C2 - Cụm 2: Món mặn đưa cơm,C2 - Cụm 2: Món mặn đưa cơm
D0086,Mì xào hải sản,D0055,Cá linh chiên giòn,0.5787,7,cùng cụm K-Means; trùng từ khóa món; mức giá gần nhau,C2 - Cụm 2: Món mặn đưa cơm,C2 - Cụm 2: Món mặn đưa cơm
D0086,Mì xào hải sản,D0064,Rau rừng Gia Lai xào bò,0.5757,8,cùng cụm K-Means; trùng từ khóa món,C2 - Cụm 2: Món mặn đưa cơm,C2 - Cụm 2: Món mặn đưa cơm
D0084,Trứng chiên hành,D0085,Trứng chiên lá mơ,0.85,1,cùng cụm K-Means; cùng danh mục; trùng từ khóa món; mức giá gần nhau,C2 - Cụm 2: Món mặn đưa cơm,C2 - Cụm 2: Món mặn đưa cơm
D0084,Trứng chiên hành,D0086,Mì xào hải sản,0.7014,2,cùng cụm K-Means; cùng danh mục; trùng từ khóa món; mức giá gần nhau,C2 - Cụm 2: Món mặn đưa cơm,C2 - Cụm 2: Món mặn đưa cơm
D0084,Trứng chiên hành,D0081,Đậu hũ chiên giòn,0.7,3,cùng cụm K-Means; cùng danh mục; trùng từ khóa món; mức giá gần nhau,C2 - Cụm 2: Món mặn đưa cơm,C2 - Cụm 2: Món mặn đưa cơm
D0084,Trứng chiên hành,D0083,Đậu hũ sốt thịt bằm,0.6114,4,cùng cụm K-Means; cùng danh mục; trùng từ khóa món; mức giá gần nhau,C2 - Cụm 2: Món mặn đưa cơm,C2 - Cụm 2: Món mặn đưa cơm
D0084,Trứng chiên hành,D0082,Đậu hũ sốt cà chua,0.55,5,cùng cụm K-Means; cùng danh mục; mức giá gần nhau,C2 - Cụm 2: Món mặn đưa cơm,C2 - Cụm 2: Món mặn đưa cơm
D0085,Trứng chiên lá mơ,D0084,Trứng chiên hành,0.85,1,cùng cụm K-Means; cùng danh mục; trùng từ khóa món; mức giá gần nhau,C2 - Cụm 2: Món mặn đưa cơm,C2 - Cụm 2: Món mặn đưa cơm
D0085,Trứng chiên lá mơ,D0086,Mì xào hải sản,0.7914,2,cùng cụm K-Means; cùng danh mục; trùng từ khóa món; mức giá gần nhau,C2 - Cụm 2: Món mặn đưa cơm,C2 - Cụm 2: Món mặn đưa cơm
D0085,Trứng chiên lá mơ,D0083,Đậu hũ sốt thịt bằm,0.7014,3,cùng cụm K-Means; cùng danh mục; trùng từ khóa món; mức giá gần nhau,C2 - Cụm 2: Món mặn đưa cơm,C2 - Cụm 2: Món mặn đưa cơm
D0085,Trứng chiên lá mơ,D0081,Đậu hũ chiên giòn,0.6625,4,cùng cụm K-Means; cùng danh mục; trùng từ khóa món; mức giá gần nhau,C2 - Cụm 2: Món mặn đưa cơm,C2 - Cụm 2: Món mặn đưa cơm
D0085,Trứng chiên lá mơ,D0082,Đậu hũ sốt cà chua,0.6625,5,cùng cụm K-Means; cùng danh mục; trùng từ khóa món; mức giá gần nhau,C2 - Cụm 2: Món mặn đưa cơm,C2 - Cụm 2: Món mặn đưa cơm
D0085,Trứng chiên lá mơ,D0080,Ốc bưu xào chuối đậu,0.625,6,cùng cụm K-Means; trùng từ khóa món,C2 - Cụm 2: Món mặn đưa cơm,C2 - Cụm 2: Món mặn đưa cơm
D0085,Trứng chiên lá mơ,D0092,Hến xúc bánh đa,0.5848,7,trùng từ khóa món,C2 - Cụm 2: Món mặn đưa cơm,C4 - Cụm 4: Món tiệc/lẩu/ăn chơi
D0085,Trứng chiên lá mơ,D0051,Cá thác lác chiên thì là,0.5232,8,cùng cụm K-Means; trùng từ khóa món,C2 - Cụm 2: Món mặn đưa cơm,C2 - Cụm 2: Món mặn đưa cơm
D0065,Bò lúc lắc,D0061,Cải mầm đá Sapa xào bò,0.9357,1,cùng cụm K-Means; cùng danh mục; trùng từ khóa món; mức giá gần nhau,C2 - Cụm 2: Món mặn đưa cơm,C2 - Cụm 2: Món mặn đưa cơm
D0065,Bò lúc lắc,D0064,Rau rừng Gia Lai xào bò,0.921,2,cùng cụm K-Means; cùng danh mục; trùng từ khóa món; mức giá gần nhau,C2 - Cụm 2: Món mặn đưa cơm,C2 - Cụm 2: Món mặn đưa cơm
D0065,Bò lúc lắc,D0062,Bò xào hành cần,0.8714,3,cùng cụm K-Means; cùng danh mục; trùng từ khóa món; mức giá gần nhau,C2 - Cụm 2: Món mặn đưa cơm,C2 - Cụm 2: Món mặn đưa cơm
D0065,Bò lúc lắc,D0063,Măng trúc yên tử xào bò,0.8568,4,cùng cụm K-Means; cùng danh mục; trùng từ khóa món; mức giá gần nhau,C2 - Cụm 2: Món mặn đưa cơm,C2 - Cụm 2: Món mặn đưa cơm
D0065,Bò lúc lắc,D0056,Gà ta: Kho gừng/ Xào sả ớt/ Kho nghệ,0.7671,5,cùng cụm K-Means; cùng danh mục; trùng từ khóa món; mức giá gần nhau,C2 - Cụm 2: Món mặn đưa cơm,C2 - Cụm 2: Món mặn đưa cơm
D0065,Bò lúc lắc,D0054,Khô cá lóc Cambodia,0.75,6,cùng cụm K-Means; trùng từ khóa món; mức giá gần nhau,C2 - Cụm 2: Món mặn đưa cơm,C2 - Cụm 2: Món mặn đưa cơm
D0065,Bò lúc lắc,D0057,Gà ta chiên nước mắm,0.735,7,cùng cụm K-Means; cùng danh mục; trùng từ khóa món; mức giá gần nhau,C2 - Cụm 2: Món mặn đưa cơm,C2 - Cụm 2: Món mặn đưa cơm
D0065,Bò lúc lắc,D0060,Gân bò xào cải chua,0.7162,8,cùng cụm K-Means; cùng danh mục; trùng từ khóa món; mức giá gần nhau,C2 - Cụm 2: Món mặn đưa cơm,C2 - Cụm 2: Món mặn đưa cơm
D0062,Bò xào hành cần,D0061,Cải mầm đá Sapa xào bò,0.925,1,cùng cụm K-Means; cùng danh mục; trùng từ khóa món; mức giá gần nhau,C2 - Cụm 2: Món mặn đưa cơm,C2 - Cụm 2: Món mặn đưa cơm
D0062,Bò xào hành cần,D0064,Rau rừng Gia Lai xào bò,0.9103,2,cùng cụm K-Means; cùng danh mục; trùng từ khóa món; mức giá gần nhau,C2 - Cụm 2: Món mặn đưa cơm,C2 - Cụm 2: Món mặn đưa cơm
D0062,Bò xào hành cần,D0065,Bò lúc lắc,0.8714,3,cùng cụm K-Means; cùng danh mục; trùng từ khóa món; mức giá gần nhau,C2 - Cụm 2: Món mặn đưa cơm,C2 - Cụm 2: Món mặn đưa cơm
D0062,Bò xào hành cần,D0056,Gà ta: Kho gừng/ Xào sả ớt/ Kho nghệ,0.87,4,cùng cụm K-Means; cùng danh mục; trùng từ khóa món; mức giá gần nhau,C2 - Cụm 2: Món mặn đưa cơm,C2 - Cụm 2: Món mặn đưa cơm
D0062,Bò xào hành cần,D0063,Măng trúc yên tử xào bò,0.8353,5,cùng cụm K-Means; cùng danh mục; trùng từ khóa món; mức giá gần nhau,C2 - Cụm 2: Món mặn đưa cơm,C2 - Cụm 2: Món mặn đưa cơm
D0062,Bò xào hành cần,D0057,Gà ta chiên nước mắm,0.81,6,cùng cụm K-Means; cùng danh mục; trùng từ khóa món; mức giá gần nhau,C2 - Cụm 2: Món mặn đưa cơm,C2 - Cụm 2: Món mặn đưa cơm
D0062,Bò xào hành cần,D0060,Gân bò xào cải chua,0.7933,7,cùng cụm K-Means; cùng danh mục; trùng từ khóa món; mức giá gần nhau,C2 - Cụm 2: Món mặn đưa cơm,C2 - Cụm 2: Món mặn đưa cơm
D0062,Bò xào hành cần,D0059,Gà hấp lá chanh,0.7033,8,cùng cụm K-Means; cùng danh mục; trùng từ khóa món,C2 - Cụm 2: Món mặn đưa cơm,C2 - Cụm 2: Món mặn đưa cơm
D0061,Cải mầm đá Sapa xào bò,D0064,Rau rừng Gia Lai xào bò,0.9853,1,cùng cụm K-Means; cùng danh mục; trùng từ khóa món; mức giá gần nhau,C2 - Cụm 2: Món mặn đưa cơm,C2 - Cụm 2: Món mặn đưa cơm
D0061,Cải mầm đá Sapa xào bò,D0065,Bò lúc lắc,0.9357,2,cùng cụm K-Means; cùng danh mục; trùng từ khóa món; mức giá gần nhau,C2 - Cụm 2: Món mặn đưa cơm,C2 - Cụm 2: Món mặn đưa cơm
D0061,Cải mầm đá Sapa xào bò,D0062,Bò xào hành cần,0.925,3,cùng cụm K-Means; cùng danh mục; trùng từ khóa món; mức giá gần nhau,C2 - Cụm 2: Món mặn đưa cơm,C2 - Cụm 2: Món mặn đưa cơm
D0061,Cải mầm đá Sapa xào bò,D0063,Măng trúc yên tử xào bò,0.9103,4,cùng cụm K-Means; cùng danh mục; trùng từ khóa món; mức giá gần nhau,C2 - Cụm 2: Món mặn đưa cơm,C2 - Cụm 2: Món mặn đưa cơm
D0061,Cải mầm đá Sapa xào bò,D0056,Gà ta: Kho gừng/ Xào sả ớt/ Kho nghệ,0.81,5,cùng cụm K-Means; cùng danh mục; trùng từ khóa món; mức giá gần nhau,C2 - Cụm 2: Món mặn đưa cơm,C2 - Cụm 2: Món mặn đưa cơm
D0061,Cải mầm đá Sapa xào bò,D0057,Gà ta chiên nước mắm,0.7671,6,cùng cụm K-Means; cùng danh mục; trùng từ khóa món; mức giá gần nhau,C2 - Cụm 2: Món mặn đưa cơm,C2 - Cụm 2: Món mặn đưa cơm
D0061,Cải mầm đá Sapa xào bò,D0049,Cá lóc biển hồ Cambodia chiên giòn,0.75,7,cùng cụm K-Means; trùng từ khóa món; mức giá gần nhau,C2 - Cụm 2: Món mặn đưa cơm,C2 - Cụm 2: Món mặn đưa cơm
D0061,Cải mầm đá Sapa xào bò,D0060,Gân bò xào cải chua,0.7483,8,cùng cụm K-Means; cùng danh mục; trùng từ khóa món; mức giá gần nhau,C2 - Cụm 2: Món mặn đưa cơm,C2 - Cụm 2: Món mặn đưa cơm
D0059,Gà hấp lá chanh,D0056,Gà ta: Kho gừng/ Xào sả ớt/ Kho nghệ,0.7542,1,cùng cụm K-Means; cùng danh mục; trùng từ khóa món,C2 - Cụm 2: Món mặn đưa cơm,C2 - Cụm 2: Món mặn đưa cơm
D0059,Gà hấp lá chanh,D0062,Bò xào hành cần,0.7033,2,cùng cụm K-Means; cùng danh mục; trùng từ khóa món,C2 - Cụm 2: Món mặn đưa cơm,C2 - Cụm 2: Món mặn đưa cơm
D0059,Gà hấp lá chanh,D0063,Măng trúc yên tử xào bò,0.6972,3,cùng cụm K-Means; cùng danh mục; trùng từ khóa món,C2 - Cụm 2: Món mặn đưa cơm,C2 - Cụm 2: Món mặn đưa cơm
D0059,Gà hấp lá chanh,D0057,Gà ta chiên nước mắm,0.6867,4,cùng cụm K-Means; cùng danh mục; trùng từ khóa món,C2 - Cụm 2: Món mặn đưa cơm,C2 - Cụm 2: Món mặn đưa cơm
D0059,Gà hấp lá chanh,D0061,Cải mầm đá Sapa xào bò,0.6583,5,cùng cụm K-Means; cùng danh mục; trùng từ khóa món,C2 - Cụm 2: Món mặn đưa cơm,C2 - Cụm 2: Món mặn đưa cơm
D0059,Gà hấp lá chanh,D0064,Rau rừng Gia Lai xào bò,0.6522,6,cùng cụm K-Means; cùng danh mục; trùng từ khóa món,C2 - Cụm 2: Món mặn đưa cơm,C2 - Cụm 2: Món mặn đưa cơm
D0059,Gà hấp lá chanh,D0060,Gân bò xào cải chua,0.6472,7,cùng cụm K-Means; cùng danh mục; trùng từ khóa món,C2 - Cụm 2: Món mặn đưa cơm,C2 - Cụm 2: Món mặn đưa cơm
D0059,Gà hấp lá chanh,D0065,Bò lúc lắc,0.6262,8,cùng cụm K-Means; cùng danh mục; trùng từ khóa món,C2 - Cụm 2: Món mặn đưa cơm,C2 - Cụm 2: Món mặn đưa cơm
D0057,Gà ta chiên nước mắm,D0056,Gà ta: Kho gừng/ Xào sả ớt/ Kho nghệ,0.91,1,cùng cụm K-Means; cùng danh mục; trùng từ khóa món; mức giá gần nhau,C2 - Cụm 2: Món mặn đưa cơm,C2 - Cụm 2: Món mặn đưa cơm
D0057,Gà ta chiên nước mắm,D0063,Măng trúc yên tử xào bò,0.8227,2,cùng cụm K-Means; cùng danh mục; trùng từ khóa món; mức giá gần nhau,C2 - Cụm 2: Món mặn đưa cơm,C2 - Cụm 2: Món mặn đưa cơm
D0057,Gà ta chiên nước mắm,D0062,Bò xào hành cần,0.81,3,cùng cụm K-Means; cùng danh mục; trùng từ khóa món; mức giá gần nhau,C2 - Cụm 2: Món mặn đưa cơm,C2 - Cụm 2: Món mặn đưa cơm
D0057,Gà ta chiên nước mắm,D0060,Gân bò xào cải chua,0.8046,4,cùng cụm K-Means; cùng danh mục; trùng từ khóa món; mức giá gần nhau,C2 - Cụm 2: Món mặn đưa cơm,C2 - Cụm 2: Món mặn đưa cơm
D0057,Gà ta chiên nước mắm,D0064,Rau rừng Gia Lai xào bò,0.7798,5,cùng cụm K-Means; cùng danh mục; trùng từ khóa món; mức giá gần nhau,C2 - Cụm 2: Món mặn đưa cơm,C2 - Cụm 2: Món mặn đưa cơm
D0057,Gà ta chiên nước mắm,D0061,Cải mầm đá Sapa xào bò,0.7671,6,cùng cụm K-Means; cùng danh mục; trùng từ khóa món; mức giá gần nhau,C2 - Cụm 2: Món mặn đưa cơm,C2 - Cụm 2: Món mặn đưa cơm
D0057,Gà ta chiên nước mắm,D0065,Bò lúc lắc,0.735,7,cùng cụm K-Means; cùng danh mục; trùng từ khóa món; mức giá gần nhau,C2 - Cụm 2: Món mặn đưa cơm,C2 - Cụm 2: Món mặn đưa cơm
D0057,Gà ta chiên nước mắm,D0058,Gà ta rang muối,0.73,8,cùng cụm K-Means; cùng danh mục; trùng từ khóa món; mức giá gần nhau,C2 - Cụm 2: Món mặn đưa cơm,C2 - Cụm 2: Món mặn đưa cơm
D0056,Gà ta: Kho gừng/ Xào sả ớt/ Kho nghệ,D0057,Gà ta chiên nước mắm,0.91,1,cùng cụm K-Means; cùng danh mục; trùng từ khóa món; mức giá gần nhau,C2 - Cụm 2: Món mặn đưa cơm,C2 - Cụm 2: Món mặn đưa cơm
D0056,Gà ta: Kho gừng/ Xào sả ớt/ Kho nghệ,D0063,Măng trúc yên tử xào bò,0.8827,2,cùng cụm K-Means; cùng danh mục; trùng từ khóa món; mức giá gần nhau,C2 - Cụm 2: Món mặn đưa cơm,C2 - Cụm 2: Món mặn đưa cơm
D0056,Gà ta: Kho gừng/ Xào sả ớt/ Kho nghệ,D0060,Gân bò xào cải chua,0.8721,3,cùng cụm K-Means; cùng danh mục; trùng từ khóa món; mức giá gần nhau,C2 - Cụm 2: Món mặn đưa cơm,C2 - Cụm 2: Món mặn đưa cơm
D0056,Gà ta: Kho gừng/ Xào sả ớt/ Kho nghệ,D0062,Bò xào hành cần,0.87,4,cùng cụm K-Means; cùng danh mục; trùng từ khóa món; mức giá gần nhau,C2 - Cụm 2: Món mặn đưa cơm,C2 - Cụm 2: Món mặn đưa cơm
D0056,Gà ta: Kho gừng/ Xào sả ớt/ Kho nghệ,D0064,Rau rừng Gia Lai xào bò,0.8227,5,cùng cụm K-Means; cùng danh mục; trùng từ khóa món; mức giá gần nhau,C2 - Cụm 2: Món mặn đưa cơm,C2 - Cụm 2: Món mặn đưa cơm
D0056,Gà ta: Kho gừng/ Xào sả ớt/ Kho nghệ,D0061,Cải mầm đá Sapa xào bò,0.81,6,cùng cụm K-Means; cùng danh mục; trùng từ khóa món; mức giá gần nhau,C2 - Cụm 2: Món mặn đưa cơm,C2 - Cụm 2: Món mặn đưa cơm
D0056,Gà ta: Kho gừng/ Xào sả ớt/ Kho nghệ,D0058,Gà ta rang muối,0.775,7,cùng cụm K-Means; cùng danh mục; trùng từ khóa món; mức giá gần nhau,C2 - Cụm 2: Món mặn đưa cơm,C2 - Cụm 2: Món mặn đưa cơm
D0056,Gà ta: Kho gừng/ Xào sả ớt/ Kho nghệ,D0065,Bò lúc lắc,0.7671,8,cùng cụm K-Means; cùng danh mục; trùng từ khóa món; mức giá gần nhau,C2 - Cụm 2: Món mặn đưa cơm,C2 - Cụm 2: Món mặn đưa cơm
D0058,Gà ta rang muối,D0060,Gân bò xào cải chua,0.8346,1,cùng cụm K-Means; cùng danh mục; trùng từ khóa món; mức giá gần nhau,C2 - Cụm 2: Món mặn đưa cơm,C2 - Cụm 2: Món mặn đưa cơm
D0058,Gà ta rang muối,D0056,Gà ta: Kho gừng/ Xào sả ớt/ Kho nghệ,0.775,2,cùng cụm K-Means; cùng danh mục; trùng từ khóa món; mức giá gần nhau,C2 - Cụm 2: Món mặn đưa cơm,C2 - Cụm 2: Món mặn đưa cơm
D0058,Gà ta rang muối,D0057,Gà ta chiên nước mắm,0.73,3,cùng cụm K-Means; cùng danh mục; trùng từ khóa món; mức giá gần nhau,C2 - Cụm 2: Món mặn đưa cơm,C2 - Cụm 2: Món mặn đưa cơm
D0058,Gà ta rang muối,D0063,Măng trúc yên tử xào bò,0.7027,4,cùng cụm K-Means; cùng danh mục; trùng từ khóa món; mức giá gần nhau,C2 - Cụm 2: Món mặn đưa cơm,C2 - Cụm 2: Món mặn đưa cơm
D0058,Gà ta rang muối,D0062,Bò xào hành cần,0.69,5,cùng cụm K-Means; cùng danh mục; trùng từ khóa món; mức giá gần nhau,C2 - Cụm 2: Món mặn đưa cơm,C2 - Cụm 2: Món mặn đưa cơm
D0058,Gà ta rang muối,D0064,Rau rừng Gia Lai xào bò,0.6727,6,cùng cụm K-Means; cùng danh mục; trùng từ khóa món; mức giá gần nhau,C2 - Cụm 2: Món mặn đưa cơm,C2 - Cụm 2: Món mặn đưa cơm
D0058,Gà ta rang muối,D0061,Cải mầm đá Sapa xào bò,0.66,7,cùng cụm K-Means; cùng danh mục; trùng từ khóa món; mức giá gần nhau,C2 - Cụm 2: Món mặn đưa cơm,C2 - Cụm 2: Món mặn đưa cơm
D0058,Gà ta rang muối,D0065,Bò lúc lắc,0.6386,8,cùng cụm K-Means; cùng danh mục; trùng từ khóa món; mức giá gần nhau,C2 - Cụm 2: Món mặn đưa cơm,C2 - Cụm 2: Món mặn đưa cơm
D0060,Gân bò xào cải chua,D0056,Gà ta: Kho gừng/ Xào sả ớt/ Kho nghệ,0.8721,1,cùng cụm K-Means; cùng danh mục; trùng từ khóa món; mức giá gần nhau,C2 - Cụm 2: Món mặn đưa cơm,C2 - Cụm 2: Món mặn đưa cơm
D0060,Gân bò xào cải chua,D0058,Gà ta rang muối,0.8346,2,cùng cụm K-Means; cùng danh mục; trùng từ khóa món; mức giá gần nhau,C2 - Cụm 2: Món mặn đưa cơm,C2 - Cụm 2: Món mặn đưa cơm
D0060,Gân bò xào cải chua,D0063,Măng trúc yên tử xào bò,0.8071,3,cùng cụm K-Means; cùng danh mục; trùng từ khóa món; mức giá gần nhau,C2 - Cụm 2: Món mặn đưa cơm,C2 - Cụm 2: Món mặn đưa cơm
D0060,Gân bò xào cải chua,D0057,Gà ta chiên nước mắm,0.8046,4,cùng cụm K-Means; cùng danh mục; trùng từ khóa món; mức giá gần nhau,C2 - Cụm 2: Món mặn đưa cơm,C2 - Cụm 2: Món mặn đưa cơm
D0060,Gân bò xào cải chua,D0062,Bò xào hành cần,0.7933,5,cùng cụm K-Means; cùng danh mục; trùng từ khóa món; mức giá gần nhau,C2 - Cụm 2: Món mặn đưa cơm,C2 - Cụm 2: Món mặn đưa cơm
D0060,Gân bò xào cải chua,D0064,Rau rừng Gia Lai xào bò,0.7621,6,cùng cụm K-Means; cùng danh mục; trùng từ khóa món; mức giá gần nhau,C2 - Cụm 2: Món mặn đưa cơm,C2 - Cụm 2: Món mặn đưa cơm
D0060,Gân bò xào cải chua,D0061,Cải mầm đá Sapa xào bò,0.7483,7,cùng cụm K-Means; cùng danh mục; trùng từ khóa món; mức giá gần nhau,C2 - Cụm 2: Món mặn đưa cơm,C2 - Cụm 2: Món mặn đưa cơm
D0060,Gân bò xào cải chua,D0065,Bò lúc lắc,0.7162,8,cùng cụm K-Means; cùng danh mục; trùng từ khóa món; mức giá gần nhau,C2 - Cụm 2: Món mặn đưa cơm,C2 - Cụm 2: Món mặn đưa cơm
D0063,Măng trúc yên tử xào bò,D0064,Rau rừng Gia Lai xào bò,0.925,1,cùng cụm K-Means; cùng danh mục; trùng từ khóa món; mức giá gần nhau,C2 - Cụm 2: Món mặn đưa cơm,C2 - Cụm 2: Món mặn đưa cơm
D0063,Măng trúc yên tử xào bò,D0061,Cải mầm đá Sapa xào bò,0.9103,2,cùng cụm K-Means; cùng danh mục; trùng từ khóa món; mức giá gần nhau,C2 - Cụm 2: Món mặn đưa cơm,C2 - Cụm 2: Món mặn đưa cơm
D0063,Măng trúc yên tử xào bò,D0056,Gà ta: Kho gừng/ Xào sả ớt/ Kho nghệ,0.8827,3,cùng cụm K-Means; cùng danh mục; trùng từ khóa món; mức giá gần nhau,C2 - Cụm 2: Món mặn đưa cơm,C2 - Cụm 2: Món mặn đưa cơm
D0063,Măng trúc yên tử xào bò,D0065,Bò lúc lắc,0.8568,4,cùng cụm K-Means; cùng danh mục; trùng từ khóa món; mức giá gần nhau,C2 - Cụm 2: Món mặn đưa cơm,C2 - Cụm 2: Món mặn đưa cơm
D0063,Măng trúc yên tử xào bò,D0062,Bò xào hành cần,0.8353,5,cùng cụm K-Means; cùng danh mục; trùng từ khóa món; mức giá gần nhau,C2 - Cụm 2: Món mặn đưa cơm,C2 - Cụm 2: Món mặn đưa cơm
D0063,Măng trúc yên tử xào bò,D0057,Gà ta chiên nước mắm,0.8227,6,cùng cụm K-Means; cùng danh mục; trùng từ khóa món; mức giá gần nhau,C2 - Cụm 2: Món mặn đưa cơm,C2 - Cụm 2: Món mặn đưa cơm
D0063,Măng trúc yên tử xào bò,D0060,Gân bò xào cải chua,0.8071,7,cùng cụm K-Means; cùng danh mục; trùng từ khóa món; mức giá gần nhau,C2 - Cụm 2: Món mặn đưa cơm,C2 - Cụm 2: Món mặn đưa cơm
D0063,Măng trúc yên tử xào bò,D0079,Tôm: Cháy tỏi/ Rang muối/ Chiên nước mắm,0.7238,8,cùng cụm K-Means; trùng từ khóa món; mức giá gần nhau,C2 - Cụm 2: Món mặn đưa cơm,C2 - Cụm 2: Món mặn đưa cơm
D0064,Rau rừng Gia Lai xào bò,D0061,Cải mầm đá Sapa xào bò,0.9853,1,cùng cụm K-Means; cùng danh mục; trùng từ khóa món; mức giá gần nhau,C2 - Cụm 2: Món mặn đưa cơm,C2 - Cụm 2: Món mặn đưa cơm
D0064,Rau rừng Gia Lai xào bò,D0063,Măng trúc yên tử xào bò,0.925,2,cùng cụm K-Means; cùng danh mục; trùng từ khóa món; mức giá gần nhau,C2 - Cụm 2: Món mặn đưa cơm,C2 - Cụm 2: Món mặn đưa cơm
D0064,Rau rừng Gia Lai xào bò,D0065,Bò lúc lắc,0.921,3,cùng cụm K-Means; cùng danh mục; trùng từ khóa món; mức giá gần nhau,C2 - Cụm 2: Món mặn đưa cơm,C2 - Cụm 2: Món mặn đưa cơm
D0064,Rau rừng Gia Lai xào bò,D0062,Bò xào hành cần,0.9103,4,cùng cụm K-Means; cùng danh mục; trùng từ khóa món; mức giá gần nhau,C2 - Cụm 2: Món mặn đưa cơm,C2 - Cụm 2: Món mặn đưa cơm
D0064,Rau rừng Gia Lai xào bò,D0056,Gà ta: Kho gừng/ Xào sả ớt/ Kho nghệ,0.8227,5,cùng cụm K-Means; cùng danh mục; trùng từ khóa món; mức giá gần nhau,C2 - Cụm 2: Món mặn đưa cơm,C2 - Cụm 2: Món mặn đưa cơm
D0064,Rau rừng Gia Lai xào bò,D0057,Gà ta chiên nước mắm,0.7798,6,cùng cụm K-Means; cùng danh mục; trùng từ khóa món; mức giá gần nhau,C2 - Cụm 2: Món mặn đưa cơm,C2 - Cụm 2: Món mặn đưa cơm
D0064,Rau rừng Gia Lai xào bò,D0060,Gân bò xào cải chua,0.7621,7,cùng cụm K-Means; cùng danh mục; trùng từ khóa món; mức giá gần nhau,C2 - Cụm 2: Món mặn đưa cơm,C2 - Cụm 2: Món mặn đưa cơm
D0064,Rau rừng Gia Lai xào bò,D0049,Cá lóc biển hồ Cambodia chiên giòn,0.7353,8,cùng cụm K-Means; trùng từ khóa món; mức giá gần nhau,C2 - Cụm 2: Món mặn đưa cơm,C2 - Cụm 2: Món mặn đưa cơm
D0078,Mực ống: Xào/ Hấp/ Chiên nước mắm,D0079,Tôm: Cháy tỏi/ Rang muối/ Chiên nước mắm,0.8375,1,cùng cụm K-Means; cùng danh mục; trùng từ khóa món; mức giá gần nhau,C2 - Cụm 2: Món mặn đưa cơm,C2 - Cụm 2: Món mặn đưa cơm
D0078,Mực ống: Xào/ Hấp/ Chiên nước mắm,D0080,Ốc bưu xào chuối đậu,0.8075,2,cùng cụm K-Means; cùng danh mục; trùng từ khóa món; mức giá gần nhau,C2 - Cụm 2: Món mặn đưa cơm,C2 - Cụm 2: Món mặn đưa cơm
D0078,Mực ống: Xào/ Hấp/ Chiên nước mắm,D0049,Cá lóc biển hồ Cambodia chiên giòn,0.675,3,cùng cụm K-Means; trùng từ khóa món; mức giá gần nhau,C2 - Cụm 2: Món mặn đưa cơm,C2 - Cụm 2: Món mặn đưa cơm
D0078,Mực ống: Xào/ Hấp/ Chiên nước mắm,D0061,Cải mầm đá Sapa xào bò,0.675,4,cùng cụm K-Means; trùng từ khóa món; mức giá gần nhau,C2 - Cụm 2: Món mặn đưa cơm,C2 - Cụm 2: Món mặn đưa cơm
D0078,Mực ống: Xào/ Hấp/ Chiên nước mắm,D0064,Rau rừng Gia Lai xào bò,0.6603,5,cùng cụm K-Means; trùng từ khóa món; mức giá gần nhau,C2 - Cụm 2: Món mặn đưa cơm,C2 - Cụm 2: Món mặn đưa cơm
D0078,Mực ống: Xào/ Hấp/ Chiên nước mắm,D0051,Cá thác lác chiên thì là,0.6467,6,cùng cụm K-Means; trùng từ khóa món; mức giá gần nhau,C2 - Cụm 2: Món mặn đưa cơm,C2 - Cụm 2: Món mặn đưa cơm
D0078,Mực ống: Xào/ Hấp/ Chiên nước mắm,D0086,Mì xào hải sản,0.6433,7,cùng cụm K-Means; trùng từ khóa món,C2 - Cụm 2: Món mặn đưa cơm,C2 - Cụm 2: Món mặn đưa cơm
D0078,Mực ống: Xào/ Hấp/ Chiên nước mắm,D0037,Cá ngừ đại dương: Sốt cà/ Kho thơm/ Lúc lắc,0.6417,8,cùng cụm K-Means; trùng từ khóa món; mức giá gần nhau,C2 - Cụm 2: Món mặn đưa cơm,C2 - Cụm 2: Món mặn đưa cơm
D0080,Ốc bưu xào chuối đậu,D0079,Tôm: Cháy tỏi/ Rang muối/ Chiên nước mắm,0.82,1,cùng cụm K-Means; cùng danh mục; trùng từ khóa món; mức giá gần nhau,C2 - Cụm 2: Món mặn đưa cơm,C2 - Cụm 2: Món mặn đưa cơm
D0080,Ốc bưu xào chuối đậu,D0078,Mực ống: Xào/ Hấp/ Chiên nước mắm,0.8075,2,cùng cụm K-Means; cùng danh mục; trùng từ khóa món; mức giá gần nhau,C2 - Cụm 2: Món mặn đưa cơm,C2 - Cụm 2: Món mặn đưa cơm
D0080,Ốc bưu xào chuối đậu,D0085,Trứng chiên lá mơ,0.625,3,cùng cụm K-Means; trùng từ khóa món,C2 - Cụm 2: Món mặn đưa cơm,C2 - Cụm 2: Món mặn đưa cơm
D0080,Ốc bưu xào chuối đậu,D0051,Cá thác lác chiên thì là,0.6125,4,cùng cụm K-Means; trùng từ khóa món; mức giá gần nhau,C2 - Cụm 2: Món mặn đưa cơm,C2 - Cụm 2: Món mặn đưa cơm
D0080,Ốc bưu xào chuối đậu,D0092,Hến xúc bánh đa,0.5613,5,trùng từ khóa món,C2 - Cụm 2: Món mặn đưa cơm,C4 - Cụm 4: Món tiệc/lẩu/ăn chơi
D0080,Ốc bưu xào chuối đậu,D0063,Măng trúc yên tử xào bò,0.5438,6,cùng cụm K-Means; trùng từ khóa món; mức giá gần nhau,C2 - Cụm 2: Món mặn đưa cơm,C2 - Cụm 2: Món mặn đưa cơm
D0080,Ốc bưu xào chuối đậu,D0038,Cá diếc: Kho tương bần/ chiên giòn,0.5125,7,cùng cụm K-Means; trùng từ khóa món; mức giá gần nhau,C2 - Cụm 2: Món mặn đưa cơm,C2 - Cụm 2: Món mặn đưa cơm
D0080,Ốc bưu xào chuối đậu,D0049,Cá lóc biển hồ Cambodia chiên giòn,0.5125,8,cùng cụm K-Means; trùng từ khóa món; mức giá gần nhau,C2 - Cụm 2: Món mặn đưa cơm,C2 - Cụm 2: Món mặn đưa cơm
D0079,Tôm: Cháy tỏi/ Rang muối/ Chiên nước mắm,D0078,Mực ống: Xào/ Hấp/ Chiên nước mắm,0.8375,1,cùng cụm K-Means; cùng danh mục; trùng từ khóa món; mức giá gần nhau,C2 - Cụm 2: Món mặn đưa cơm,C2 - Cụm 2: Món mặn đưa cơm
D0079,Tôm: Cháy tỏi/ Rang muối/ Chiên nước mắm,D0080,Ốc bưu xào chuối đậu,0.82,2,cùng cụm K-Means; cùng danh mục; trùng từ khóa món; mức giá gần nhau,C2 - Cụm 2: Món mặn đưa cơm,C2 - Cụm 2: Món mặn đưa cơm
D0079,Tôm: Cháy tỏi/ Rang muối/ Chiên nước mắm,D0063,Măng trúc yên tử xào bò,0.7238,3,cùng cụm K-Means; trùng từ khóa món; mức giá gần nhau,C2 - Cụm 2: Món mặn đưa cơm,C2 - Cụm 2: Món mặn đưa cơm
D0079,Tôm: Cháy tỏi/ Rang muối/ Chiên nước mắm,D0049,Cá lóc biển hồ Cambodia chiên giòn,0.6625,4,cùng cụm K-Means; trùng từ khóa món; mức giá gần nhau,C2 - Cụm 2: Món mặn đưa cơm,C2 - Cụm 2: Món mặn đưa cơm
D0079,Tôm: Cháy tỏi/ Rang muối/ Chiên nước mắm,D0061,Cải mầm đá Sapa xào bò,0.6625,5,cùng cụm K-Means; trùng từ khóa món; mức giá gần nhau,C2 - Cụm 2: Món mặn đưa cơm,C2 - Cụm 2: Món mặn đưa cơm
D0079,Tôm: Cháy tỏi/ Rang muối/ Chiên nước mắm,D0037,Cá ngừ đại dương: Sốt cà/ Kho thơm/ Lúc lắc,0.6528,6,cùng cụm K-Means; trùng từ khóa món; mức giá gần nhau,C2 - Cụm 2: Món mặn đưa cơm,C2 - Cụm 2: Món mặn đưa cơm
D0079,Tôm: Cháy tỏi/ Rang muối/ Chiên nước mắm,D0064,Rau rừng Gia Lai xào bò,0.6488,7,cùng cụm K-Means; trùng từ khóa món; mức giá gần nhau,C2 - Cụm 2: Món mặn đưa cơm,C2 - Cụm 2: Món mặn đưa cơm
D0079,Tôm: Cháy tỏi/ Rang muối/ Chiên nước mắm,D0044,Cá hồng biển Phú Quý: Kho tộ/ Sốt cà chua,0.6482,8,cùng cụm K-Means; trùng từ khóa món; mức giá gần nhau,C2 - Cụm 2: Món mặn đưa cơm,C2 - Cụm 2: Món mặn đưa cơm
D0025,Ba rọi luộc + cà pháo,D0026,Ba rọi luộc + tôm chua,0.8875,1,cùng cụm K-Means; cùng danh mục; trùng từ khóa món; mức giá gần nhau,C2 - Cụm 2: Món mặn đưa cơm,C2 - Cụm 2: Món mặn đưa cơm
D0025,Ba rọi luộc + cà pháo,D0032,Sườn heo rang muối,0.8057,2,cùng cụm K-Means; cùng danh mục; trùng từ khóa món; mức giá gần nhau,C2 - Cụm 2: Món mặn đưa cơm,C2 - Cụm 2: Món mặn đưa cơm
D0025,Ba rọi luộc + cà pháo,D0031,Sườn xào chua ngọt,0.8057,3,cùng cụm K-Means; cùng danh mục; trùng từ khóa món; mức giá gần nhau,C2 - Cụm 2: Món mặn đưa cơm,C2 - Cụm 2: Món mặn đưa cơm
D0025,Ba rọi luộc + cà pháo,D0027,Ba rọi rang cháy cạnh,0.7869,4,cùng cụm K-Means; cùng danh mục; trùng từ khóa món,C2 - Cụm 2: Món mặn đưa cơm,C2 - Cụm 2: Món mặn đưa cơm
D0025,Ba rọi luộc + cà pháo,D0033,Giò heo giả cầy,0.7869,5,cùng cụm K-Means; cùng danh mục; trùng từ khóa món,C2 - Cụm 2: Món mặn đưa cơm,C2 - Cụm 2: Món mặn đưa cơm
D0025,Ba rọi luộc + cà pháo,D0030,Sườn non rim mặn,0.7569,6,cùng cụm K-Means; cùng danh mục; trùng từ khóa món,C2 - Cụm 2: Món mặn đưa cơm,C2 - Cụm 2: Món mặn đưa cơm
D0025,Ba rọi luộc + cà pháo,D0029,Thịt kho mắm ruốc,0.7119,7,cùng cụm K-Means; cùng danh mục; trùng từ khóa món,C2 - Cụm 2: Món mặn đưa cơm,C2 - Cụm 2: Món mặn đưa cơm
D0025,Ba rọi luộc + cà pháo,D0028,Thịt kho tiêu,0.7119,8,cùng cụm K-Means; cùng danh mục; trùng từ khóa món,C2 - Cụm 2: Món mặn đưa cơm,C2 - Cụm 2: Món mặn đưa cơm
D0026,Ba rọi luộc + tôm chua,D0025,Ba rọi luộc + cà pháo,0.8875,1,cùng cụm K-Means; cùng danh mục; trùng từ khóa món; mức giá gần nhau,C2 - Cụm 2: Món mặn đưa cơm,C2 - Cụm 2: Món mặn đưa cơm
D0026,Ba rọi luộc + tôm chua,D0029,Thịt kho mắm ruốc,0.7869,2,cùng cụm K-Means; cùng danh mục; trùng từ khóa món,C2 - Cụm 2: Món mặn đưa cơm,C2 - Cụm 2: Món mặn đưa cơm
D0026,Ba rọi luộc + tôm chua,D0032,Sườn heo rang muối,0.7157,3,cùng cụm K-Means; cùng danh mục; trùng từ khóa món; mức giá gần nhau,C2 - Cụm 2: Món mặn đưa cơm,C2 - Cụm 2: Món mặn đưa cơm
D0026,Ba rọi luộc + tôm chua,D0031,Sườn xào chua ngọt,0.7157,4,cùng cụm K-Means; cùng danh mục; trùng từ khóa món; mức giá gần nhau,C2 - Cụm 2: Món mặn đưa cơm,C2 - Cụm 2: Món mặn đưa cơm
D0026,Ba rọi luộc + tôm chua,D0027,Ba rọi rang cháy cạnh,0.7119,5,cùng cụm K-Means; cùng danh mục; trùng từ khóa món,C2 - Cụm 2: Món mặn đưa cơm,C2 - Cụm 2: Món mặn đưa cơm
D0026,Ba rọi luộc + tôm chua,D0033,Giò heo giả cầy,0.7119,6,cùng cụm K-Means; cùng danh mục; trùng từ khóa món,C2 - Cụm 2: Món mặn đưa cơm,C2 - Cụm 2: Món mặn đưa cơm
D0026,Ba rọi luộc + tôm chua,D0035,Giò thủ,0.6669,7,cùng cụm K-Means; cùng danh mục; trùng từ khóa món,C2 - Cụm 2: Món mặn đưa cơm,C2 - Cụm 2: Món mặn đưa cơm
D0026,Ba rọi luộc + tôm chua,D0030,Sườn non rim mặn,0.6669,8,cùng cụm K-Means; cùng danh mục; trùng từ khóa món,C2 - Cụm 2: Món mặn đưa cơm,C2 - Cụm 2: Món mặn đưa cơm
D0027,Ba rọi rang cháy cạnh,D0028,Thịt kho tiêu,0.8071,1,cùng cụm K-Means; cùng danh mục; trùng từ khóa món; mức giá gần nhau,C2 - Cụm 2: Món mặn đưa cơm,C2 - Cụm 2: Món mặn đưa cơm
D0027,Ba rọi rang cháy cạnh,D0025,Ba rọi luộc + cà pháo,0.7869,2,cùng cụm K-Means; cùng danh mục; trùng từ khóa món,C2 - Cụm 2: Món mặn đưa cơm,C2 - Cụm 2: Món mặn đưa cơm
D0027,Ba rọi rang cháy cạnh,D0032,Sườn heo rang muối,0.7771,3,cùng cụm K-Means; cùng danh mục; trùng từ khóa món,C2 - Cụm 2: Món mặn đưa cơm,C2 - Cụm 2: Món mặn đưa cơm
D0027,Ba rọi rang cháy cạnh,D0031,Sườn xào chua ngọt,0.7771,4,cùng cụm K-Means; cùng danh mục; trùng từ khóa món,C2 - Cụm 2: Món mặn đưa cơm,C2 - Cụm 2: Món mặn đưa cơm
D0027,Ba rọi rang cháy cạnh,D0033,Giò heo giả cầy,0.775,5,cùng cụm K-Means; cùng danh mục; trùng từ khóa món; mức giá gần nhau,C2 - Cụm 2: Món mặn đưa cơm,C2 - Cụm 2: Món mặn đưa cơm
D0027,Ba rọi rang cháy cạnh,D0035,Giò thủ,0.7429,6,cùng cụm K-Means; cùng danh mục; trùng từ khóa món; mức giá gần nhau,C2 - Cụm 2: Món mặn đưa cơm,C2 - Cụm 2: Món mặn đưa cơm
D0027,Ba rọi rang cháy cạnh,D0030,Sườn non rim mặn,0.7429,7,cùng cụm K-Means; cùng danh mục; trùng từ khóa món; mức giá gần nhau,C2 - Cụm 2: Món mặn đưa cơm,C2 - Cụm 2: Món mặn đưa cơm
D0027,Ba rọi rang cháy cạnh,D0026,Ba rọi luộc + tôm chua,0.7119,8,cùng cụm K-Means; cùng danh mục; trùng từ khóa món,C2 - Cụm 2: Món mặn đưa cơm,C2 - Cụm 2: Món mặn đưa cơm
D0033,Giò heo giả cầy,D0030,Sườn non rim mặn,0.85,1,cùng cụm K-Means; cùng danh mục; trùng từ khóa món; mức giá gần nhau,C2 - Cụm 2: Món mặn đưa cơm,C2 - Cụm 2: Món mặn đưa cơm
D0033,Giò heo giả cầy,D0028,Thịt kho tiêu,0.8071,2,cùng cụm K-Means; cùng danh mục; trùng từ khóa món; mức giá gần nhau,C2 - Cụm 2: Món mặn đưa cơm,C2 - Cụm 2: Món mặn đưa cơm
D0033,Giò heo giả cầy,D0025,Ba rọi luộc + cà pháo,0.7869,3,cùng cụm K-Means; cùng danh mục; trùng từ khóa món,C2 - Cụm 2: Món mặn đưa cơm,C2 - Cụm 2: Món mặn đưa cơm
D0033,Giò heo giả cầy,D0027,Ba rọi rang cháy cạnh,0.775,4,cùng cụm K-Means; cùng danh mục; trùng từ khóa món; mức giá gần nhau,C2 - Cụm 2: Món mặn đưa cơm,C2 - Cụm 2: Món mặn đưa cơm
D0033,Giò heo giả cầy,D0035,Giò thủ,0.7429,5,cùng cụm K-Means; cùng danh mục; trùng từ khóa món; mức giá gần nhau,C2 - Cụm 2: Món mặn đưa cơm,C2 - Cụm 2: Món mặn đưa cơm
D0033,Giò heo giả cầy,D0026,Ba rọi luộc + tôm chua,0.7119,6,cùng cụm K-Means; cùng danh mục; trùng từ khóa món,C2 - Cụm 2: Món mặn đưa cơm,C2 - Cụm 2: Món mặn đưa cơm
D0033,Giò heo giả cầy,D0029,Thịt kho mắm ruốc,0.7,7,cùng cụm K-Means; cùng danh mục; trùng từ khóa món; mức giá gần nhau,C2 - Cụm 2: Món mặn đưa cơm,C2 - Cụm 2: Món mặn đưa cơm
D0033,Giò heo giả cầy,D0034,Thịt đông dưa chua,0.7,8,cùng cụm K-Means; cùng danh mục; trùng từ khóa món; mức giá gần nhau,C2 - Cụm 2: Món mặn đưa cơm,C2 - Cụm 2: Món mặn đưa cơm
D0035,Giò thủ,D0029,Thịt kho mắm ruốc,0.775,1,cùng cụm K-Means; cùng danh mục; trùng từ khóa món; mức giá gần nhau,C2 - Cụm 2: Món mặn đưa cơm,C2 - Cụm 2: Món mặn đưa cơm
D0035,Giò thủ,D0032,Sườn heo rang muối,0.7471,2,cùng cụm K-Means; cùng danh mục; trùng từ khóa món,C2 - Cụm 2: Món mặn đưa cơm,C2 - Cụm 2: Món mặn đưa cơm
D0035,Giò thủ,D0031,Sườn xào chua ngọt,0.7471,3,cùng cụm K-Means; cùng danh mục; trùng từ khóa món,C2 - Cụm 2: Món mặn đưa cơm,C2 - Cụm 2: Món mặn đưa cơm
D0035,Giò thủ,D0027,Ba rọi rang cháy cạnh,0.7429,4,cùng cụm K-Means; cùng danh mục; trùng từ khóa món; mức giá gần nhau,C2 - Cụm 2: Món mặn đưa cơm,C2 - Cụm 2: Món mặn đưa cơm
D0035,Giò thủ,D0033,Giò heo giả cầy,0.7429,5,cùng cụm K-Means; cùng danh mục; trùng từ khóa món; mức giá gần nhau,C2 - Cụm 2: Món mặn đưa cơm,C2 - Cụm 2: Món mặn đưa cơm
D0035,Giò thủ,D0030,Sườn non rim mặn,0.7,6,cùng cụm K-Means; cùng danh mục; trùng từ khóa món; mức giá gần nhau,C2 - Cụm 2: Món mặn đưa cơm,C2 - Cụm 2: Món mặn đưa cơm
D0035,Giò thủ,D0028,Thịt kho tiêu,0.6786,7,cùng cụm K-Means; cùng danh mục; trùng từ khóa món; mức giá gần nhau,C2 - Cụm 2: Món mặn đưa cơm,C2 - Cụm 2: Món mặn đưa cơm
D0035,Giò thủ,D0026,Ba rọi luộc + tôm chua,0.6669,8,cùng cụm K-Means; cùng danh mục; trùng từ khóa món,C2 - Cụm 2: Món mặn đưa cơm,C2 - Cụm 2: Món mặn đưa cơm
D0032,Sườn heo rang muối,D0031,Sườn xào chua ngọt,1.0,1,cùng cụm K-Means; cùng danh mục; trùng từ khóa món; mức giá gần nhau,C2 - Cụm 2: Món mặn đưa cơm,C2 - Cụm 2: Món mặn đưa cơm
D0032,Sườn heo rang muối,D0025,Ba rọi luộc + cà pháo,0.8057,2,cùng cụm K-Means; cùng danh mục; trùng từ khóa món; mức giá gần nhau,C2 - Cụm 2: Món mặn đưa cơm,C2 - Cụm 2: Món mặn đưa cơm
D0032,Sườn heo rang muối,D0027,Ba rọi rang cháy cạnh,0.7771,3,cùng cụm K-Means; cùng danh mục; trùng từ khóa món,C2 - Cụm 2: Món mặn đưa cơm,C2 - Cụm 2: Món mặn đưa cơm
D0032,Sườn heo rang muối,D0035,Giò thủ,0.7471,4,cùng cụm K-Means; cùng danh mục; trùng từ khóa món,C2 - Cụm 2: Món mặn đưa cơm,C2 - Cụm 2: Món mặn đưa cơm
D0032,Sườn heo rang muối,D0030,Sườn non rim mặn,0.7471,5,cùng cụm K-Means; cùng danh mục; trùng từ khóa món,C2 - Cụm 2: Món mặn đưa cơm,C2 - Cụm 2: Món mặn đưa cơm
D0032,Sườn heo rang muối,D0056,Gà ta: Kho gừng/ Xào sả ớt/ Kho nghệ,0.7214,6,cùng cụm K-Means; trùng từ khóa món; mức giá gần nhau,C2 - Cụm 2: Món mặn đưa cơm,C2 - Cụm 2: Món mặn đưa cơm
D0032,Sườn heo rang muối,D0026,Ba rọi luộc + tôm chua,0.7157,7,cùng cụm K-Means; cùng danh mục; trùng từ khóa món; mức giá gần nhau,C2 - Cụm 2: Món mặn đưa cơm,C2 - Cụm 2: Món mặn đưa cơm
D0032,Sườn heo rang muối,D0029,Thịt kho mắm ruốc,0.7021,8,cùng cụm K-Means; cùng danh mục; trùng từ khóa món,C2 - Cụm 2: Món mặn đưa cơm,C2 - Cụm 2: Món mặn đưa cơm
D0030,Sườn non rim mặn,D0028,Thịt kho tiêu,0.91,1,cùng cụm K-Means; cùng danh mục; trùng từ khóa món; mức giá gần nhau,C2 - Cụm 2: Món mặn đưa cơm,C2 - Cụm 2: Món mặn đưa cơm
D0030,Sườn non rim mặn,D0033,Giò heo giả cầy,0.85,2,cùng cụm K-Means; cùng danh mục; trùng từ khóa món; mức giá gần nhau,C2 - Cụm 2: Món mặn đưa cơm,C2 - Cụm 2: Món mặn đưa cơm
D0030,Sườn non rim mặn,D0029,Thịt kho mắm ruốc,0.775,3,cùng cụm K-Means; cùng danh mục; trùng từ khóa món; mức giá gần nhau,C2 - Cụm 2: Món mặn đưa cơm,C2 - Cụm 2: Món mặn đưa cơm
D0030,Sườn non rim mặn,D0034,Thịt đông dưa chua,0.775,4,cùng cụm K-Means; cùng danh mục; trùng từ khóa món; mức giá gần nhau,C2 - Cụm 2: Món mặn đưa cơm,C2 - Cụm 2: Món mặn đưa cơm
D0030,Sườn non rim mặn,D0025,Ba rọi luộc + cà pháo,0.7569,5,cùng cụm K-Means; cùng danh mục; trùng từ khóa món,C2 - Cụm 2: Món mặn đưa cơm,C2 - Cụm 2: Món mặn đưa cơm
D0030,Sườn non rim mặn,D0032,Sườn heo rang muối,0.7471,6,cùng cụm K-Means; cùng danh mục; trùng từ khóa món,C2 - Cụm 2: Món mặn đưa cơm,C2 - Cụm 2: Món mặn đưa cơm
D0030,Sườn non rim mặn,D0031,Sườn xào chua ngọt,0.7471,7,cùng cụm K-Means; cùng danh mục; trùng từ khóa món,C2 - Cụm 2: Món mặn đưa cơm,C2 - Cụm 2: Món mặn đưa cơm
D0030,Sườn non rim mặn,D0027,Ba rọi rang cháy cạnh,0.7429,8,cùng cụm K-Means; cùng danh mục; trùng từ khóa món; mức giá gần nhau,C2 - Cụm 2: Món mặn đưa cơm,C2 - Cụm 2: Món mặn đưa cơm
D0031,Sườn xào chua ngọt,D0032,Sườn heo rang muối,1.0,1,cùng cụm K-Means; cùng danh mục; trùng từ khóa món; mức giá gần nhau,C2 - Cụm 2: Món mặn đưa cơm,C2 - Cụm 2: Món mặn đưa cơm
D0031,Sườn xào chua ngọt,D0025,Ba rọi luộc + cà pháo,0.8057,2,cùng cụm K-Means; cùng danh mục; trùng từ khóa món; mức giá gần nhau,C2 - Cụm 2: Món mặn đưa cơm,C2 - Cụm 2: Món mặn đưa cơm
D0031,Sườn xào chua ngọt,D0027,Ba rọi rang cháy cạnh,0.7771,3,cùng cụm K-Means; cùng danh mục; trùng từ khóa món,C2 - Cụm 2: Món mặn đưa cơm,C2 - Cụm 2: Món mặn đưa cơm
D0031,Sườn xào chua ngọt,D0035,Giò thủ,0.7471,4,cùng cụm K-Means; cùng danh mục; trùng từ khóa món,C2 - Cụm 2: Món mặn đưa cơm,C2 - Cụm 2: Món mặn đưa cơm
D0031,Sườn xào chua ngọt,D0030,Sườn non rim mặn,0.7471,5,cùng cụm K-Means; cùng danh mục; trùng từ khóa món,C2 - Cụm 2: Món mặn đưa cơm,C2 - Cụm 2: Món mặn đưa cơm
D0031,Sườn xào chua ngọt,D0056,Gà ta: Kho gừng/ Xào sả ớt/ Kho nghệ,0.7214,6,cùng cụm K-Means; trùng từ khóa món; mức giá gần nhau,C2 - Cụm 2: Món mặn đưa cơm,C2 - Cụm 2: Món mặn đưa cơm
D0031,Sườn xào chua ngọt,D0026,Ba rọi luộc + tôm chua,0.7157,7,cùng cụm K-Means; cùng danh mục; trùng từ khóa món; mức giá gần nhau,C2 - Cụm 2: Món mặn đưa cơm,C2 - Cụm 2: Món mặn đưa cơm
D0031,Sườn xào chua ngọt,D0029,Thịt kho mắm ruốc,0.7021,8,cùng cụm K-Means; cùng danh mục; trùng từ khóa món,C2 - Cụm 2: Món mặn đưa cơm,C2 - Cụm 2: Món mặn đưa cơm
D0029,Thịt kho mắm ruốc,D0026,Ba rọi luộc + tôm chua,0.7869,1,cùng cụm K-Means; cùng danh mục; trùng từ khóa món,C2 - Cụm 2: Món mặn đưa cơm,C2 - Cụm 2: Món mặn đưa cơm
D0029,Thịt kho mắm ruốc,D0035,Giò thủ,0.775,2,cùng cụm K-Means; cùng danh mục; trùng từ khóa món; mức giá gần nhau,C2 - Cụm 2: Món mặn đưa cơm,C2 - Cụm 2: Món mặn đưa cơm
D0029,Thịt kho mắm ruốc,D0030,Sườn non rim mặn,0.775,3,cùng cụm K-Means; cùng danh mục; trùng từ khóa món; mức giá gần nhau,C2 - Cụm 2: Món mặn đưa cơm,C2 - Cụm 2: Món mặn đưa cơm
D0029,Thịt kho mắm ruốc,D0028,Thịt kho tiêu,0.73,4,cùng cụm K-Means; cùng danh mục; trùng từ khóa món; mức giá gần nhau,C2 - Cụm 2: Món mặn đưa cơm,C2 - Cụm 2: Món mặn đưa cơm
D0029,Thịt kho mắm ruốc,D0025,Ba rọi luộc + cà pháo,0.7119,5,cùng cụm K-Means; cùng danh mục; trùng từ khóa món,C2 - Cụm 2: Món mặn đưa cơm,C2 - Cụm 2: Món mặn đưa cơm
D0029,Thịt kho mắm ruốc,D0032,Sườn heo rang muối,0.7021,6,cùng cụm K-Means; cùng danh mục; trùng từ khóa món,C2 - Cụm 2: Món mặn đưa cơm,C2 - Cụm 2: Món mặn đưa cơm
D0029,Thịt kho mắm ruốc,D0031,Sườn xào chua ngọt,0.7021,7,cùng cụm K-Means; cùng danh mục; trùng từ khóa món,C2 - Cụm 2: Món mặn đưa cơm,C2 - Cụm 2: Món mặn đưa cơm
D0029,Thịt kho mắm ruốc,D0027,Ba rọi rang cháy cạnh,0.7,8,cùng cụm K-Means; cùng danh mục; trùng từ khóa món; mức giá gần nhau,C2 - Cụm 2: Món mặn đưa cơm,C2 - Cụm 2: Món mặn đưa cơm
D0028,Thịt kho tiêu,D0030,Sườn non rim mặn,0.91,1,cùng cụm K-Means; cùng danh mục; trùng từ khóa món; mức giá gần nhau,C2 - Cụm 2: Món mặn đưa cơm,C2 - Cụm 2: Món mặn đưa cơm
D0028,Thịt kho tiêu,D0027,Ba rọi rang cháy cạnh,0.8071,2,cùng cụm K-Means; cùng danh mục; trùng từ khóa món; mức giá gần nhau,C2 - Cụm 2: Món mặn đưa cơm,C2 - Cụm 2: Món mặn đưa cơm
D0028,Thịt kho tiêu,D0033,Giò heo giả cầy,0.8071,3,cùng cụm K-Means; cùng danh mục; trùng từ khóa món; mức giá gần nhau,C2 - Cụm 2: Món mặn đưa cơm,C2 - Cụm 2: Món mặn đưa cơm
D0028,Thịt kho tiêu,D0029,Thịt kho mắm ruốc,0.73,4,cùng cụm K-Means; cùng danh mục; trùng từ khóa món; mức giá gần nhau,C2 - Cụm 2: Món mặn đưa cơm,C2 - Cụm 2: Món mặn đưa cơm
D0028,Thịt kho tiêu,D0034,Thịt đông dưa chua,0.73,5,cùng cụm K-Means; cùng danh mục; trùng từ khóa món; mức giá gần nhau,C2 - Cụm 2: Món mặn đưa cơm,C2 - Cụm 2: Món mặn đưa cơm
D0028,Thịt kho tiêu,D0025,Ba rọi luộc + cà pháo,0.7119,6,cùng cụm K-Means; cùng danh mục; trùng từ khóa món,C2 - Cụm 2: Món mặn đưa cơm,C2 - Cụm 2: Món mặn đưa cơm
D0028,Thịt kho tiêu,D0032,Sườn heo rang muối,0.7021,7,cùng cụm K-Means; cùng danh mục; trùng từ khóa món,C2 - Cụm 2: Món mặn đưa cơm,C2 - Cụm 2: Món mặn đưa cơm
D0028,Thịt kho tiêu,D0031,Sườn xào chua ngọt,0.7021,8,cùng cụm K-Means; cùng danh mục; trùng từ khóa món,C2 - Cụm 2: Món mặn đưa cơm,C2 - Cụm 2: Món mặn đưa cơm
D0034,Thịt đông dưa chua,D0030,Sườn non rim mặn,0.775,1,cùng cụm K-Means; cùng danh mục; trùng từ khóa món; mức giá gần nhau,C2 - Cụm 2: Món mặn đưa cơm,C2 - Cụm 2: Món mặn đưa cơm
D0034,Thịt đông dưa chua,D0028,Thịt kho tiêu,0.73,2,cùng cụm K-Means; cùng danh mục; trùng từ khóa món; mức giá gần nhau,C2 - Cụm 2: Món mặn đưa cơm,C2 - Cụm 2: Món mặn đưa cơm
D0034,Thịt đông dưa chua,D0025,Ba rọi luộc + cà pháo,0.7119,3,cùng cụm K-Means; cùng danh mục; trùng từ khóa món,C2 - Cụm 2: Món mặn đưa cơm,C2 - Cụm 2: Món mặn đưa cơm
D0034,Thịt đông dưa chua,D0032,Sườn heo rang muối,0.7021,4,cùng cụm K-Means; cùng danh mục; trùng từ khóa món,C2 - Cụm 2: Món mặn đưa cơm,C2 - Cụm 2: Món mặn đưa cơm
D0034,Thịt đông dưa chua,D0031,Sườn xào chua ngọt,0.7021,5,cùng cụm K-Means; cùng danh mục; trùng từ khóa món,C2 - Cụm 2: Món mặn đưa cơm,C2 - Cụm 2: Món mặn đưa cơm
D0034,Thịt đông dưa chua,D0027,Ba rọi rang cháy cạnh,0.7,6,cùng cụm K-Means; cùng danh mục; trùng từ khóa món; mức giá gần nhau,C2 - Cụm 2: Món mặn đưa cơm,C2 - Cụm 2: Món mặn đưa cơm
D0034,Thịt đông dưa chua,D0033,Giò heo giả cầy,0.7,7,cùng cụm K-Means; cùng danh mục; trùng từ khóa món; mức giá gần nhau,C2 - Cụm 2: Món mặn đưa cơm,C2 - Cụm 2: Món mặn đưa cơm
D0034,Thịt đông dưa chua,D0029,Thịt kho mắm ruốc,0.7,8,cùng cụm K-Means; cùng danh mục; trùng từ khóa món; mức giá gần nhau,C2 - Cụm 2: Món mặn đưa cơm,C2 - Cụm 2: Món mặn đưa cơm
D0093,Đậu hũ non thịt ghẹ nướng giấy bạc,D0089,Nem ghẹ Phú Quốc,0.8067,1,cùng cụm K-Means; cùng danh mục; trùng từ khóa món; mức giá gần nhau,C4 - Cụm 4: Món tiệc/lẩu/ăn chơi,C4 - Cụm 4: Món tiệc/lẩu/ăn chơi
D0093,Đậu hũ non thịt ghẹ nướng giấy bạc,D0095,Salad cải mầm: Trứng/ Bò,0.8062,2,cùng cụm K-Means; cùng danh mục; trùng từ khóa món,C4 - Cụm 4: Món tiệc/lẩu/ăn chơi,C4 - Cụm 4: Món tiệc/lẩu/ăn chơi
D0093,Đậu hũ non thịt ghẹ nướng giấy bạc,D0096,Bắp bò ngâm nước mắm,0.775,3,cùng cụm K-Means; cùng danh mục; trùng từ khóa món; mức giá gần nhau,C4 - Cụm 4: Món tiệc/lẩu/ăn chơi,C4 - Cụm 4: Món tiệc/lẩu/ăn chơi
D0093,Đậu hũ non thịt ghẹ nướng giấy bạc,D0090,Miến xào thịt ghẹ,0.775,4,cùng cụm K-Means; cùng danh mục; trùng từ khóa món; mức giá gần nhau,C4 - Cụm 4: Món tiệc/lẩu/ăn chơi,C4 - Cụm 4: Món tiệc/lẩu/ăn chơi
D0093,Đậu hũ non thịt ghẹ nướng giấy bạc,D0097,Tai heo ngâm nước mắm,0.7617,5,cùng cụm K-Means; cùng danh mục; trùng từ khóa món; mức giá gần nhau,C4 - Cụm 4: Món tiệc/lẩu/ăn chơi,C4 - Cụm 4: Món tiệc/lẩu/ăn chơi
D0093,Đậu hũ non thịt ghẹ nướng giấy bạc,D0088,Lườn ngỗng sốt chanh dây,0.73,6,cùng cụm K-Means; cùng danh mục; trùng từ khóa món; mức giá gần nhau,C4 - Cụm 4: Món tiệc/lẩu/ăn chơi,C4 - Cụm 4: Món tiệc/lẩu/ăn chơi
D0093,Đậu hũ non thịt ghẹ nướng giấy bạc,D0094,Salad cải mầm cá ngừ,0.73,7,cùng cụm K-Means; cùng danh mục; trùng từ khóa món; mức giá gần nhau,C4 - Cụm 4: Món tiệc/lẩu/ăn chơi,C4 - Cụm 4: Món tiệc/lẩu/ăn chơi
D0093,Đậu hũ non thịt ghẹ nướng giấy bạc,D0092,Hến xúc bánh đa,0.6937,8,cùng cụm K-Means; cùng danh mục; trùng từ khóa món,C4 - Cụm 4: Món tiệc/lẩu/ăn chơi,C4 - Cụm 4: Món tiệc/lẩu/ăn chơi
D0096,Bắp bò ngâm nước mắm,D0097,Tai heo ngâm nước mắm,0.9867,1,cùng cụm K-Means; cùng danh mục; trùng từ khóa món; mức giá gần nhau,C4 - Cụm 4: Món tiệc/lẩu/ăn chơi,C4 - Cụm 4: Món tiệc/lẩu/ăn chơi
D0096,Bắp bò ngâm nước mắm,D0089,Nem ghẹ Phú Quốc,0.8067,2,cùng cụm K-Means; cùng danh mục; trùng từ khóa món; mức giá gần nhau,C4 - Cụm 4: Món tiệc/lẩu/ăn chơi,C4 - Cụm 4: Món tiệc/lẩu/ăn chơi
D0096,Bắp bò ngâm nước mắm,D0093,Đậu hũ non thịt ghẹ nướng giấy bạc,0.775,3,cùng cụm K-Means; cùng danh mục; trùng từ khóa món; mức giá gần nhau,C4 - Cụm 4: Món tiệc/lẩu/ăn chơi,C4 - Cụm 4: Món tiệc/lẩu/ăn chơi
D0096,Bắp bò ngâm nước mắm,D0090,Miến xào thịt ghẹ,0.775,4,cùng cụm K-Means; cùng danh mục; trùng từ khóa món; mức giá gần nhau,C4 - Cụm 4: Món tiệc/lẩu/ăn chơi,C4 - Cụm 4: Món tiệc/lẩu/ăn chơi
D0096,Bắp bò ngâm nước mắm,D0088,Lườn ngỗng sốt chanh dây,0.73,5,cùng cụm K-Means; cùng danh mục; trùng từ khóa món; mức giá gần nhau,C4 - Cụm 4: Món tiệc/lẩu/ăn chơi,C4 - Cụm 4: Món tiệc/lẩu/ăn chơi
D0096,Bắp bò ngâm nước mắm,D0094,Salad cải mầm cá ngừ,0.73,6,cùng cụm K-Means; cùng danh mục; trùng từ khóa món; mức giá gần nhau,C4 - Cụm 4: Món tiệc/lẩu/ăn chơi,C4 - Cụm 4: Món tiệc/lẩu/ăn chơi
D0096,Bắp bò ngâm nước mắm,D0098,Mì xào hải sản,0.6733,7,cùng cụm K-Means; cùng danh mục; trùng từ khóa món; mức giá gần nhau,C4 - Cụm 4: Món tiệc/lẩu/ăn chơi,C4 - Cụm 4: Món tiệc/lẩu/ăn chơi
D0096,Bắp bò ngâm nước mắm,D0095,Salad cải mầm: Trứng/ Bò,0.6487,8,cùng cụm K-Means; cùng danh mục; trùng từ khóa món,C4 - Cụm 4: Món tiệc/lẩu/ăn chơi,C4 - Cụm 4: Món tiệc/lẩu/ăn chơi
D0087,Chả mực Hạ Long,D0088,Lườn ngỗng sốt chanh dây,0.775,1,cùng cụm K-Means; cùng danh mục; trùng từ khóa món; mức giá gần nhau,C4 - Cụm 4: Món tiệc/lẩu/ăn chơi,C4 - Cụm 4: Món tiệc/lẩu/ăn chơi
D0087,Chả mực Hạ Long,D0092,Hến xúc bánh đa,0.7687,2,cùng cụm K-Means; cùng danh mục; trùng từ khóa món,C4 - Cụm 4: Món tiệc/lẩu/ăn chơi,C4 - Cụm 4: Món tiệc/lẩu/ăn chơi
D0087,Chả mực Hạ Long,D0089,Nem ghẹ Phú Quốc,0.7167,3,cùng cụm K-Means; cùng danh mục; trùng từ khóa món; mức giá gần nhau,C4 - Cụm 4: Món tiệc/lẩu/ăn chơi,C4 - Cụm 4: Món tiệc/lẩu/ăn chơi
D0087,Chả mực Hạ Long,D0098,Mì xào hải sản,0.7033,4,cùng cụm K-Means; cùng danh mục; trùng từ khóa món; mức giá gần nhau,C4 - Cụm 4: Món tiệc/lẩu/ăn chơi,C4 - Cụm 4: Món tiệc/lẩu/ăn chơi
D0087,Chả mực Hạ Long,D0090,Miến xào thịt ghẹ,0.7,5,cùng cụm K-Means; cùng danh mục; trùng từ khóa món; mức giá gần nhau,C4 - Cụm 4: Món tiệc/lẩu/ăn chơi,C4 - Cụm 4: Món tiệc/lẩu/ăn chơi
D0087,Chả mực Hạ Long,D0091,Tép đồng xào khế,0.6937,6,cùng cụm K-Means; cùng danh mục; trùng từ khóa món,C4 - Cụm 4: Món tiệc/lẩu/ăn chơi,C4 - Cụm 4: Món tiệc/lẩu/ăn chơi
D0087,Chả mực Hạ Long,D0093,Đậu hũ non thịt ghẹ nướng giấy bạc,0.6625,7,cùng cụm K-Means; cùng danh mục; trùng từ khóa món; mức giá gần nhau,C4 - Cụm 4: Món tiệc/lẩu/ăn chơi,C4 - Cụm 4: Món tiệc/lẩu/ăn chơi
D0087,Chả mực Hạ Long,D0094,Salad cải mầm cá ngừ,0.64,8,cùng cụm K-Means; cùng danh mục; trùng từ khóa món; mức giá gần nhau,C4 - Cụm 4: Món tiệc/lẩu/ăn chơi,C4 - Cụm 4: Món tiệc/lẩu/ăn chơi
D0092,Hến xúc bánh đa,D0087,Chả mực Hạ Long,0.7687,1,cùng cụm K-Means; cùng danh mục; trùng từ khóa món,C4 - Cụm 4: Món tiệc/lẩu/ăn chơi,C4 - Cụm 4: Món tiệc/lẩu/ăn chơi
D0092,Hến xúc bánh đa,D0098,Mì xào hải sản,0.7569,2,cùng cụm K-Means; cùng danh mục; trùng từ khóa món,C4 - Cụm 4: Món tiệc/lẩu/ăn chơi,C4 - Cụm 4: Món tiệc/lẩu/ăn chơi
D0092,Hến xúc bánh đa,D0089,Nem ghẹ Phú Quốc,0.7471,3,cùng cụm K-Means; cùng danh mục; trùng từ khóa món,C4 - Cụm 4: Món tiệc/lẩu/ăn chơi,C4 - Cụm 4: Món tiệc/lẩu/ăn chơi
D0092,Hến xúc bánh đa,D0095,Salad cải mầm: Trứng/ Bò,0.73,4,cùng cụm K-Means; cùng danh mục; trùng từ khóa món; mức giá gần nhau,C4 - Cụm 4: Món tiệc/lẩu/ăn chơi,C4 - Cụm 4: Món tiệc/lẩu/ăn chơi
D0092,Hến xúc bánh đa,D0091,Tép đồng xào khế,0.7,5,cùng cụm K-Means; cùng danh mục; trùng từ khóa món; mức giá gần nhau,C4 - Cụm 4: Món tiệc/lẩu/ăn chơi,C4 - Cụm 4: Món tiệc/lẩu/ăn chơi
D0092,Hến xúc bánh đa,D0093,Đậu hũ non thịt ghẹ nướng giấy bạc,0.6937,6,cùng cụm K-Means; cùng danh mục; trùng từ khóa món,C4 - Cụm 4: Món tiệc/lẩu/ăn chơi,C4 - Cụm 4: Món tiệc/lẩu/ăn chơi
D0092,Hến xúc bánh đa,D0090,Miến xào thịt ghẹ,0.6937,7,cùng cụm K-Means; cùng danh mục; trùng từ khóa món,C4 - Cụm 4: Món tiệc/lẩu/ăn chơi,C4 - Cụm 4: Món tiệc/lẩu/ăn chơi
D0092,Hến xúc bánh đa,D0088,Lườn ngỗng sốt chanh dây,0.6487,8,cùng cụm K-Means; cùng danh mục; trùng từ khóa món,C4 - Cụm 4: Món tiệc/lẩu/ăn chơi,C4 - Cụm 4: Món tiệc/lẩu/ăn chơi
D0088,Lườn ngỗng sốt chanh dây,D0089,Nem ghẹ Phú Quốc,0.8967,1,cùng cụm K-Means; cùng danh mục; trùng từ khóa món; mức giá gần nhau,C4 - Cụm 4: Món tiệc/lẩu/ăn chơi,C4 - Cụm 4: Món tiệc/lẩu/ăn chơi
D0088,Lườn ngỗng sốt chanh dây,D0090,Miến xào thịt ghẹ,0.85,2,cùng cụm K-Means; cùng danh mục; trùng từ khóa món; mức giá gần nhau,C4 - Cụm 4: Món tiệc/lẩu/ăn chơi,C4 - Cụm 4: Món tiệc/lẩu/ăn chơi
D0088,Lườn ngỗng sốt chanh dây,D0087,Chả mực Hạ Long,0.775,3,cùng cụm K-Means; cùng danh mục; trùng từ khóa món; mức giá gần nhau,C4 - Cụm 4: Món tiệc/lẩu/ăn chơi,C4 - Cụm 4: Món tiệc/lẩu/ăn chơi
D0088,Lườn ngỗng sốt chanh dây,D0098,Mì xào hải sản,0.7483,4,cùng cụm K-Means; cùng danh mục; trùng từ khóa món; mức giá gần nhau,C4 - Cụm 4: Món tiệc/lẩu/ăn chơi,C4 - Cụm 4: Món tiệc/lẩu/ăn chơi
D0088,Lườn ngỗng sốt chanh dây,D0093,Đậu hũ non thịt ghẹ nướng giấy bạc,0.73,5,cùng cụm K-Means; cùng danh mục; trùng từ khóa món; mức giá gần nhau,C4 - Cụm 4: Món tiệc/lẩu/ăn chơi,C4 - Cụm 4: Món tiệc/lẩu/ăn chơi
D0088,Lườn ngỗng sốt chanh dây,D0096,Bắp bò ngâm nước mắm,0.73,6,cùng cụm K-Means; cùng danh mục; trùng từ khóa món; mức giá gần nhau,C4 - Cụm 4: Món tiệc/lẩu/ăn chơi,C4 - Cụm 4: Món tiệc/lẩu/ăn chơi
D0088,Lườn ngỗng sốt chanh dây,D0097,Tai heo ngâm nước mắm,0.7167,7,cùng cụm K-Means; cùng danh mục; trùng từ khóa món; mức giá gần nhau,C4 - Cụm 4: Món tiệc/lẩu/ăn chơi,C4 - Cụm 4: Món tiệc/lẩu/ăn chơi
D0088,Lườn ngỗng sốt chanh dây,D0094,Salad cải mầm cá ngừ,0.7,8,cùng cụm K-Means; cùng danh mục; trùng từ khóa món; mức giá gần nhau,C4 - Cụm 4: Món tiệc/lẩu/ăn chơi,C4 - Cụm 4: Món tiệc/lẩu/ăn chơi
D0098,Mì xào hải sản,D0090,Miến xào thịt ghẹ,0.8983,1,cùng cụm K-Means; cùng danh mục; trùng từ khóa món; mức giá gần nhau,C4 - Cụm 4: Món tiệc/lẩu/ăn chơi,C4 - Cụm 4: Món tiệc/lẩu/ăn chơi
D0098,Mì xào hải sản,D0089,Nem ghẹ Phú Quốc,0.8357,2,cùng cụm K-Means; cùng danh mục; trùng từ khóa món; mức giá gần nhau,C4 - Cụm 4: Món tiệc/lẩu/ăn chơi,C4 - Cụm 4: Món tiệc/lẩu/ăn chơi
D0098,Mì xào hải sản,D0092,Hến xúc bánh đa,0.7569,3,cùng cụm K-Means; cùng danh mục; trùng từ khóa món,C4 - Cụm 4: Món tiệc/lẩu/ăn chơi,C4 - Cụm 4: Món tiệc/lẩu/ăn chơi
D0098,Mì xào hải sản,D0088,Lườn ngỗng sốt chanh dây,0.7483,4,cùng cụm K-Means; cùng danh mục; trùng từ khóa món; mức giá gần nhau,C4 - Cụm 4: Món tiệc/lẩu/ăn chơi,C4 - Cụm 4: Món tiệc/lẩu/ăn chơi
D0098,Mì xào hải sản,D0094,Salad cải mầm cá ngừ,0.7483,5,cùng cụm K-Means; cùng danh mục; trùng từ khóa món; mức giá gần nhau,C4 - Cụm 4: Món tiệc/lẩu/ăn chơi,C4 - Cụm 4: Món tiệc/lẩu/ăn chơi
D0098,Mì xào hải sản,D0095,Salad cải mầm: Trứng/ Bò,0.7119,6,cùng cụm K-Means; cùng danh mục; trùng từ khóa món,C4 - Cụm 4: Món tiệc/lẩu/ăn chơi,C4 - Cụm 4: Món tiệc/lẩu/ăn chơi
D0098,Mì xào hải sản,D0087,Chả mực Hạ Long,0.7033,7,cùng cụm K-Means; cùng danh mục; trùng từ khóa món; mức giá gần nhau,C4 - Cụm 4: Món tiệc/lẩu/ăn chơi,C4 - Cụm 4: Món tiệc/lẩu/ăn chơi
D0098,Mì xào hải sản,D0097,Tai heo ngâm nước mắm,0.6857,8,cùng cụm K-Means; cùng danh mục; trùng từ khóa món; mức giá gần nhau,C4 - Cụm 4: Món tiệc/lẩu/ăn chơi,C4 - Cụm 4: Món tiệc/lẩu/ăn chơi
D0090,Miến xào thịt ghẹ,D0089,Nem ghẹ Phú Quốc,0.9117,1,cùng cụm K-Means; cùng danh mục; trùng từ khóa món; mức giá gần nhau,C4 - Cụm 4: Món tiệc/lẩu/ăn chơi,C4 - Cụm 4: Món tiệc/lẩu/ăn chơi
D0090,Miến xào thịt ghẹ,D0098,Mì xào hải sản,0.8983,2,cùng cụm K-Means; cùng danh mục; trùng từ khóa món; mức giá gần nhau,C4 - Cụm 4: Món tiệc/lẩu/ăn chơi,C4 - Cụm 4: Món tiệc/lẩu/ăn chơi
D0090,Miến xào thịt ghẹ,D0088,Lườn ngỗng sốt chanh dây,0.85,3,cùng cụm K-Means; cùng danh mục; trùng từ khóa món; mức giá gần nhau,C4 - Cụm 4: Món tiệc/lẩu/ăn chơi,C4 - Cụm 4: Món tiệc/lẩu/ăn chơi
D0090,Miến xào thịt ghẹ,D0094,Salad cải mầm cá ngừ,0.85,4,cùng cụm K-Means; cùng danh mục; trùng từ khóa món; mức giá gần nhau,C4 - Cụm 4: Món tiệc/lẩu/ăn chơi,C4 - Cụm 4: Món tiệc/lẩu/ăn chơi
D0090,Miến xào thịt ghẹ,D0093,Đậu hũ non thịt ghẹ nướng giấy bạc,0.775,5,cùng cụm K-Means; cùng danh mục; trùng từ khóa món; mức giá gần nhau,C4 - Cụm 4: Món tiệc/lẩu/ăn chơi,C4 - Cụm 4: Món tiệc/lẩu/ăn chơi
D0090,Miến xào thịt ghẹ,D0096,Bắp bò ngâm nước mắm,0.775,6,cùng cụm K-Means; cùng danh mục; trùng từ khóa món; mức giá gần nhau,C4 - Cụm 4: Món tiệc/lẩu/ăn chơi,C4 - Cụm 4: Món tiệc/lẩu/ăn chơi
D0090,Miến xào thịt ghẹ,D0095,Salad cải mầm: Trứng/ Bò,0.7687,7,cùng cụm K-Means; cùng danh mục; trùng từ khóa món,C4 - Cụm 4: Món tiệc/lẩu/ăn chơi,C4 - Cụm 4: Món tiệc/lẩu/ăn chơi
D0090,Miến xào thịt ghẹ,D0097,Tai heo ngâm nước mắm,0.7617,8,cùng cụm K-Means; cùng danh mục; trùng từ khóa món; mức giá gần nhau,C4 - Cụm 4: Món tiệc/lẩu/ăn chơi,C4 - Cụm 4: Món tiệc/lẩu/ăn chơi
D0089,Nem ghẹ Phú Quốc,D0090,Miến xào thịt ghẹ,0.9117,1,cùng cụm K-Means; cùng danh mục; trùng từ khóa món; mức giá gần nhau,C4 - Cụm 4: Món tiệc/lẩu/ăn chơi,C4 - Cụm 4: Món tiệc/lẩu/ăn chơi
D0089,Nem ghẹ Phú Quốc,D0088,Lườn ngỗng sốt chanh dây,0.8967,2,cùng cụm K-Means; cùng danh mục; trùng từ khóa món; mức giá gần nhau,C4 - Cụm 4: Món tiệc/lẩu/ăn chơi,C4 - Cụm 4: Món tiệc/lẩu/ăn chơi
D0089,Nem ghẹ Phú Quốc,D0098,Mì xào hải sản,0.8357,3,cùng cụm K-Means; cùng danh mục; trùng từ khóa món; mức giá gần nhau,C4 - Cụm 4: Món tiệc/lẩu/ăn chơi,C4 - Cụm 4: Món tiệc/lẩu/ăn chơi
D0089,Nem ghẹ Phú Quốc,D0097,Tai heo ngâm nước mắm,0.82,4,cùng cụm K-Means; cùng danh mục; trùng từ khóa món; mức giá gần nhau,C4 - Cụm 4: Món tiệc/lẩu/ăn chơi,C4 - Cụm 4: Món tiệc/lẩu/ăn chơi
D0089,Nem ghẹ Phú Quốc,D0093,Đậu hũ non thịt ghẹ nướng giấy bạc,0.8067,5,cùng cụm K-Means; cùng danh mục; trùng từ khóa món; mức giá gần nhau,C4 - Cụm 4: Món tiệc/lẩu/ăn chơi,C4 - Cụm 4: Món tiệc/lẩu/ăn chơi
D0089,Nem ghẹ Phú Quốc,D0096,Bắp bò ngâm nước mắm,0.8067,6,cùng cụm K-Means; cùng danh mục; trùng từ khóa món; mức giá gần nhau,C4 - Cụm 4: Món tiệc/lẩu/ăn chơi,C4 - Cụm 4: Món tiệc/lẩu/ăn chơi
D0089,Nem ghẹ Phú Quốc,D0094,Salad cải mầm cá ngừ,0.7617,7,cùng cụm K-Means; cùng danh mục; trùng từ khóa món; mức giá gần nhau,C4 - Cụm 4: Món tiệc/lẩu/ăn chơi,C4 - Cụm 4: Món tiệc/lẩu/ăn chơi
D0089,Nem ghẹ Phú Quốc,D0092,Hến xúc bánh đa,0.7471,8,cùng cụm K-Means; cùng danh mục; trùng từ khóa món,C4 - Cụm 4: Món tiệc/lẩu/ăn chơi,C4 - Cụm 4: Món tiệc/lẩu/ăn chơi
D0094,Salad cải mầm cá ngừ,D0090,Miến xào thịt ghẹ,0.85,1,cùng cụm K-Means; cùng danh mục; trùng từ khóa món; mức giá gần nhau,C4 - Cụm 4: Món tiệc/lẩu/ăn chơi,C4 - Cụm 4: Món tiệc/lẩu/ăn chơi
D0094,Salad cải mầm cá ngừ,D0089,Nem ghẹ Phú Quốc,0.7617,2,cùng cụm K-Means; cùng danh mục; trùng từ khóa món; mức giá gần nhau,C4 - Cụm 4: Món tiệc/lẩu/ăn chơi,C4 - Cụm 4: Món tiệc/lẩu/ăn chơi
D0094,Salad cải mầm cá ngừ,D0098,Mì xào hải sản,0.7483,3,cùng cụm K-Means; cùng danh mục; trùng từ khóa món; mức giá gần nhau,C4 - Cụm 4: Món tiệc/lẩu/ăn chơi,C4 - Cụm 4: Món tiệc/lẩu/ăn chơi
D0094,Salad cải mầm cá ngừ,D0095,Salad cải mầm: Trứng/ Bò,0.7387,4,cùng cụm K-Means; cùng danh mục; trùng từ khóa món,C4 - Cụm 4: Món tiệc/lẩu/ăn chơi,C4 - Cụm 4: Món tiệc/lẩu/ăn chơi
D0094,Salad cải mầm cá ngừ,D0093,Đậu hũ non thịt ghẹ nướng giấy bạc,0.73,5,cùng cụm K-Means; cùng danh mục; trùng từ khóa món; mức giá gần nhau,C4 - Cụm 4: Món tiệc/lẩu/ăn chơi,C4 - Cụm 4: Món tiệc/lẩu/ăn chơi
D0094,Salad cải mầm cá ngừ,D0096,Bắp bò ngâm nước mắm,0.73,6,cùng cụm K-Means; cùng danh mục; trùng từ khóa món; mức giá gần nhau,C4 - Cụm 4: Món tiệc/lẩu/ăn chơi,C4 - Cụm 4: Món tiệc/lẩu/ăn chơi
D0094,Salad cải mầm cá ngừ,D0097,Tai heo ngâm nước mắm,0.7167,7,cùng cụm K-Means; cùng danh mục; trùng từ khóa món; mức giá gần nhau,C4 - Cụm 4: Món tiệc/lẩu/ăn chơi,C4 - Cụm 4: Món tiệc/lẩu/ăn chơi
D0094,Salad cải mầm cá ngừ,D0088,Lườn ngỗng sốt chanh dây,0.7,8,cùng cụm K-Means; cùng danh mục; trùng từ khóa món; mức giá gần nhau,C4 - Cụm 4: Món tiệc/lẩu/ăn chơi,C4 - Cụm 4: Món tiệc/lẩu/ăn chơi
D0095,Salad cải mầm: Trứng/ Bò,D0093,Đậu hũ non thịt ghẹ nướng giấy bạc,0.8062,1,cùng cụm K-Means; cùng danh mục; trùng từ khóa món,C4 - Cụm 4: Món tiệc/lẩu/ăn chơi,C4 - Cụm 4: Món tiệc/lẩu/ăn chơi
D0095,Salad cải mầm: Trứng/ Bò,D0090,Miến xào thịt ghẹ,0.7687,2,cùng cụm K-Means; cùng danh mục; trùng từ khóa món,C4 - Cụm 4: Món tiệc/lẩu/ăn chơi,C4 - Cụm 4: Món tiệc/lẩu/ăn chơi
D0095,Salad cải mầm: Trứng/ Bò,D0094,Salad cải mầm cá ngừ,0.7387,3,cùng cụm K-Means; cùng danh mục; trùng từ khóa món,C4 - Cụm 4: Món tiệc/lẩu/ăn chơi,C4 - Cụm 4: Món tiệc/lẩu/ăn chơi
D0095,Salad cải mầm: Trứng/ Bò,D0092,Hến xúc bánh đa,0.73,4,cùng cụm K-Means; cùng danh mục; trùng từ khóa món; mức giá gần nhau,C4 - Cụm 4: Món tiệc/lẩu/ăn chơi,C4 - Cụm 4: Món tiệc/lẩu/ăn chơi
D0095,Salad cải mầm: Trứng/ Bò,D0098,Mì xào hải sản,0.7119,5,cùng cụm K-Means; cùng danh mục; trùng từ khóa món,C4 - Cụm 4: Món tiệc/lẩu/ăn chơi,C4 - Cụm 4: Món tiệc/lẩu/ăn chơi
D0095,Salad cải mầm: Trứng/ Bò,D0089,Nem ghẹ Phú Quốc,0.7021,6,cùng cụm K-Means; cùng danh mục; trùng từ khóa món,C4 - Cụm 4: Món tiệc/lẩu/ăn chơi,C4 - Cụm 4: Món tiệc/lẩu/ăn chơi
D0095,Salad cải mầm: Trứng/ Bò,D0091,Tép đồng xào khế,0.6625,7,cùng cụm K-Means; cùng danh mục; trùng từ khóa món; mức giá gần nhau,C4 - Cụm 4: Món tiệc/lẩu/ăn chơi,C4 - Cụm 4: Món tiệc/lẩu/ăn chơi
D0095,Salad cải mầm: Trứng/ Bò,D0097,Tai heo ngâm nước mắm,0.6571,8,cùng cụm K-Means; cùng danh mục; trùng từ khóa món,C4 - Cụm 4: Món tiệc/lẩu/ăn chơi,C4 - Cụm 4: Món tiệc/lẩu/ăn chơi
D0097,Tai heo ngâm nước mắm,D0096,Bắp bò ngâm nước mắm,0.9867,1,cùng cụm K-Means; cùng danh mục; trùng từ khóa món; mức giá gần nhau,C4 - Cụm 4: Món tiệc/lẩu/ăn chơi,C4 - Cụm 4: Món tiệc/lẩu/ăn chơi
D0097,Tai heo ngâm nước mắm,D0089,Nem ghẹ Phú Quốc,0.82,2,cùng cụm K-Means; cùng danh mục; trùng từ khóa món; mức giá gần nhau,C4 - Cụm 4: Món tiệc/lẩu/ăn chơi,C4 - Cụm 4: Món tiệc/lẩu/ăn chơi
D0097,Tai heo ngâm nước mắm,D0093,Đậu hũ non thịt ghẹ nướng giấy bạc,0.7617,3,cùng cụm K-Means; cùng danh mục; trùng từ khóa món; mức giá gần nhau,C4 - Cụm 4: Món tiệc/lẩu/ăn chơi,C4 - Cụm 4: Món tiệc/lẩu/ăn chơi
D0097,Tai heo ngâm nước mắm,D0090,Miến xào thịt ghẹ,0.7617,4,cùng cụm K-Means; cùng danh mục; trùng từ khóa món; mức giá gần nhau,C4 - Cụm 4: Món tiệc/lẩu/ăn chơi,C4 - Cụm 4: Món tiệc/lẩu/ăn chơi
D0097,Tai heo ngâm nước mắm,D0088,Lườn ngỗng sốt chanh dây,0.7167,5,cùng cụm K-Means; cùng danh mục; trùng từ khóa món; mức giá gần nhau,C4 - Cụm 4: Món tiệc/lẩu/ăn chơi,C4 - Cụm 4: Món tiệc/lẩu/ăn chơi
D0097,Tai heo ngâm nước mắm,D0094,Salad cải mầm cá ngừ,0.7167,6,cùng cụm K-Means; cùng danh mục; trùng từ khóa món; mức giá gần nhau,C4 - Cụm 4: Món tiệc/lẩu/ăn chơi,C4 - Cụm 4: Món tiệc/lẩu/ăn chơi
D0097,Tai heo ngâm nước mắm,D0098,Mì xào hải sản,0.6857,7,cùng cụm K-Means; cùng danh mục; trùng từ khóa món; mức giá gần nhau,C4 - Cụm 4: Món tiệc/lẩu/ăn chơi,C4 - Cụm 4: Món tiệc/lẩu/ăn chơi
D0097,Tai heo ngâm nước mắm,D0095,Salad cải mầm: Trứng/ Bò,0.6571,8,cùng cụm K-Means; cùng danh mục; trùng từ khóa món,C4 - Cụm 4: Món tiệc/lẩu/ăn chơi,C4 - Cụm 4: Món tiệc/lẩu/ăn chơi
D0091,Tép đồng xào khế,D0092,Hến xúc bánh đa,0.7,1,cùng cụm K-Means; cùng danh mục; trùng từ khóa món; mức giá gần nhau,C4 - Cụm 4: Món tiệc/lẩu/ăn chơi,C4 - Cụm 4: Món tiệc/lẩu/ăn chơi
D0091,Tép đồng xào khế,D0087,Chả mực Hạ Long,0.6937,2,cùng cụm K-Means; cùng danh mục; trùng từ khóa món,C4 - Cụm 4: Món tiệc/lẩu/ăn chơi,C4 - Cụm 4: Món tiệc/lẩu/ăn chơi
D0091,Tép đồng xào khế,D0095,Salad cải mầm: Trứng/ Bò,0.6625,3,cùng cụm K-Means; cùng danh mục; trùng từ khóa món; mức giá gần nhau,C4 - Cụm 4: Món tiệc/lẩu/ăn chơi,C4 - Cụm 4: Món tiệc/lẩu/ăn chơi
D0091,Tép đồng xào khế,D0093,Đậu hũ non thịt ghẹ nướng giấy bạc,0.6187,4,cùng cụm K-Means; cùng danh mục; trùng từ khóa món,C4 - Cụm 4: Món tiệc/lẩu/ăn chơi,C4 - Cụm 4: Món tiệc/lẩu/ăn chơi
D0091,Tép đồng xào khế,D0088,Lườn ngỗng sốt chanh dây,0.5812,5,cùng cụm K-Means; cùng danh mục; trùng từ khóa món,C4 - Cụm 4: Món tiệc/lẩu/ăn chơi,C4 - Cụm 4: Món tiệc/lẩu/ăn chơi
D0091,Tép đồng xào khế,D0098,Mì xào hải sản,0.5769,6,cùng cụm K-Means; cùng danh mục; trùng từ khóa món,C4 - Cụm 4: Món tiệc/lẩu/ăn chơi,C4 - Cụm 4: Món tiệc/lẩu/ăn chơi
D0091,Tép đồng xào khế,D0089,Nem ghẹ Phú Quốc,0.5671,7,cùng cụm K-Means; cùng danh mục; trùng từ khóa món,C4 - Cụm 4: Món tiệc/lẩu/ăn chơi,C4 - Cụm 4: Món tiệc/lẩu/ăn chơi
D0091,Tép đồng xào khế,D0090,Miến xào thịt ghẹ,0.5437,8,cùng cụm K-Means; cùng danh mục; trùng từ khóa món,C4 - Cụm 4: Món tiệc/lẩu/ăn chơi,C4 - Cụm 4: Món tiệc/lẩu/ăn chơi
D0007,Lẩu cá bóp: Măng chua/ Nấu ngót,D0006,Lẩu cá lăng nấu măng chua,0.9731,1,cùng cụm K-Means; cùng danh mục; trùng từ khóa món; mức giá gần nhau,C4 - Cụm 4: Món tiệc/lẩu/ăn chơi,C4 - Cụm 4: Món tiệc/lẩu/ăn chơi
D0007,Lẩu cá bóp: Măng chua/ Nấu ngót,D0004,Lẩu riêu cua bắp bò,0.9346,2,cùng cụm K-Means; cùng danh mục; trùng từ khóa món,C4 - Cụm 4: Món tiệc/lẩu/ăn chơi,C4 - Cụm 4: Món tiệc/lẩu/ăn chơi
D0007,Lẩu cá bóp: Măng chua/ Nấu ngót,D0005,Lẩu gà lá giang,0.875,3,cùng cụm K-Means; cùng danh mục; trùng từ khóa món; mức giá gần nhau,C4 - Cụm 4: Món tiệc/lẩu/ăn chơi,C4 - Cụm 4: Món tiệc/lẩu/ăn chơi
D0007,Lẩu cá bóp: Măng chua/ Nấu ngót,D0009,Lẩu gà ác tiềm thuốc bắc,0.8231,4,cùng cụm K-Means; cùng danh mục; trùng từ khóa món; mức giá gần nhau,C4 - Cụm 4: Món tiệc/lẩu/ăn chơi,C4 - Cụm 4: Món tiệc/lẩu/ăn chơi
D0007,Lẩu cá bóp: Măng chua/ Nấu ngót,D0008,Lẩu cá chạch quế om chuối đậu,0.7774,5,cùng cụm K-Means; cùng danh mục; trùng từ khóa món,C4 - Cụm 4: Món tiệc/lẩu/ăn chơi,C4 - Cụm 4: Món tiệc/lẩu/ăn chơi
D0007,Lẩu cá bóp: Măng chua/ Nấu ngót,D0117,Set menu 350.000đ /người (1),0.556,6,cùng cụm K-Means; trùng từ khóa món,C4 - Cụm 4: Món tiệc/lẩu/ăn chơi,C4 - Cụm 4: Món tiệc/lẩu/ăn chơi
D0007,Lẩu cá bóp: Măng chua/ Nấu ngót,D0116,Set menu 300.000đ /người (3),0.5529,7,cùng cụm K-Means; trùng từ khóa món,C4 - Cụm 4: Món tiệc/lẩu/ăn chơi,C4 - Cụm 4: Món tiệc/lẩu/ăn chơi
D0007,Lẩu cá bóp: Măng chua/ Nấu ngót,D0114,Set menu 300.000đ /người (1),0.5368,8,cùng cụm K-Means; trùng từ khóa món,C4 - Cụm 4: Món tiệc/lẩu/ăn chơi,C4 - Cụm 4: Món tiệc/lẩu/ăn chơi
D0008,Lẩu cá chạch quế om chuối đậu,D0004,Lẩu riêu cua bắp bò,0.8155,1,cùng cụm K-Means; cùng danh mục; trùng từ khóa món; mức giá gần nhau,C4 - Cụm 4: Món tiệc/lẩu/ăn chơi,C4 - Cụm 4: Món tiệc/lẩu/ăn chơi
D0008,Lẩu cá chạch quế om chuối đậu,D0006,Lẩu cá lăng nấu măng chua,0.8001,2,cùng cụm K-Means; cùng danh mục; trùng từ khóa món; mức giá gần nhau,C4 - Cụm 4: Món tiệc/lẩu/ăn chơi,C4 - Cụm 4: Món tiệc/lẩu/ăn chơi
D0008,Lẩu cá chạch quế om chuối đậu,D0007,Lẩu cá bóp: Măng chua/ Nấu ngót,0.7774,3,cùng cụm K-Means; cùng danh mục; trùng từ khóa món,C4 - Cụm 4: Món tiệc/lẩu/ăn chơi,C4 - Cụm 4: Món tiệc/lẩu/ăn chơi
D0008,Lẩu cá chạch quế om chuối đậu,D0009,Lẩu gà ác tiềm thuốc bắc,0.776,4,cùng cụm K-Means; cùng danh mục; trùng từ khóa món; mức giá gần nhau,C4 - Cụm 4: Món tiệc/lẩu/ăn chơi,C4 - Cụm 4: Món tiệc/lẩu/ăn chơi
D0008,Lẩu cá chạch quế om chuối đậu,D0005,Lẩu gà lá giang,0.7699,5,cùng cụm K-Means; cùng danh mục; trùng từ khóa món; mức giá gần nhau,C4 - Cụm 4: Món tiệc/lẩu/ăn chơi,C4 - Cụm 4: Món tiệc/lẩu/ăn chơi
D0008,Lẩu cá chạch quế om chuối đậu,D0115,Set menu 300.000đ /người (2),0.5954,6,cùng cụm K-Means; trùng từ khóa món; mức giá gần nhau,C4 - Cụm 4: Món tiệc/lẩu/ăn chơi,C4 - Cụm 4: Món tiệc/lẩu/ăn chơi
D0008,Lẩu cá chạch quế om chuối đậu,D0111,Set menu 250.000đ /người (1),0.5691,7,cùng cụm K-Means; trùng từ khóa món,C4 - Cụm 4: Món tiệc/lẩu/ăn chơi,C4 - Cụm 4: Món tiệc/lẩu/ăn chơi
D0008,Lẩu cá chạch quế om chuối đậu,D0112,Set menu 250.000đ /người (2),0.5691,8,cùng cụm K-Means; trùng từ khóa món,C4 - Cụm 4: Món tiệc/lẩu/ăn chơi,C4 - Cụm 4: Món tiệc/lẩu/ăn chơi
D0006,Lẩu cá lăng nấu măng chua,D0007,Lẩu cá bóp: Măng chua/ Nấu ngót,0.9731,1,cùng cụm K-Means; cùng danh mục; trùng từ khóa món; mức giá gần nhau,C4 - Cụm 4: Món tiệc/lẩu/ăn chơi,C4 - Cụm 4: Món tiệc/lẩu/ăn chơi
D0006,Lẩu cá lăng nấu măng chua,D0004,Lẩu riêu cua bắp bò,0.9556,2,cùng cụm K-Means; cùng danh mục; trùng từ khóa món; mức giá gần nhau,C4 - Cụm 4: Món tiệc/lẩu/ăn chơi,C4 - Cụm 4: Món tiệc/lẩu/ăn chơi
D0006,Lẩu cá lăng nấu măng chua,D0005,Lẩu gà lá giang,0.8983,3,cùng cụm K-Means; cùng danh mục; trùng từ khóa món; mức giá gần nhau,C4 - Cụm 4: Món tiệc/lẩu/ăn chơi,C4 - Cụm 4: Món tiệc/lẩu/ăn chơi
D0006,Lẩu cá lăng nấu măng chua,D0009,Lẩu gà ác tiềm thuốc bắc,0.85,4,cùng cụm K-Means; cùng danh mục; trùng từ khóa món; mức giá gần nhau,C4 - Cụm 4: Món tiệc/lẩu/ăn chơi,C4 - Cụm 4: Món tiệc/lẩu/ăn chơi
D0006,Lẩu cá lăng nấu măng chua,D0008,Lẩu cá chạch quế om chuối đậu,0.8001,5,cùng cụm K-Means; cùng danh mục; trùng từ khóa món; mức giá gần nhau,C4 - Cụm 4: Món tiệc/lẩu/ăn chơi,C4 - Cụm 4: Món tiệc/lẩu/ăn chơi
D0006,Lẩu cá lăng nấu măng chua,D0117,Set menu 350.000đ /người (1),0.577,6,cùng cụm K-Means; trùng từ khóa món; mức giá gần nhau,C4 - Cụm 4: Món tiệc/lẩu/ăn chơi,C4 - Cụm 4: Món tiệc/lẩu/ăn chơi
D0006,Lẩu cá lăng nấu măng chua,D0116,Set menu 300.000đ /người (3),0.5708,7,cùng cụm K-Means; trùng từ khóa món,C4 - Cụm 4: Món tiệc/lẩu/ăn chơi,C4 - Cụm 4: Món tiệc/lẩu/ăn chơi
D0006,Lẩu cá lăng nấu măng chua,D0114,Set menu 300.000đ /người (1),0.5548,8,cùng cụm K-Means; trùng từ khóa món,C4 - Cụm 4: Món tiệc/lẩu/ăn chơi,C4 - Cụm 4: Món tiệc/lẩu/ăn chơi
D0009,Lẩu gà ác tiềm thuốc bắc,D0006,Lẩu cá lăng nấu măng chua,0.85,1,cùng cụm K-Means; cùng danh mục; trùng từ khóa món; mức giá gần nhau,C4 - Cụm 4: Món tiệc/lẩu/ăn chơi,C4 - Cụm 4: Món tiệc/lẩu/ăn chơi
D0009,Lẩu gà ác tiềm thuốc bắc,D0007,Lẩu cá bóp: Măng chua/ Nấu ngót,0.8231,2,cùng cụm K-Means; cùng danh mục; trùng từ khóa món; mức giá gần nhau,C4 - Cụm 4: Món tiệc/lẩu/ăn chơi,C4 - Cụm 4: Món tiệc/lẩu/ăn chơi
D0009,Lẩu gà ác tiềm thuốc bắc,D0004,Lẩu riêu cua bắp bò,0.8056,3,cùng cụm K-Means; cùng danh mục; trùng từ khóa món; mức giá gần nhau,C4 - Cụm 4: Món tiệc/lẩu/ăn chơi,C4 - Cụm 4: Món tiệc/lẩu/ăn chơi
D0009,Lẩu gà ác tiềm thuốc bắc,D0008,Lẩu cá chạch quế om chuối đậu,0.776,4,cùng cụm K-Means; cùng danh mục; trùng từ khóa món; mức giá gần nhau,C4 - Cụm 4: Món tiệc/lẩu/ăn chơi,C4 - Cụm 4: Món tiệc/lẩu/ăn chơi
D0009,Lẩu gà ác tiềm thuốc bắc,D0005,Lẩu gà lá giang,0.7483,5,cùng cụm K-Means; cùng danh mục; trùng từ khóa món; mức giá gần nhau,C4 - Cụm 4: Món tiệc/lẩu/ăn chơi,C4 - Cụm 4: Món tiệc/lẩu/ăn chơi
D0009,Lẩu gà ác tiềm thuốc bắc,D0118,Set menu 450.000đ /người,0.6,6,cùng cụm K-Means; trùng từ khóa món; mức giá gần nhau,C4 - Cụm 4: Món tiệc/lẩu/ăn chơi,C4 - Cụm 4: Món tiệc/lẩu/ăn chơi
D0009,Lẩu gà ác tiềm thuốc bắc,D0117,Set menu 350.000đ /người (1),0.5556,7,cùng cụm K-Means; trùng từ khóa món; mức giá gần nhau,C4 - Cụm 4: Món tiệc/lẩu/ăn chơi,C4 - Cụm 4: Món tiệc/lẩu/ăn chơi
D0009,Lẩu gà ác tiềm thuốc bắc,D0119,Set menu 350.000đ /người (2),0.5556,8,cùng cụm K-Means; trùng từ khóa món; mức giá gần nhau,C4 - Cụm 4: Món tiệc/lẩu/ăn chơi,C4 - Cụm 4: Món tiệc/lẩu/ăn chơi
D0005,Lẩu gà lá giang,D0004,Lẩu riêu cua bắp bò,0.9045,1,cùng cụm K-Means; cùng danh mục; trùng từ khóa món; mức giá gần nhau,C4 - Cụm 4: Món tiệc/lẩu/ăn chơi,C4 - Cụm 4: Món tiệc/lẩu/ăn chơi
D0005,Lẩu gà lá giang,D0006,Lẩu cá lăng nấu măng chua,0.8983,2,cùng cụm K-Means; cùng danh mục; trùng từ khóa món; mức giá gần nhau,C4 - Cụm 4: Món tiệc/lẩu/ăn chơi,C4 - Cụm 4: Món tiệc/lẩu/ăn chơi
D0005,Lẩu gà lá giang,D0007,Lẩu cá bóp: Măng chua/ Nấu ngót,0.875,3,cùng cụm K-Means; cùng danh mục; trùng từ khóa món; mức giá gần nhau,C4 - Cụm 4: Món tiệc/lẩu/ăn chơi,C4 - Cụm 4: Món tiệc/lẩu/ăn chơi
D0005,Lẩu gà lá giang,D0008,Lẩu cá chạch quế om chuối đậu,0.7699,4,cùng cụm K-Means; cùng danh mục; trùng từ khóa món; mức giá gần nhau,C4 - Cụm 4: Món tiệc/lẩu/ăn chơi,C4 - Cụm 4: Món tiệc/lẩu/ăn chơi
D0005,Lẩu gà lá giang,D0009,Lẩu gà ác tiềm thuốc bắc,0.7483,5,cùng cụm K-Means; cùng danh mục; trùng từ khóa món; mức giá gần nhau,C4 - Cụm 4: Món tiệc/lẩu/ăn chơi,C4 - Cụm 4: Món tiệc/lẩu/ăn chơi
D0005,Lẩu gà lá giang,D0117,Set menu 350.000đ /người (1),0.5366,6,cùng cụm K-Means; trùng từ khóa món; mức giá gần nhau,C4 - Cụm 4: Món tiệc/lẩu/ăn chơi,C4 - Cụm 4: Món tiệc/lẩu/ăn chơi
D0005,Lẩu gà lá giang,D0116,Set menu 300.000đ /người (3),0.5351,7,cùng cụm K-Means; trùng từ khóa món; mức giá gần nhau,C4 - Cụm 4: Món tiệc/lẩu/ăn chơi,C4 - Cụm 4: Món tiệc/lẩu/ăn chơi
D0005,Lẩu gà lá giang,D0114,Set menu 300.000đ /người (1),0.511,8,cùng cụm K-Means; trùng từ khóa món; mức giá gần nhau,C4 - Cụm 4: Món tiệc/lẩu/ăn chơi,C4 - Cụm 4: Món tiệc/lẩu/ăn chơi
D0004,Lẩu riêu cua bắp bò,D0006,Lẩu cá lăng nấu măng chua,0.9556,1,cùng cụm K-Means; cùng danh mục; trùng từ khóa món; mức giá gần nhau,C4 - Cụm 4: Món tiệc/lẩu/ăn chơi,C4 - Cụm 4: Món tiệc/lẩu/ăn chơi
D0004,Lẩu riêu cua bắp bò,D0007,Lẩu cá bóp: Măng chua/ Nấu ngót,0.9346,2,cùng cụm K-Means; cùng danh mục; trùng từ khóa món,C4 - Cụm 4: Món tiệc/lẩu/ăn chơi,C4 - Cụm 4: Món tiệc/lẩu/ăn chơi
D0004,Lẩu riêu cua bắp bò,D0005,Lẩu gà lá giang,0.9045,3,cùng cụm K-Means; cùng danh mục; trùng từ khóa món; mức giá gần nhau,C4 - Cụm 4: Món tiệc/lẩu/ăn chơi,C4 - Cụm 4: Món tiệc/lẩu/ăn chơi
D0004,Lẩu riêu cua bắp bò,D0008,Lẩu cá chạch quế om chuối đậu,0.8155,4,cùng cụm K-Means; cùng danh mục; trùng từ khóa món; mức giá gần nhau,C4 - Cụm 4: Món tiệc/lẩu/ăn chơi,C4 - Cụm 4: Món tiệc/lẩu/ăn chơi
D0004,Lẩu riêu cua bắp bò,D0009,Lẩu gà ác tiềm thuốc bắc,0.8056,5,cùng cụm K-Means; cùng danh mục; trùng từ khóa món; mức giá gần nhau,C4 - Cụm 4: Món tiệc/lẩu/ăn chơi,C4 - Cụm 4: Món tiệc/lẩu/ăn chơi
D0004,Lẩu riêu cua bắp bò,D0117,Set menu 350.000đ /người (1),0.6214,6,cùng cụm K-Means; trùng từ khóa món; mức giá gần nhau,C4 - Cụm 4: Món tiệc/lẩu/ăn chơi,C4 - Cụm 4: Món tiệc/lẩu/ăn chơi
D0004,Lẩu riêu cua bắp bò,D0116,Set menu 300.000đ /người (3),0.6089,7,cùng cụm K-Means; trùng từ khóa món; mức giá gần nhau,C4 - Cụm 4: Món tiệc/lẩu/ăn chơi,C4 - Cụm 4: Món tiệc/lẩu/ăn chơi
D0004,Lẩu riêu cua bắp bò,D0114,Set menu 300.000đ /người (1),0.5929,8,cùng cụm K-Means; trùng từ khóa món; mức giá gần nhau,C4 - Cụm 4: Món tiệc/lẩu/ăn chơi,C4 - Cụm 4: Món tiệc/lẩu/ăn chơi
D0074,Đậu hà lan: Luộc/ Xào tỏi/ Xào bò,D0073,Đậu que: Xào tỏi/ Xào bò/ Xào lòng gà,1.0,1,cùng cụm K-Means; cùng danh mục; trùng từ khóa món; mức giá gần nhau,C3 - Cụm 3: Món thanh mát (rau/canh),C3 - Cụm 3: Món thanh mát (rau/canh)
D0074,Đậu hà lan: Luộc/ Xào tỏi/ Xào bò,D0071,Khổ qua: Xào trứng/ Xào bò,1.0,2,cùng cụm K-Means; cùng danh mục; trùng từ khóa món; mức giá gần nhau,C3 - Cụm 3: Món thanh mát (rau/canh),C3 - Cụm 3: Món thanh mát (rau/canh)
D0074,Đậu hà lan: Luộc/ Xào tỏi/ Xào bò,D0066,Rau rừng Gia Lai: Xào tỏi/ Xào bò,1.0,3,cùng cụm K-Means; cùng danh mục; trùng từ khóa món; mức giá gần nhau,C3 - Cụm 3: Món thanh mát (rau/canh),C3 - Cụm 3: Món thanh mát (rau/canh)
D0074,Đậu hà lan: Luộc/ Xào tỏi/ Xào bò,D0075,Cải thìa sốt dầu hào,0.91,4,cùng cụm K-Means; cùng danh mục; trùng từ khóa món; mức giá gần nhau,C3 - Cụm 3: Món thanh mát (rau/canh),C3 - Cụm 3: Món thanh mát (rau/canh)
D0074,Đậu hà lan: Luộc/ Xào tỏi/ Xào bò,D0072,Mướp xào lòng gà,0.91,5,cùng cụm K-Means; cùng danh mục; trùng từ khóa món; mức giá gần nhau,C3 - Cụm 3: Món thanh mát (rau/canh),C3 - Cụm 3: Món thanh mát (rau/canh)
D0074,Đậu hà lan: Luộc/ Xào tỏi/ Xào bò,D0076,Mầm đá luộc chấm trứng,0.8718,6,cùng cụm K-Means; cùng danh mục; trùng từ khóa món; mức giá gần nhau,C3 - Cụm 3: Món thanh mát (rau/canh),C3 - Cụm 3: Món thanh mát (rau/canh)
D0074,Đậu hà lan: Luộc/ Xào tỏi/ Xào bò,D0067,Rau tập tàng luộc,0.85,7,cùng cụm K-Means; cùng danh mục; trùng từ khóa món; mức giá gần nhau,C3 - Cụm 3: Món thanh mát (rau/canh),C3 - Cụm 3: Món thanh mát (rau/canh)
D0074,Đậu hà lan: Luộc/ Xào tỏi/ Xào bò,D0070,Rau lang: Xào tỏi/ Xào bò,0.8448,8,cùng cụm K-Means; cùng danh mục; trùng từ khóa món,C3 - Cụm 3: Món thanh mát (rau/canh),C3 - Cụm 3: Món thanh mát (rau/canh)
D0073,Đậu que: Xào tỏi/ Xào bò/ Xào lòng gà,D0074,Đậu hà lan: Luộc/ Xào tỏi/ Xào bò,1.0,1,cùng cụm K-Means; cùng danh mục; trùng từ khóa món; mức giá gần nhau,C3 - Cụm 3: Món thanh mát (rau/canh),C3 - Cụm 3: Món thanh mát (rau/canh)
D0073,Đậu que: Xào tỏi/ Xào bò/ Xào lòng gà,D0071,Khổ qua: Xào trứng/ Xào bò,1.0,2,cùng cụm K-Means; cùng danh mục; trùng từ khóa món; mức giá gần nhau,C3 - Cụm 3: Món thanh mát (rau/canh),C3 - Cụm 3: Món thanh mát (rau/canh)
D0073,Đậu que: Xào tỏi/ Xào bò/ Xào lòng gà,D0066,Rau rừng Gia Lai: Xào tỏi/ Xào bò,1.0,3,cùng cụm K-Means; cùng danh mục; trùng từ khóa món; mức giá gần nhau,C3 - Cụm 3: Món thanh mát (rau/canh),C3 - Cụm 3: Món thanh mát (rau/canh)
D0073,Đậu que: Xào tỏi/ Xào bò/ Xào lòng gà,D0075,Cải thìa sốt dầu hào,0.91,4,cùng cụm K-Means; cùng danh mục; trùng từ khóa món; mức giá gần nhau,C3 - Cụm 3: Món thanh mát (rau/canh),C3 - Cụm 3: Món thanh mát (rau/canh)
D0073,Đậu que: Xào tỏi/ Xào bò/ Xào lòng gà,D0072,Mướp xào lòng gà,0.91,5,cùng cụm K-Means; cùng danh mục; trùng từ khóa món; mức giá gần nhau,C3 - Cụm 3: Món thanh mát (rau/canh),C3 - Cụm 3: Món thanh mát (rau/canh)
D0073,Đậu que: Xào tỏi/ Xào bò/ Xào lòng gà,D0076,Mầm đá luộc chấm trứng,0.8718,6,cùng cụm K-Means; cùng danh mục; trùng từ khóa món; mức giá gần nhau,C3 - Cụm 3: Món thanh mát (rau/canh),C3 - Cụm 3: Món thanh mát (rau/canh)
D0073,Đậu que: Xào tỏi/ Xào bò/ Xào lòng gà,D0067,Rau tập tàng luộc,0.85,7,cùng cụm K-Means; cùng danh mục; trùng từ khóa món; mức giá gần nhau,C3 - Cụm 3: Món thanh mát (rau/canh),C3 - Cụm 3: Món thanh mát (rau/canh)
D0073,Đậu que: Xào tỏi/ Xào bò/ Xào lòng gà,D0070,Rau lang: Xào tỏi/ Xào bò,0.8448,8,cùng cụm K-Means; cùng danh mục; trùng từ khóa món,C3 - Cụm 3: Món thanh mát (rau/canh),C3 - Cụm 3: Món thanh mát (rau/canh)
D0075,Cải thìa sốt dầu hào,D0074,Đậu hà lan: Luộc/ Xào tỏi/ Xào bò,0.91,1,cùng cụm K-Means; cùng danh mục; trùng từ khóa món; mức giá gần nhau,C3 - Cụm 3: Món thanh mát (rau/canh),C3 - Cụm 3: Món thanh mát (rau/canh)
D0075,Cải thìa sốt dầu hào,D0073,Đậu que: Xào tỏi/ Xào bò/ Xào lòng gà,0.91,2,cùng cụm K-Means; cùng danh mục; trùng từ khóa món; mức giá gần nhau,C3 - Cụm 3: Món thanh mát (rau/canh),C3 - Cụm 3: Món thanh mát (rau/canh)
D0075,Cải thìa sốt dầu hào,D0071,Khổ qua: Xào trứng/ Xào bò,0.91,3,cùng cụm K-Means; cùng danh mục; trùng từ khóa món; mức giá gần nhau,C3 - Cụm 3: Món thanh mát (rau/canh),C3 - Cụm 3: Món thanh mát (rau/canh)
D0075,Cải thìa sốt dầu hào,D0066,Rau rừng Gia Lai: Xào tỏi/ Xào bò,0.91,4,cùng cụm K-Means; cùng danh mục; trùng từ khóa món; mức giá gần nhau,C3 - Cụm 3: Món thanh mát (rau/canh),C3 - Cụm 3: Món thanh mát (rau/canh)
D0075,Cải thìa sốt dầu hào,D0072,Mướp xào lòng gà,0.82,5,cùng cụm K-Means; cùng danh mục; trùng từ khóa món; mức giá gần nhau,C3 - Cụm 3: Món thanh mát (rau/canh),C3 - Cụm 3: Món thanh mát (rau/canh)
D0075,Cải thìa sốt dầu hào,D0076,Mầm đá luộc chấm trứng,0.7818,6,cùng cụm K-Means; cùng danh mục; trùng từ khóa món; mức giá gần nhau,C3 - Cụm 3: Món thanh mát (rau/canh),C3 - Cụm 3: Món thanh mát (rau/canh)
D0075,Cải thìa sốt dầu hào,D0067,Rau tập tàng luộc,0.775,7,cùng cụm K-Means; cùng danh mục; trùng từ khóa món; mức giá gần nhau,C3 - Cụm 3: Món thanh mát (rau/canh),C3 - Cụm 3: Món thanh mát (rau/canh)
D0075,Cải thìa sốt dầu hào,D0070,Rau lang: Xào tỏi/ Xào bò,0.7548,8,cùng cụm K-Means; cùng danh mục; trùng từ khóa món,C3 - Cụm 3: Món thanh mát (rau/canh),C3 - Cụm 3: Món thanh mát (rau/canh)
D0071,Khổ qua: Xào trứng/ Xào bò,D0074,Đậu hà lan: Luộc/ Xào tỏi/ Xào bò,1.0,1,cùng cụm K-Means; cùng danh mục; trùng từ khóa món; mức giá gần nhau,C3 - Cụm 3: Món thanh mát (rau/canh),C3 - Cụm 3: Món thanh mát (rau/canh)
D0071,Khổ qua: Xào trứng/ Xào bò,D0073,Đậu que: Xào tỏi/ Xào bò/ Xào lòng gà,1.0,2,cùng cụm K-Means; cùng danh mục; trùng từ khóa món; mức giá gần nhau,C3 - Cụm 3: Món thanh mát (rau/canh),C3 - Cụm 3: Món thanh mát (rau/canh)
D0071,Khổ qua: Xào trứng/ Xào bò,D0066,Rau rừng Gia Lai: Xào tỏi/ Xào bò,1.0,3,cùng cụm K-Means; cùng danh mục; trùng từ khóa món; mức giá gần nhau,C3 - Cụm 3: Món thanh mát (rau/canh),C3 - Cụm 3: Món thanh mát (rau/canh)
D0071,Khổ qua: Xào trứng/ Xào bò,D0075,Cải thìa sốt dầu hào,0.91,4,cùng cụm K-Means; cùng danh mục; trùng từ khóa món; mức giá gần nhau,C3 - Cụm 3: Món thanh mát (rau/canh),C3 - Cụm 3: Món thanh mát (rau/canh)
D0071,Khổ qua: Xào trứng/ Xào bò,D0072,Mướp xào lòng gà,0.91,5,cùng cụm K-Means; cùng danh mục; trùng từ khóa món; mức giá gần nhau,C3 - Cụm 3: Món thanh mát (rau/canh),C3 - Cụm 3: Món thanh mát (rau/canh)
D0071,Khổ qua: Xào trứng/ Xào bò,D0076,Mầm đá luộc chấm trứng,0.8718,6,cùng cụm K-Means; cùng danh mục; trùng từ khóa món; mức giá gần nhau,C3 - Cụm 3: Món thanh mát (rau/canh),C3 - Cụm 3: Món thanh mát (rau/canh)
D0071,Khổ qua: Xào trứng/ Xào bò,D0067,Rau tập tàng luộc,0.85,7,cùng cụm K-Means; cùng danh mục; trùng từ khóa món; mức giá gần nhau,C3 - Cụm 3: Món thanh mát (rau/canh),C3 - Cụm 3: Món thanh mát (rau/canh)
D0071,Khổ qua: Xào trứng/ Xào bò,D0070,Rau lang: Xào tỏi/ Xào bò,0.8448,8,cùng cụm K-Means; cùng danh mục; trùng từ khóa món,C3 - Cụm 3: Món thanh mát (rau/canh),C3 - Cụm 3: Món thanh mát (rau/canh)
D0076,Mầm đá luộc chấm trứng,D0074,Đậu hà lan: Luộc/ Xào tỏi/ Xào bò,0.8718,1,cùng cụm K-Means; cùng danh mục; trùng từ khóa món; mức giá gần nhau,C3 - Cụm 3: Món thanh mát (rau/canh),C3 - Cụm 3: Món thanh mát (rau/canh)
D0076,Mầm đá luộc chấm trứng,D0073,Đậu que: Xào tỏi/ Xào bò/ Xào lòng gà,0.8718,2,cùng cụm K-Means; cùng danh mục; trùng từ khóa món; mức giá gần nhau,C3 - Cụm 3: Món thanh mát (rau/canh),C3 - Cụm 3: Món thanh mát (rau/canh)
D0076,Mầm đá luộc chấm trứng,D0071,Khổ qua: Xào trứng/ Xào bò,0.8718,3,cùng cụm K-Means; cùng danh mục; trùng từ khóa món; mức giá gần nhau,C3 - Cụm 3: Món thanh mát (rau/canh),C3 - Cụm 3: Món thanh mát (rau/canh)
D0076,Mầm đá luộc chấm trứng,D0066,Rau rừng Gia Lai: Xào tỏi/ Xào bò,0.8718,4,cùng cụm K-Means; cùng danh mục; trùng từ khóa món; mức giá gần nhau,C3 - Cụm 3: Món thanh mát (rau/canh),C3 - Cụm 3: Món thanh mát (rau/canh)
D0076,Mầm đá luộc chấm trứng,D0067,Rau tập tàng luộc,0.8718,5,cùng cụm K-Means; cùng danh mục; trùng từ khóa món; mức giá gần nhau,C3 - Cụm 3: Món thanh mát (rau/canh),C3 - Cụm 3: Món thanh mát (rau/canh)
D0076,Mầm đá luộc chấm trứng,D0068,Rau thập cẩm luộc kho quẹt,0.82,6,cùng cụm K-Means; cùng danh mục; trùng từ khóa món; mức giá gần nhau,C3 - Cụm 3: Món thanh mát (rau/canh),C3 - Cụm 3: Món thanh mát (rau/canh)
D0076,Mầm đá luộc chấm trứng,D0075,Cải thìa sốt dầu hào,0.7818,7,cùng cụm K-Means; cùng danh mục; trùng từ khóa món; mức giá gần nhau,C3 - Cụm 3: Món thanh mát (rau/canh),C3 - Cụm 3: Món thanh mát (rau/canh)
D0076,Mầm đá luộc chấm trứng,D0072,Mướp xào lòng gà,0.7818,8,cùng cụm K-Means; cùng danh mục; trùng từ khóa món; mức giá gần nhau,C3 - Cụm 3: Món thanh mát (rau/canh),C3 - Cụm 3: Món thanh mát (rau/canh)
D0072,Mướp xào lòng gà,D0074,Đậu hà lan: Luộc/ Xào tỏi/ Xào bò,0.91,1,cùng cụm K-Means; cùng danh mục; trùng từ khóa món; mức giá gần nhau,C3 - Cụm 3: Món thanh mát (rau/canh),C3 - Cụm 3: Món thanh mát (rau/canh)
D0072,Mướp xào lòng gà,D0073,Đậu que: Xào tỏi/ Xào bò/ Xào lòng gà,0.91,2,cùng cụm K-Means; cùng danh mục; trùng từ khóa món; mức giá gần nhau,C3 - Cụm 3: Món thanh mát (rau/canh),C3 - Cụm 3: Món thanh mát (rau/canh)
D0072,Mướp xào lòng gà,D0071,Khổ qua: Xào trứng/ Xào bò,0.91,3,cùng cụm K-Means; cùng danh mục; trùng từ khóa món; mức giá gần nhau,C3 - Cụm 3: Món thanh mát (rau/canh),C3 - Cụm 3: Món thanh mát (rau/canh)
D0072,Mướp xào lòng gà,D0066,Rau rừng Gia Lai: Xào tỏi/ Xào bò,0.91,4,cùng cụm K-Means; cùng danh mục; trùng từ khóa món; mức giá gần nhau,C3 - Cụm 3: Món thanh mát (rau/canh),C3 - Cụm 3: Món thanh mát (rau/canh)
D0072,Mướp xào lòng gà,D0075,Cải thìa sốt dầu hào,0.82,5,cùng cụm K-Means; cùng danh mục; trùng từ khóa món; mức giá gần nhau,C3 - Cụm 3: Món thanh mát (rau/canh),C3 - Cụm 3: Món thanh mát (rau/canh)
D0072,Mướp xào lòng gà,D0076,Mầm đá luộc chấm trứng,0.7818,6,cùng cụm K-Means; cùng danh mục; trùng từ khóa món; mức giá gần nhau,C3 - Cụm 3: Món thanh mát (rau/canh),C3 - Cụm 3: Món thanh mát (rau/canh)
D0072,Mướp xào lòng gà,D0067,Rau tập tàng luộc,0.775,7,cùng cụm K-Means; cùng danh mục; trùng từ khóa món; mức giá gần nhau,C3 - Cụm 3: Món thanh mát (rau/canh),C3 - Cụm 3: Món thanh mát (rau/canh)
D0072,Mướp xào lòng gà,D0070,Rau lang: Xào tỏi/ Xào bò,0.7548,8,cùng cụm K-Means; cùng danh mục; trùng từ khóa món,C3 - Cụm 3: Món thanh mát (rau/canh),C3 - Cụm 3: Món thanh mát (rau/canh)
D0070,Rau lang: Xào tỏi/ Xào bò,D0069,Rau muống: Xào tỏi/ Xào bò,1.0,1,cùng cụm K-Means; cùng danh mục; trùng từ khóa món; mức giá gần nhau,C3 - Cụm 3: Món thanh mát (rau/canh),C3 - Cụm 3: Món thanh mát (rau/canh)
D0070,Rau lang: Xào tỏi/ Xào bò,D0074,Đậu hà lan: Luộc/ Xào tỏi/ Xào bò,0.8448,2,cùng cụm K-Means; cùng danh mục; trùng từ khóa món,C3 - Cụm 3: Món thanh mát (rau/canh),C3 - Cụm 3: Món thanh mát (rau/canh)
D0070,Rau lang: Xào tỏi/ Xào bò,D0073,Đậu que: Xào tỏi/ Xào bò/ Xào lòng gà,0.8448,3,cùng cụm K-Means; cùng danh mục; trùng từ khóa món,C3 - Cụm 3: Món thanh mát (rau/canh),C3 - Cụm 3: Món thanh mát (rau/canh)
D0070,Rau lang: Xào tỏi/ Xào bò,D0071,Khổ qua: Xào trứng/ Xào bò,0.8448,4,cùng cụm K-Means; cùng danh mục; trùng từ khóa món,C3 - Cụm 3: Món thanh mát (rau/canh),C3 - Cụm 3: Món thanh mát (rau/canh)
D0070,Rau lang: Xào tỏi/ Xào bò,D0066,Rau rừng Gia Lai: Xào tỏi/ Xào bò,0.8448,5,cùng cụm K-Means; cùng danh mục; trùng từ khóa món,C3 - Cụm 3: Món thanh mát (rau/canh),C3 - Cụm 3: Món thanh mát (rau/canh)
D0070,Rau lang: Xào tỏi/ Xào bò,D0075,Cải thìa sốt dầu hào,0.7548,6,cùng cụm K-Means; cùng danh mục; trùng từ khóa món,C3 - Cụm 3: Món thanh mát (rau/canh),C3 - Cụm 3: Món thanh mát (rau/canh)
D0070,Rau lang: Xào tỏi/ Xào bò,D0072,Mướp xào lòng gà,0.7548,7,cùng cụm K-Means; cùng danh mục; trùng từ khóa món,C3 - Cụm 3: Món thanh mát (rau/canh),C3 - Cụm 3: Món thanh mát (rau/canh)
D0070,Rau lang: Xào tỏi/ Xào bò,D0076,Mầm đá luộc chấm trứng,0.7291,8,cùng cụm K-Means; cùng danh mục; trùng từ khóa món,C3 - Cụm 3: Món thanh mát (rau/canh),C3 - Cụm 3: Món thanh mát (rau/canh)
D0069,Rau muống: Xào tỏi/ Xào bò,D0070,Rau lang: Xào tỏi/ Xào bò,1.0,1,cùng cụm K-Means; cùng danh mục; trùng từ khóa món; mức giá gần nhau,C3 - Cụm 3: Món thanh mát (rau/canh),C3 - Cụm 3: Món thanh mát (rau/canh)
D0069,Rau muống: Xào tỏi/ Xào bò,D0074,Đậu hà lan: Luộc/ Xào tỏi/ Xào bò,0.8448,2,cùng cụm K-Means; cùng danh mục; trùng từ khóa món,C3 - Cụm 3: Món thanh mát (rau/canh),C3 - Cụm 3: Món thanh mát (rau/canh)
D0069,Rau muống: Xào tỏi/ Xào bò,D0073,Đậu que: Xào tỏi/ Xào bò/ Xào lòng gà,0.8448,3,cùng cụm K-Means; cùng danh mục; trùng từ khóa món,C3 - Cụm 3: Món thanh mát (rau/canh),C3 - Cụm 3: Món thanh mát (rau/canh)
D0069,Rau muống: Xào tỏi/ Xào bò,D0071,Khổ qua: Xào trứng/ Xào bò,0.8448,4,cùng cụm K-Means; cùng danh mục; trùng từ khóa món,C3 - Cụm 3: Món thanh mát (rau/canh),C3 - Cụm 3: Món thanh mát (rau/canh)
D0069,Rau muống: Xào tỏi/ Xào bò,D0066,Rau rừng Gia Lai: Xào tỏi/ Xào bò,0.8448,5,cùng cụm K-Means; cùng danh mục; trùng từ khóa món,C3 - Cụm 3: Món thanh mát (rau/canh),C3 - Cụm 3: Món thanh mát (rau/canh)
D0069,Rau muống: Xào tỏi/ Xào bò,D0075,Cải thìa sốt dầu hào,0.7548,6,cùng cụm K-Means; cùng danh mục; trùng từ khóa món,C3 - Cụm 3: Món thanh mát (rau/canh),C3 - Cụm 3: Món thanh mát (rau/canh)
D0069,Rau muống: Xào tỏi/ Xào bò,D0072,Mướp xào lòng gà,0.7548,7,cùng cụm K-Means; cùng danh mục; trùng từ khóa món,C3 - Cụm 3: Món thanh mát (rau/canh),C3 - Cụm 3: Món thanh mát (rau/canh)
D0069,Rau muống: Xào tỏi/ Xào bò,D0076,Mầm đá luộc chấm trứng,0.7291,8,cùng cụm K-Means; cùng danh mục; trùng từ khóa món,C3 - Cụm 3: Món thanh mát (rau/canh),C3 - Cụm 3: Món thanh mát (rau/canh)
D0066,Rau rừng Gia Lai: Xào tỏi/ Xào bò,D0074,Đậu hà lan: Luộc/ Xào tỏi/ Xào bò,1.0,1,cùng cụm K-Means; cùng danh mục; trùng từ khóa món; mức giá gần nhau,C3 - Cụm 3: Món thanh mát (rau/canh),C3 - Cụm 3: Món thanh mát (rau/canh)
D0066,Rau rừng Gia Lai: Xào tỏi/ Xào bò,D0073,Đậu que: Xào tỏi/ Xào bò/ Xào lòng gà,1.0,2,cùng cụm K-Means; cùng danh mục; trùng từ khóa món; mức giá gần nhau,C3 - Cụm 3: Món thanh mát (rau/canh),C3 - Cụm 3: Món thanh mát (rau/canh)
D0066,Rau rừng Gia Lai: Xào tỏi/ Xào bò,D0071,Khổ qua: Xào trứng/ Xào bò,1.0,3,cùng cụm K-Means; cùng danh mục; trùng từ khóa món; mức giá gần nhau,C3 - Cụm 3: Món thanh mát (rau/canh),C3 - Cụm 3: Món thanh mát (rau/canh)
D0066,Rau rừng Gia Lai: Xào tỏi/ Xào bò,D0075,Cải thìa sốt dầu hào,0.91,4,cùng cụm K-Means; cùng danh mục; trùng từ khóa món; mức giá gần nhau,C3 - Cụm 3: Món thanh mát (rau/canh),C3 - Cụm 3: Món thanh mát (rau/canh)
D0066,Rau rừng Gia Lai: Xào tỏi/ Xào bò,D0072,Mướp xào lòng gà,0.91,5,cùng cụm K-Means; cùng danh mục; trùng từ khóa món; mức giá gần nhau,C3 - Cụm 3: Món thanh mát (rau/canh),C3 - Cụm 3: Món thanh mát (rau/canh)
D0066,Rau rừng Gia Lai: Xào tỏi/ Xào bò,D0076,Mầm đá luộc chấm trứng,0.8718,6,cùng cụm K-Means; cùng danh mục; trùng từ khóa món; mức giá gần nhau,C3 - Cụm 3: Món thanh mát (rau/canh),C3 - Cụm 3: Món thanh mát (rau/canh)
D0066,Rau rừng Gia Lai: Xào tỏi/ Xào bò,D0067,Rau tập tàng luộc,0.85,7,cùng cụm K-Means; cùng danh mục; trùng từ khóa món; mức giá gần nhau,C3 - Cụm 3: Món thanh mát (rau/canh),C3 - Cụm 3: Món thanh mát (rau/canh)
D0066,Rau rừng Gia Lai: Xào tỏi/ Xào bò,D0070,Rau lang: Xào tỏi/ Xào bò,0.8448,8,cùng cụm K-Means; cùng danh mục; trùng từ khóa món,C3 - Cụm 3: Món thanh mát (rau/canh),C3 - Cụm 3: Món thanh mát (rau/canh)
D0077,Rau sống sốt cà chua trứng,D0067,Rau tập tàng luộc,0.8448,1,cùng cụm K-Means; cùng danh mục; trùng từ khóa món,C3 - Cụm 3: Món thanh mát (rau/canh),C3 - Cụm 3: Món thanh mát (rau/canh)
D0077,Rau sống sốt cà chua trứng,D0075,Cải thìa sốt dầu hào,0.7548,2,cùng cụm K-Means; cùng danh mục; trùng từ khóa món,C3 - Cụm 3: Món thanh mát (rau/canh),C3 - Cụm 3: Món thanh mát (rau/canh)
D0077,Rau sống sốt cà chua trứng,D0076,Mầm đá luộc chấm trứng,0.7291,3,cùng cụm K-Means; cùng danh mục; trùng từ khóa món,C3 - Cụm 3: Món thanh mát (rau/canh),C3 - Cụm 3: Món thanh mát (rau/canh)
D0077,Rau sống sốt cà chua trứng,D0068,Rau thập cẩm luộc kho quẹt,0.7291,4,cùng cụm K-Means; cùng danh mục; trùng từ khóa món,C3 - Cụm 3: Món thanh mát (rau/canh),C3 - Cụm 3: Món thanh mát (rau/canh)
D0077,Rau sống sốt cà chua trứng,D0074,Đậu hà lan: Luộc/ Xào tỏi/ Xào bò,0.7098,5,cùng cụm K-Means; cùng danh mục; trùng từ khóa món,C3 - Cụm 3: Món thanh mát (rau/canh),C3 - Cụm 3: Món thanh mát (rau/canh)
D0077,Rau sống sốt cà chua trứng,D0073,Đậu que: Xào tỏi/ Xào bò/ Xào lòng gà,0.7098,6,cùng cụm K-Means; cùng danh mục; trùng từ khóa món,C3 - Cụm 3: Món thanh mát (rau/canh),C3 - Cụm 3: Món thanh mát (rau/canh)
D0077,Rau sống sốt cà chua trứng,D0071,Khổ qua: Xào trứng/ Xào bò,0.7098,7,cùng cụm K-Means; cùng danh mục; trùng từ khóa món,C3 - Cụm 3: Món thanh mát (rau/canh),C3 - Cụm 3: Món thanh mát (rau/canh)
D0077,Rau sống sốt cà chua trứng,D0066,Rau rừng Gia Lai: Xào tỏi/ Xào bò,0.7098,8,cùng cụm K-Means; cùng danh mục; trùng từ khóa món,C3 - Cụm 3: Món thanh mát (rau/canh),C3 - Cụm 3: Món thanh mát (rau/canh)
D0067,Rau tập tàng luộc,D0076,Mầm đá luộc chấm trứng,0.8718,1,cùng cụm K-Means; cùng danh mục; trùng từ khóa món; mức giá gần nhau,C3 - Cụm 3: Món thanh mát (rau/canh),C3 - Cụm 3: Món thanh mát (rau/canh)
D0067,Rau tập tàng luộc,D0068,Rau thập cẩm luộc kho quẹt,0.8718,2,cùng cụm K-Means; cùng danh mục; trùng từ khóa món; mức giá gần nhau,C3 - Cụm 3: Món thanh mát (rau/canh),C3 - Cụm 3: Món thanh mát (rau/canh)
D0067,Rau tập tàng luộc,D0074,Đậu hà lan: Luộc/ Xào tỏi/ Xào bò,0.85,3,cùng cụm K-Means; cùng danh mục; trùng từ khóa món; mức giá gần nhau,C3 - Cụm 3: Món thanh mát (rau/canh),C3 - Cụm 3: Món thanh mát (rau/canh)
D0067,Rau tập tàng luộc,D0073,Đậu que: Xào tỏi/ Xào bò/ Xào lòng gà,0.85,4,cùng cụm K-Means; cùng danh mục; trùng từ khóa món; mức giá gần nhau,C3 - Cụm 3: Món thanh mát (rau/canh),C3 - Cụm 3: Món thanh mát (rau/canh)
D0067,Rau tập tàng luộc,D0071,Khổ qua: Xào trứng/ Xào bò,0.85,5,cùng cụm K-Means; cùng danh mục; trùng từ khóa món; mức giá gần nhau,C3 - Cụm 3: Món thanh mát (rau/canh),C3 - Cụm 3: Món thanh mát (rau/canh)
D0067,Rau tập tàng luộc,D0066,Rau rừng Gia Lai: Xào tỏi/ Xào bò,0.85,6,cùng cụm K-Means; cùng danh mục; trùng từ khóa món; mức giá gần nhau,C3 - Cụm 3: Món thanh mát (rau/canh),C3 - Cụm 3: Món thanh mát (rau/canh)
D0067,Rau tập tàng luộc,D0077,Rau sống sốt cà chua trứng,0.8448,7,cùng cụm K-Means; cùng danh mục; trùng từ khóa món,C3 - Cụm 3: Món thanh mát (rau/canh),C3 - Cụm 3: Món thanh mát (rau/canh)
D0067,Rau tập tàng luộc,D0075,Cải thìa sốt dầu hào,0.775,8,cùng cụm K-Means; cùng danh mục; trùng từ khóa món; mức giá gần nhau,C3 - Cụm 3: Món thanh mát (rau/canh),C3 - Cụm 3: Món thanh mát (rau/canh)
D0068,Rau thập cẩm luộc kho quẹt,D0067,Rau tập tàng luộc,0.8718,1,cùng cụm K-Means; cùng danh mục; trùng từ khóa món; mức giá gần nhau,C3 - Cụm 3: Món thanh mát (rau/canh),C3 - Cụm 3: Món thanh mát (rau/canh)
D0068,Rau thập cẩm luộc kho quẹt,D0076,Mầm đá luộc chấm trứng,0.82,2,cùng cụm K-Means; cùng danh mục; trùng từ khóa món; mức giá gần nhau,C3 - Cụm 3: Món thanh mát (rau/canh),C3 - Cụm 3: Món thanh mát (rau/canh)
D0068,Rau thập cẩm luộc kho quẹt,D0074,Đậu hà lan: Luộc/ Xào tỏi/ Xào bò,0.7368,3,cùng cụm K-Means; cùng danh mục; trùng từ khóa món; mức giá gần nhau,C3 - Cụm 3: Món thanh mát (rau/canh),C3 - Cụm 3: Món thanh mát (rau/canh)
D0068,Rau thập cẩm luộc kho quẹt,D0073,Đậu que: Xào tỏi/ Xào bò/ Xào lòng gà,0.7368,4,cùng cụm K-Means; cùng danh mục; trùng từ khóa món; mức giá gần nhau,C3 - Cụm 3: Món thanh mát (rau/canh),C3 - Cụm 3: Món thanh mát (rau/canh)
D0068,Rau thập cẩm luộc kho quẹt,D0071,Khổ qua: Xào trứng/ Xào bò,0.7368,5,cùng cụm K-Means; cùng danh mục; trùng từ khóa món; mức giá gần nhau,C3 - Cụm 3: Món thanh mát (rau/canh),C3 - Cụm 3: Món thanh mát (rau/canh)
D0068,Rau thập cẩm luộc kho quẹt,D0066,Rau rừng Gia Lai: Xào tỏi/ Xào bò,0.7368,6,cùng cụm K-Means; cùng danh mục; trùng từ khóa món; mức giá gần nhau,C3 - Cụm 3: Món thanh mát (rau/canh),C3 - Cụm 3: Món thanh mát (rau/canh)
D0068,Rau thập cẩm luộc kho quẹt,D0070,Rau lang: Xào tỏi/ Xào bò,0.7291,7,cùng cụm K-Means; cùng danh mục; trùng từ khóa món,C3 - Cụm 3: Món thanh mát (rau/canh),C3 - Cụm 3: Món thanh mát (rau/canh)
D0068,Rau thập cẩm luộc kho quẹt,D0069,Rau muống: Xào tỏi/ Xào bò,0.7291,8,cùng cụm K-Means; cùng danh mục; trùng từ khóa món,C3 - Cụm 3: Món thanh mát (rau/canh),C3 - Cụm 3: Món thanh mát (rau/canh)
D0099,Cơm chiên hải sản,D0100,Cơm chiên rau củ,0.8107,1,cùng cụm K-Means; cùng danh mục; trùng từ khóa món,C4 - Cụm 4: Món tiệc/lẩu/ăn chơi,C4 - Cụm 4: Món tiệc/lẩu/ăn chơi
D0099,Cơm chiên hải sản,D0101,Kho quẹt thêm,0.7,2,cùng cụm K-Means; cùng danh mục; trùng từ khóa món,C4 - Cụm 4: Món tiệc/lẩu/ăn chơi,C4 - Cụm 4: Món tiệc/lẩu/ăn chơi
D0099,Cơm chiên hải sản,D0098,Mì xào hải sản,0.6607,3,cùng cụm K-Means; trùng từ khóa món; mức giá gần nhau,C4 - Cụm 4: Món tiệc/lẩu/ăn chơi,C4 - Cụm 4: Món tiệc/lẩu/ăn chơi
D0099,Cơm chiên hải sản,D0102,Rau sống thêm,0.6598,4,cùng cụm K-Means; cùng danh mục; trùng từ khóa món,C4 - Cụm 4: Món tiệc/lẩu/ăn chơi,C4 - Cụm 4: Món tiệc/lẩu/ăn chơi
D0099,Cơm chiên hải sản,D0090,Miến xào thịt ghẹ,0.6081,5,cùng cụm K-Means; trùng từ khóa món; mức giá gần nhau,C4 - Cụm 4: Món tiệc/lẩu/ăn chơi,C4 - Cụm 4: Món tiệc/lẩu/ăn chơi
D0099,Cơm chiên hải sản,D0110,Set menu 200.000đ /người (3),0.5775,6,cùng cụm K-Means; trùng từ khóa món,C4 - Cụm 4: Món tiệc/lẩu/ăn chơi,C4 - Cụm 4: Món tiệc/lẩu/ăn chơi
D0099,Cơm chiên hải sản,D0054,Khô cá lóc Cambodia,0.5724,7,trùng từ khóa món; mức giá gần nhau,C4 - Cụm 4: Món tiệc/lẩu/ăn chơi,C2 - Cụm 2: Món mặn đưa cơm
D0099,Cơm chiên hải sản,D0065,Bò lúc lắc,0.5724,8,trùng từ khóa món; mức giá gần nhau,C4 - Cụm 4: Món tiệc/lẩu/ăn chơi,C2 - Cụm 2: Món mặn đưa cơm
D0100,Cơm chiên rau củ,D0099,Cơm chiên hải sản,0.8107,1,cùng cụm K-Means; cùng danh mục; trùng từ khóa món,C4 - Cụm 4: Món tiệc/lẩu/ăn chơi,C4 - Cụm 4: Món tiệc/lẩu/ăn chơi
D0100,Cơm chiên rau củ,D0101,Kho quẹt thêm,0.6738,2,cùng cụm K-Means; cùng danh mục; trùng từ khóa món,C4 - Cụm 4: Món tiệc/lẩu/ăn chơi,C4 - Cụm 4: Món tiệc/lẩu/ăn chơi
D0100,Cơm chiên rau củ,D0102,Rau sống thêm,0.6417,3,cùng cụm K-Means; cùng danh mục; trùng từ khóa món,C4 - Cụm 4: Món tiệc/lẩu/ăn chơi,C4 - Cụm 4: Món tiệc/lẩu/ăn chơi
D0100,Cơm chiên rau củ,D0092,Hến xúc bánh đa,0.5048,4,cùng cụm K-Means; trùng từ khóa món,C4 - Cụm 4: Món tiệc/lẩu/ăn chơi,C4 - Cụm 4: Món tiệc/lẩu/ăn chơi
D0101,Kho quẹt thêm,D0102,Rau sống thêm,0.8312,1,cùng cụm K-Means; cùng danh mục; trùng từ khóa món; mức giá gần nhau,C4 - Cụm 4: Món tiệc/lẩu/ăn chơi,C4 - Cụm 4: Món tiệc/lẩu/ăn chơi
D0101,Kho quẹt thêm,D0099,Cơm chiên hải sản,0.7,2,cùng cụm K-Means; cùng danh mục; trùng từ khóa món,C4 - Cụm 4: Món tiệc/lẩu/ăn chơi,C4 - Cụm 4: Món tiệc/lẩu/ăn chơi
D0101,Kho quẹt thêm,D0100,Cơm chiên rau củ,0.6738,3,cùng cụm K-Means; cùng danh mục; trùng từ khóa món,C4 - Cụm 4: Món tiệc/lẩu/ăn chơi,C4 - Cụm 4: Món tiệc/lẩu/ăn chơi
D0101,Kho quẹt thêm,D0104,Mì/ Bún thêm,0.575,4,cùng cụm K-Means; cùng danh mục; trùng từ khóa món; mức giá gần nhau,C4 - Cụm 4: Món tiệc/lẩu/ăn chơi,C4 - Cụm 4: Món tiệc/lẩu/ăn chơi
D0101,Kho quẹt thêm,D0105,Nước ngọt,0.575,5,cùng cụm K-Means; cùng danh mục; trùng từ khóa món; mức giá gần nhau,C4 - Cụm 4: Món tiệc/lẩu/ăn chơi,C4 - Cụm 4: Món tiệc/lẩu/ăn chơi
D0101,Kho quẹt thêm,D0107,Nước suối Dasani,0.525,6,cùng cụm K-Means; cùng danh mục; trùng từ khóa món,C4 - Cụm 4: Món tiệc/lẩu/ăn chơi,C4 - Cụm 4: Món tiệc/lẩu/ăn chơi
D0104,Mì/ Bún thêm,D0105,Nước ngọt,1.0,1,cùng cụm K-Means; cùng danh mục; trùng từ khóa món; mức giá gần nhau,C4 - Cụm 4: Món tiệc/lẩu/ăn chơi,C4 - Cụm 4: Món tiệc/lẩu/ăn chơi
D0104,Mì/ Bún thêm,D0107,Nước suối Dasani,0.9333,2,cùng cụm K-Means; cùng danh mục; trùng từ khóa món,C4 - Cụm 4: Món tiệc/lẩu/ăn chơi,C4 - Cụm 4: Món tiệc/lẩu/ăn chơi
D0104,Mì/ Bún thêm,D0101,Kho quẹt thêm,0.575,3,cùng cụm K-Means; cùng danh mục; trùng từ khóa món; mức giá gần nhau,C4 - Cụm 4: Món tiệc/lẩu/ăn chơi,C4 - Cụm 4: Món tiệc/lẩu/ăn chơi
D0104,Mì/ Bún thêm,D0102,Rau sống thêm,0.5643,4,cùng cụm K-Means; cùng danh mục; trùng từ khóa món; mức giá gần nhau,C4 - Cụm 4: Món tiệc/lẩu/ăn chơi,C4 - Cụm 4: Món tiệc/lẩu/ăn chơi
D0105,Nước ngọt,D0104,Mì/ Bún thêm,1.0,1,cùng cụm K-Means; cùng danh mục; trùng từ khóa món; mức giá gần nhau,C4 - Cụm 4: Món tiệc/lẩu/ăn chơi,C4 - Cụm 4: Món tiệc/lẩu/ăn chơi
D0105,Nước ngọt,D0107,Nước suối Dasani,0.9333,2,cùng cụm K-Means; cùng danh mục; trùng từ khóa món,C4 - Cụm 4: Món tiệc/lẩu/ăn chơi,C4 - Cụm 4: Món tiệc/lẩu/ăn chơi
D0105,Nước ngọt,D0101,Kho quẹt thêm,0.575,3,cùng cụm K-Means; cùng danh mục; trùng từ khóa món; mức giá gần nhau,C4 - Cụm 4: Món tiệc/lẩu/ăn chơi,C4 - Cụm 4: Món tiệc/lẩu/ăn chơi
D0105,Nước ngọt,D0102,Rau sống thêm,0.5643,4,cùng cụm K-Means; cùng danh mục; trùng từ khóa món; mức giá gần nhau,C4 - Cụm 4: Món tiệc/lẩu/ăn chơi,C4 - Cụm 4: Món tiệc/lẩu/ăn chơi
D0107,Nước suối Dasani,D0104,Mì/ Bún thêm,0.9333,1,cùng cụm K-Means; cùng danh mục; trùng từ khóa món,C4 - Cụm 4: Món tiệc/lẩu/ăn chơi,C4 - Cụm 4: Món tiệc/lẩu/ăn chơi
D0107,Nước suối Dasani,D0105,Nước ngọt,0.9333,2,cùng cụm K-Means; cùng danh mục; trùng từ khóa món,C4 - Cụm 4: Món tiệc/lẩu/ăn chơi,C4 - Cụm 4: Món tiệc/lẩu/ăn chơi
D0107,Nước suối Dasani,D0101,Kho quẹt thêm,0.525,3,cùng cụm K-Means; cùng danh mục; trùng từ khóa món,C4 - Cụm 4: Món tiệc/lẩu/ăn chơi,C4 - Cụm 4: Món tiệc/lẩu/ăn chơi
D0107,Nước suối Dasani,D0102,Rau sống thêm,0.5143,4,cùng cụm K-Means; cùng danh mục; trùng từ khóa món,C4 - Cụm 4: Món tiệc/lẩu/ăn chơi,C4 - Cụm 4: Món tiệc/lẩu/ăn chơi
D0102,Rau sống thêm,D0101,Kho quẹt thêm,0.8312,1,cùng cụm K-Means; cùng danh mục; trùng từ khóa món; mức giá gần nhau,C4 - Cụm 4: Món tiệc/lẩu/ăn chơi,C4 - Cụm 4: Món tiệc/lẩu/ăn chơi
D0102,Rau sống thêm,D0099,Cơm chiên hải sản,0.6598,2,cùng cụm K-Means; cùng danh mục; trùng từ khóa món,C4 - Cụm 4: Món tiệc/lẩu/ăn chơi,C4 - Cụm 4: Món tiệc/lẩu/ăn chơi
D0102,Rau sống thêm,D0100,Cơm chiên rau củ,0.6417,3,cùng cụm K-Means; cùng danh mục; trùng từ khóa món,C4 - Cụm 4: Món tiệc/lẩu/ăn chơi,C4 - Cụm 4: Món tiệc/lẩu/ăn chơi
D0102,Rau sống thêm,D0104,Mì/ Bún thêm,0.5643,4,cùng cụm K-Means; cùng danh mục; trùng từ khóa món; mức giá gần nhau,C4 - Cụm 4: Món tiệc/lẩu/ăn chơi,C4 - Cụm 4: Món tiệc/lẩu/ăn chơi
D0102,Rau sống thêm,D0105,Nước ngọt,0.5643,5,cùng cụm K-Means; cùng danh mục; trùng từ khóa món; mức giá gần nhau,C4 - Cụm 4: Món tiệc/lẩu/ăn chơi,C4 - Cụm 4: Món tiệc/lẩu/ăn chơi
D0102,Rau sống thêm,D0107,Nước suối Dasani,0.5143,6,cùng cụm K-Means; cùng danh mục; trùng từ khóa món,C4 - Cụm 4: Món tiệc/lẩu/ăn chơi,C4 - Cụm 4: Món tiệc/lẩu/ăn chơi
D0102,Rau sống thêm,D0090,Miến xào thịt ghẹ,0.5124,7,cùng cụm K-Means; trùng từ khóa món,C4 - Cụm 4: Món tiệc/lẩu/ăn chơi,C4 - Cụm 4: Món tiệc/lẩu/ăn chơi
D0102,Rau sống thêm,D0116,Set menu 300.000đ /người (3),0.5071,8,cùng cụm K-Means; trùng từ khóa món,C4 - Cụm 4: Món tiệc/lẩu/ăn chơi,C4 - Cụm 4: Món tiệc/lẩu/ăn chơi
