dish_id,name,name_key,category,category_label,price_vnd,price_range,source_url,image_url,description,estimated_calories,keywords,is_set_menu,source_files,cluster_id,meal_role,cluster_label
D0108,Set menu 200.000đ /người (1),set menu 200 000 nguoi 1,menu-com-doan-du-lich,Set menu đoàn,200000,moderate,https://comnieuvietnam.vn/products/set-menu-200-000d-nguoi-1,https://cdn.hstatic.net/products/200001057701/set-menu-200-1_59e3f9effb9e4544988558158c6288cf_1024x1024.jpg,CẢI THÌA XÀO DẦU HÀOGÀ RANG GỪNGCÁ BỐNG KHO TỘTÔM RIM THỊTMỰC CHIÊN NƯỚC MẮMCANH CUA CÀ PHÁOCƠM NIÊUTRÁI CÂY + KHĂN LẠNH + TRÀ ĐÁ,870,com|hai_san|chien_xao|do_uong_them,1,comnieuvietnam-vn-2026-06-04.xlsx|comnieuvietnam-vn-2026-06-04_12.xlsx,3,feast,C4 - Cụm 4: Món tiệc/lẩu/ăn chơi
D0109,Set menu 200.000đ /người (2),set menu 200 000 nguoi 2,menu-com-doan-du-lich,Set menu đoàn,200000,moderate,https://comnieuvietnam.vn/products/set-menu-200-000d-nguoi-2,https://cdn.hstatic.net/products/200001057701/set-menu-200-2_c5b943c02aa547b191ef02d6846a1bf9_1024x1024.jpg,ĐẬU QUE XÀO LÒNG GÀ VỊT KHO GỪNG CÁ NGỪ ĐẠI DƯƠNG KHO THƠM THỊT KHO TRỨNG TÔM RANG MUỐI CANH THÁT LÁT KHỔ QUA CƠM NIÊU TRÁI CÂY+KHĂN LẠNH+ TRÀ ĐÁ,870,com|canh|hai_san|thit|chien_xao|thanh_dam|do_uong_them,1,comnieuvietnam-vn-2026-06-04.xlsx|comnieuvietnam-vn-2026-06-04_12.xlsx,3,feast,C4 - Cụm 4: Món tiệc/lẩu/ăn chơi
D0110,Set menu 200.000đ /người (3),set menu 200 000 nguoi 3,menu-com-doan-du-lich,Set menu đoàn,200000,moderate,https://comnieuvietnam.vn/products/set-menu-200-000d-nguoi-3,https://cdn.hstatic.net/products/200001057701/set-menu-200-3_7b4e8ff5f7534b68a56e196966afc737_1024x1024.jpg,RAU LUỘC THẬP CẨM KHO QUẸTGÀ CHIÊN NƯỚC MẮM TÔM CHÁY TỎI THỊT KHO CỦ CẢI TRẮNG CÁ NGỪ ĐẠI DƯƠNG SỐT CÀ CANH CÁ NẤU RIÊU CƠM NIÊU TRÁI CÂY + KHĂN LẠNH + TRÀ ĐÁ,870,com|canh|rau|hai_san|thit|chien_xao|thanh_dam|do_uong_them,1,comnieuvietnam-vn-2026-06-04.xlsx|comnieuvietnam-vn-2026-06-04_12.xlsx,3,feast,C4 - Cụm 4: Món tiệc/lẩu/ăn chơi
D0111,Set menu 250.000đ /người (1),set menu 250 000 nguoi 1,menu-com-doan-du-lich,Set menu đoàn,250000,moderate,https://comnieuvietnam.vn/products/set-menu-250-000d-nguoi-1,https://cdn.hstatic.net/products/200001057701/set-menu-250-1_5e39ce241651496aa521451c2d64b79d_grande.jpg,GÂN BÒ XÀO CẢI CHUA GÀ HẤP MẮM NHĨ BÒ SỐT NẤM CÁ DỨA KHO TỘ TÔM RANG MUỐI CANH CHUA CÁ BÓP CƠM NIÊU TRÁI CÂY + KHĂN LẠNH + TRÀ ĐÁ,870,com|canh|hai_san|thit|chien_xao|thanh_dam|do_uong_them,1,comnieuvietnam-vn-2026-06-04.xlsx|comnieuvietnam-vn-2026-06-04_12.xlsx,3,feast,C4 - Cụm 4: Món tiệc/lẩu/ăn chơi
D0112,Set menu 250.000đ /người (2),set menu 250 000 nguoi 2,menu-com-doan-du-lich,Set menu đoàn,250000,moderate,https://comnieuvietnam.vn/products/set-menu-250-000d-nguoi-2,https://cdn.hstatic.net/products/200001057701/set-menu-250-2_257f62623d8a4eb992cea1f5abcb89d2_grande.jpg,ĐẬU QUE XÀO BÒ GÀ CHIÊN NƯỚC MẮM GIÒ HEO NẤU GIẢ CẦY CÁ THU SỐT CÀ CHUA TÔM CHÁY TỎI CANH CHUA CÁ DỨA CƠM NIÊU TRÁI CÂY + KHĂN LẠNH + TRÀ ĐÁ,870,com|canh|hai_san|thit|chien_xao|thanh_dam|do_uong_them,1,comnieuvietnam-vn-2026-06-04.xlsx|comnieuvietnam-vn-2026-06-04_12.xlsx,3,feast,C4 - Cụm 4: Món tiệc/lẩu/ăn chơi
D0113,Set menu 250.000đ /người (3),set menu 250 000 nguoi 3,menu-com-doan-du-lich,Set menu đoàn,250000,moderate,https://comnieuvietnam.vn/products/set-menu-250-000d-nguoi-3,https://cdn.hstatic.net/products/200001057701/set-menu-250-3_73150eddcb25464a9091a61db679a41e_grande.jpg,RAU RỪNG GIA LAI XÀO BÒGÀ KHO SẢ ỚT THỊT RANG CHÁY CẠNH CÁ CHIM HẤP HONG KONG TÔM CHIÊN NƯỚC MẮM CANH HẾN (DẮT) MỒNG TƠICƠM NIÊU TRÁI CÂY + KHĂN LẠNH + TRÀ ĐÁ,870,com|canh|rau|hai_san|thit|chien_xao|thanh_dam|do_uong_them,1,comnieuvietnam-vn-2026-06-04.xlsx|comnieuvietnam-vn-2026-06-04_12.xlsx,3,feast,C4 - Cụm 4: Món tiệc/lẩu/ăn chơi
D0114,Set menu 300.000đ /người (1),set menu 300 000 nguoi 1,menu-com-doan-du-lich,Set menu đoàn,300000,premium,https://comnieuvietnam.vn/products/set-menu-300-000d-nguoi-1,https://cdn.hstatic.net/products/200001057701/set-menu-300-1_0fe10d6b6a0c4489bd64ccae4bd402e5_grande.jpg,GỎI BÒ ĐỒNG QUÊ GÀ HẤP CẢI XANH CÁ BỐNG MÚ CHƯNG TƯƠNG BÒ SỐT TIÊU ĐEN TÔM CÀNG CHÁY BƠ TỎI LẨU VỊT OM SẤU CƠM NIÊU TRÁI CÂY + KHĂN LẠNH + TRÀ ĐÁ,960,lau|com|hai_san|thit|thanh_dam|do_uong_them,1,comnieuvietnam-vn-2026-06-04.xlsx|comnieuvietnam-vn-2026-06-04_12.xlsx,3,feast,C4 - Cụm 4: Món tiệc/lẩu/ăn chơi
D0115,Set menu 300.000đ /người (2),set menu 300 000 nguoi 2,menu-com-doan-du-lich,Set menu đoàn,300000,premium,https://comnieuvietnam.vn/products/set-menu-300-000d-nguoi-2,https://cdn.hstatic.net/products/200001057701/set-menu-300-2_f4dbe388468445f1a0ca381557dcb9a0_grande.jpg,GỎI THÁI HẢI SẢN GÀ HẤP MẮM NHĨ CÁ KHO LÀNG VŨ ĐẠI BẮP BÒ NGÂM NƯỚC MẮM TÔM CÀNG XANH RANG MUỐI LẨU NGÓT CÁ CHIM CƠM NIÊU TRÁI CÂY + KHĂN LẠNH + TRÀ ĐÁ,960,lau|com|hai_san|thit|chien_xao|thanh_dam|do_uong_them,1,comnieuvietnam-vn-2026-06-04.xlsx|comnieuvietnam-vn-2026-06-04_12.xlsx,3,feast,C4 - Cụm 4: Món tiệc/lẩu/ăn chơi
D0116,Set menu 300.000đ /người (3),set menu 300 000 nguoi 3,menu-com-doan-du-lich,Set menu đoàn,300000,premium,https://comnieuvietnam.vn/products/set-menu-300-000d-nguoi-3,https://cdn.hstatic.net/products/200001057701/set-menu-300-_d206900c561c4e73a11b831507e4683d_grande.jpg,SALAD CẢI MẦM BÒ GÀ HẤP MÍA CÁ NGỪ ĐẠI DƯƠNG LÚC LẮC TÔM CÀNG HẤP BIA MỰC 1 NẮNG CHIÊN NƯỚC MẮM LẨU RIÊU CUA SƯỜN SUN CƠM NIÊU TRÁI CÂY + KHĂN LẠNH + TRÀ ĐÁ,960,lau|com|rau|hai_san|thit|chien_xao|thanh_dam|do_uong_them,1,comnieuvietnam-vn-2026-06-04.xlsx|comnieuvietnam-vn-2026-06-04_12.xlsx,3,feast,C4 - Cụm 4: Món tiệc/lẩu/ăn chơi
D0117,Set menu 350.000đ /người (1),set menu 350 000 nguoi 1,menu-com-doan-du-lich,Set menu đoàn,350000,premium,https://comnieuvietnam.vn/products/set-menu-350-000d-nguoi-1,https://cdn.hstatic.net/products/200001057701/set-menu-350-1_b8ecc67dea3a41f3a12e3e472e0a92ac_grande.jpg,GỎI TIẾN VUA TÔM THỊT GÀ HẤP MẮM NHĨ BẮP BÒ NGÂM NƯỚC MẮM CÁ KHO LÀNG VŨ ĐẠI TÔM CÀNG HẤP NƯỚC DỪA LẨU CUA NẤU BẦU CƠM NIÊU TRÁI CÂY + KHĂN LẠNH + TRÀ ĐÁ,960,lau|com|hai_san|thit|thanh_dam|do_uong_them,1,comnieuvietnam-vn-2026-06-04.xlsx|comnieuvietnam-vn-2026-06-04_12.xlsx,3,feast,C4 - Cụm 4: Món tiệc/lẩu/ăn chơi
D0119,Set menu 350.000đ /người (2),set menu 350 000 nguoi 2,menu-com-doan-du-lich,Set menu đoàn,350000,premium,https://comnieuvietnam.vn/products/set-menu-350-000d-nguoi-3,https://cdn.hstatic.net/products/200001057701/set-menu-350-2_dd6e4dc8dc9749a2ad6dc1267a2af3da_grande.jpg,GÂN BÒ XÀO CẢI CHUA CHẢ MỰC HẠ LONG CÁ KHO LÀNG VŨ ĐẠI GÀ SỐT NẤM ĐÔNG CÔ NEM GHẸ PHÚ QUỐC LẨU VỊT OM SẤU CƠM NIÊU TRÁI CÂY + KHĂN LẠNH + TRÀ ĐÁ,960,lau|com|hai_san|thit|chien_xao|do_uong_them,1,comnieuvietnam-vn-2026-06-04.xlsx|comnieuvietnam-vn-2026-06-04_12.xlsx,3,feast,C4 - Cụm 4: Món tiệc/lẩu/ăn chơi
D0118,Set menu 450.000đ /người,set menu 450 000 nguoi,menu-com-doan-du-lich,Set menu đoàn,450000,premium,https://comnieuvietnam.vn/products/set-menu-450-000d-nguoi,https://cdn.hstatic.net/products/200001057701/set-menu-450_01cc2baadffe4e84b30113ac1e7ad544_grande.jpg,GÂN BÒ XÀO CẢI CHUA GÀ XÀO SẢ ỚT CÁ BỐNG MÚ CHƯNG TƯƠNG TÔM CÀNG RANG MUỐI NEM RÁN THỊT GHẸ MĂNG XÀO THỊT BA RỌI MỰC 1 NẮNG CHIÊN NƯỚC MẮM LẨU RIÊU CÁ CHÉP GIÒN CƠM NIÊU TRÁI CÂY + KHĂN LẠNH + TRÀ ĐÁ,960,lau|com|hai_san|thit|chien_xao|do_uong_them,1,comnieuvietnam-vn-2026-06-04.xlsx|comnieuvietnam-vn-2026-06-04_12.xlsx,3,feast,C4 - Cụm 4: Món tiệc/lẩu/ăn chơi
D0039,Cá bóng cát kho tộ,ca bong cat kho to,mon-ca,Món cá,150000,moderate,https://comnieuvietnam.vn/products/ca-bong-cat-kho-to,https://cdn.hstatic.net/products/200001057701/ca-bong-cat-kho-to_f6c12a3ad58747fb8a700745b4afca2a_1024x1024.jpg,"Cá bóng cát kho tộ là một trong những món ăn dân dã nhưng lại mang hương vị tinh tế, mộc mạc khiến bất kỳ ai từng thưởng thức đều khó quên. Những con cá bóng cát tươi được làm sạch, kho liu riu trong nồi đất cùng nước mắm ngon, đường thắng màu, tiêu xay và vài lát ớt đỏ cay nhẹ. Khi kho đúng lửa, cá săn chắc, thấm đều gia vị, lớp nước kho sánh quyện, dậy mùi thơm đặc trưng hòa cùng vị béo đầu cá và vị mặn ngọt hài hòa.Điểm đặc biệt của món này nằm ở hương vị kho tộ truyền thống: cá mềm mà không nát, thịt ngọt tự nhiên, nước kho sánh vàng đậm đà, đưa cơm đến lạ. Chỉ cần thêm chén cơm trắng nóng, vài lát dưa leo hay rau sống là đủ tạo nên bữa ăn đậm đà phong vị miền quê Việt.",520,com|rau|hai_san|thit|thanh_dam|do_uong_them,0,comnieuvietnam-vn-2026-06-04.xlsx|comnieuvietnam-vn-2026-06-04_7.xlsx,1,savory,C2 - Cụm 2: Món mặn đưa cơm
D0050,Cá bông lau kho tộ,ca bong lau kho to,mon-ca,Món cá,150000,moderate,https://comnieuvietnam.vn/products/ca-bong-lau-kho-to,https://cdn.hstatic.net/products/200001057701/ca-bong-lau-kho-to_b625741777c841d8a1b8210b023a4d9e_1024x1024.jpg,"Cá bông lau kho tộ là món ăn đặc trưng trong ẩm thực Việt Nam, mang đến hương vị đậm đà, mặn mà mà vẫn giữ được vị ngọt tự nhiên của cá tươi. Cá bông lau được lựa chọn kỹ càng, thịt săn chắc, thơm ngọt, khi kho trong nồi đất sẽ thấm đều gia vị, giữ trọn vẹn hương vị đặc trưng. Nước kho sánh mịn, màu nâu cánh gián hấp dẫn, hòa quyện với hương thơm nhẹ của hành khô, tỏi phi, tiêu và một chút mắm ngon, tạo nên món ăn bắt mắt và khó cưỡng.Khi thưởng thức, từng miếng cá mềm, thơm, ngấm gia vị đậm đà nhưng vẫn giữ được độ ngọt tự nhiên, nước kho sánh mịn, sóng sánh quanh từng thớ thịt, kết hợp với cơm trắng nóng hổi, mang đến trải nghiệm trọn vị khó quên. Món ăn không chỉ ngon miệng mà còn bổ dưỡng, thích hợp trong bữa cơm gia đình, bữa tiệc hay thực đơn nhà hàng.",520,lau|com|canh|hai_san|thit|thanh_dam|do_uong_them,0,comnieuvietnam-vn-2026-06-04.xlsx|comnieuvietnam-vn-2026-06-04_7.xlsx,1,savory,C2 - Cụm 2: Món mặn đưa cơm
D0045,Cá bớp kho tộ,ca bop kho to,mon-ca,Món cá,150000,moderate,https://comnieuvietnam.vn/products/ca-bop-kho-to,https://cdn.hstatic.net/products/200001057701/untitled-11414141_172d26d844764f439158a51f0b639ac2_grande.jpg,"Cá bớp kho tộ là một trong những món ăn mang đậm dấu ấn ẩm thực truyền thống Việt Nam, kết hợp hoàn hảo giữa sự chắc ngọt tự nhiên của thịt cá biển và hương vị mặn mà, đậm đà của nước kho đặc sánh. Cá bớp tươi được tuyển chọn kỹ, cắt khoanh dày, đem ướp cùng hành tím, tỏi, tiêu, nước mắm ngon và chút đường thắng tạo màu, sau đó kho liu riu trên lửa nhỏ để gia vị thấm sâu vào từng thớ thịt. Khi chín, cá có độ béo nhẹ, thịt mềm nhưng không bị nát, thấm đẫm nước kho vàng nâu sóng sánh, dậy mùi thơm quyến rũ.Mỗi nồi cá bớp kho tộ là sự hòa quyện giữa muối mặn, ngọt tự nhiên, cay nhẹ của tiêu và hương thơm của tỏi hành – tạo nên món ăn vừa gần gũi, vừa đưa cơm đến khó cưỡng. Dùng nóng cùng cơm trắng, thêm ít rau sống hoặc dưa leo ăn kèm, thực khách sẽ cảm nhận được trọn vẹn vị ngon tinh tế và ấm áp của món cá kho truyền thống. Đây là lựa chọn hoàn hảo cho bữa cơm gia đình đủ chất, tròn vị và giàu dinh dưỡng.",520,com|rau|hai_san|thit|thanh_dam|do_uong_them,0,comnieuvietnam-vn-2026-06-04.xlsx|comnieuvietnam-vn-2026-06-04_7.xlsx,1,savory,C2 - Cụm 2: Món mặn đưa cơm
D0038,Cá diếc: Kho tương bần/ chiên giòn,ca diec kho tuong ban chien gion,mon-ca,Món cá,150000,moderate,https://comnieuvietnam.vn/products/ca-diec-kho-tuong-ban-chien-gion,https://cdn.hstatic.net/products/200001057701/ca-diec-chien-gion_2655a7988cf04ac69d67bbdc39abbdce_1024x1024.jpg,"Cá diếc là một trong những loại cá đồng quen thuộc, gắn với ký ức bữa cơm gia đình Việt. Thịt cá trắng, thơm, chắc và ngọt tự nhiên, khi được chế biến theo hai cách đặc trưng: kho tương bần hoặc chiên giòn, mang đến hai trải nghiệm vị giác hoàn toàn khác nhau nhưng đều đầy hấp dẫn.Cá diếc kho tương bần là món ăn mang đậm hương vị quê nhà. Cá được làm sạch, kho chậm lửa cùng tương bần chuẩn vị, gừng, ớt và chút tóp mỡ, tạo nên màu nâu cánh gián óng mượt. Khi kho kỹ, cá mềm rục, xương gần như tan trong miệng, vị tương bần mặn ngọt hài hòa thấm sâu vào từng thớ thịt. Món này ăn cùng cơm trắng nóng hay bát cháo trắng cũng đều thơm ngon khó cưỡng.",590,com|canh|hai_san|thit|chien_xao|thanh_dam,0,comnieuvietnam-vn-2026-06-04.xlsx|comnieuvietnam-vn-2026-06-04_7.xlsx,1,savory,C2 - Cụm 2: Món mặn đưa cơm
D0053,Cá dứa 1 nắng Cần Giờ: Chiên/ Sốt cà,ca dua 1 nang can gio chien sot ca,mon-ca,Món cá,190000,moderate,https://comnieuvietnam.vn/products/ca-dua-1-nang-can-gio-chien-sot-ca,https://cdn.hstatic.net/products/200001057701/ca-dua-1-nang_abace3194d464a6ab7b3dfb31f261df2_1024x1024.jpg,"Cá dứa 1 nắng Cần Giờ là món ăn đặc sản mang hương vị miền biển độc đáo, nổi bật với vị ngọt tự nhiên của cá tươi và độ thơm ngon đậm đà sau khi phơi 1 nắng. Cá được chọn từ những con cá dứa tươi ngon, làm sạch, giữ nguyên thớ thịt săn chắc và độ ngọt tự nhiên. Qua quá trình phơi nắng nhẹ, cá không chỉ giữ được vị tươi mà còn có lớp thịt săn, thơm, thích hợp để chế biến đa dạng, từ chiên giòn đến sốt cà đậm đà.Khi chiên, từng miếng cá vàng ruộm, giòn bên ngoài, mềm ngọt bên trong, hương thơm lan tỏa quyến rũ, ăn kèm cơm trắng nóng hổi là trải nghiệm khó quên. Còn khi chế biến sốt cà, cá dứa 1 nắng sẽ thấm đều nước sốt cà chua đậm đà, hòa quyện với vị ngọt tự nhiên của cá và chút gia vị dân dã, tạo nên món ăn vừa thơm ngon vừa bắt cơm, giữ được nét đặc trưng mộc mạc của hải sản miền biển.",590,com|hai_san|thit|chien_xao|do_uong_them,0,comnieuvietnam-vn-2026-06-04.xlsx|comnieuvietnam-vn-2026-06-04_7.xlsx,1,savory,C2 - Cụm 2: Món mặn đưa cơm
D0046,Cá dứa biển kho tộ,ca dua bien kho to,mon-ca,Món cá,170000,moderate,https://comnieuvietnam.vn/products/ca-dua-bien-kho-to,https://cdn.hstatic.net/products/200001057701/ca-dua-bien-kho-to_953ba49f3aac4a5398c4d137aeb8773c_grande.jpg,"Cá dứa biển kho tộ là một trong những món ăn mang hương vị mộc mạc nhưng vô cùng quyến rũ của ẩm thực Việt. Từng khúc cá dứa tươi chắc thịt, có độ béo nhẹ tự nhiên, được kho liu riu cùng nước màu cánh gián óng ả, hòa quyện với tiêu xay, ớt hiểm và hành tỏi phi thơm. Khi kho đến độ sệt vừa phải, cá thấm hết gia vị, tạo nên một hương thơm đậm đà, lan tỏa khiến ai cũng muốn thưởng thức ngay lập tức.Điểm đặc biệt của cá dứa biển là độ dai mềm vừa phải, không bị bở như nhiều loại cá khác, ăn vào cảm nhận rõ sự ngọt thanh của thịt cá quyện cùng vị mặn mà của nước kho. Dọn kèm nồi cơm trắng nóng hổi và vài lát dưa leo hay rau luộc, món cá dứa kho tộ trở thành một bữa ăn giản dị mà tròn vị, gợi nhớ đến những bữa cơm gia đình đầm ấm.",520,com|canh|rau|hai_san|thit|thanh_dam|do_uong_them,0,comnieuvietnam-vn-2026-06-04.xlsx|comnieuvietnam-vn-2026-06-04_7.xlsx,1,savory,C2 - Cụm 2: Món mặn đưa cơm
D0040,Cá gáy Phú Quý: Kho tộ/ Chưng tương,ca gay phu quy kho to chung tuong,mon-ca,Món cá,160000,moderate,https://comnieuvietnam.vn/products/ca-gay-phu-quy-kho-to-chung-tuong,https://cdn.hstatic.net/products/200001057701/ca-hong-bien-kho-to_01970caa70bc4430b857a32c5153afa0_1024x1024.jpg,Chưa có mô tả cho sản phẩm này,460,hai_san,0,comnieuvietnam-vn-2026-06-04.xlsx|comnieuvietnam-vn-2026-06-04_7.xlsx,1,savory,C2 - Cụm 2: Món mặn đưa cơm
D0044,Cá hồng biển Phú Quý: Kho tộ/ Sốt cà chua,ca hong bien phu quy kho to sot ca chua,mon-ca,Món cá,170000,moderate,https://comnieuvietnam.vn/products/ca-hong-bien-phu-quy-kho-to-sot-ca-chua,https://cdn.hstatic.net/products/200001057701/ca-hong-bien-kho-to_ae1af41ebe17446e816ab0fef1fa3e12_1024x1024.jpg,"Cá hồng biển Phú Quý – đặc sản trứ danh vùng biển Bình Thuận – luôn được yêu thích bởi thớ thịt trắng hồng, săn chắc, ngọt tự nhiên và gần như không hề tanh. Tại nhà hàng, cá hồng biển được chế biến theo hai phong vị quen thuộc nhưng đầy tinh tế, giúp giữ trọn vẹn hương vị của loại cá cao cấp này.Kho tộ, cá được kho liu riu trong nồi đất cùng nước màu thắng chuẩn vị, thêm hành tím, tiêu xanh và tóp mỡ tạo độ béo nhẹ. Từng miếng cá thấm đều gia vị, thịt săn nhưng không khô, quyện sốt kho óng ánh, đậm đà đưa cơm. Mùi thơm từ tiêu và hành phi lan tỏa, gợi cảm giác mâm cơm nhà đúng nghĩa.Sốt cà chua, cá được chiên áp chảo nhẹ để giữ độ mọng nước, sau đó kho cùng cà chua chín mọng, hành tây, thì là và một chút mắm nhĩ nguyên chất. Nước sốt sánh mịn, chua ngọt hài hòa, ôm trọn từng miếng cá, tạo nên hương vị thanh nhẹ nhưng đầy cuốn hút.",590,hai_san|thit|chien_xao|do_uong_them,0,comnieuvietnam-vn-2026-06-04.xlsx|comnieuvietnam-vn-2026-06-04_7.xlsx,1,savory,C2 - Cụm 2: Món mặn đưa cơm
D0036,Cá kho làng Vũ Đại,ca kho lang vu ai,mon-ca,Món cá,180000,moderate,https://comnieuvietnam.vn/products/ca-kho-lang-vu-dai,https://cdn.hstatic.net/products/200001057701/ca-kho-lang-vu-dai_da18afe54b37437586be405140d9a73d_1024x1024.jpg,"Cá kho làng Vũ Đại – tinh hoa ẩm thực trứ danh của vùng đất Hà Nam, nổi tiếng với hương vị đậm đà, cầu kỳ và chuẩn mực trong từng công đoạn. Món cá kho truyền thống này được kho liu riu suốt nhiều giờ liền trong niêu đất, kết hợp cùng nước cốt cua đồng, kẹo đắng, riềng, gừng, ớt, hành khô và những gia vị đặc trưng của làng nghề lâu đời. Chính sự tỉ mỉ ấy tạo nên lớp thịt cá săn chắc, rắn rỏi nhưng vẫn thơm mềm, thấm đượm gia vị đến tận từng thớ thịt.Khác với những món cá kho thông thường, cá kho Vũ Đại không dùng đường, không dùng mì chính, mà hoàn toàn dựa vào gia vị tự nhiên và kỹ thuật kho bí truyền. Niêu cá sau khi hoàn thành có màu nâu cánh gián óng ả, tỏa hương thơm nồng nàn của riềng và tiêu, hòa quyện cùng vị mặn đậm, ngọt thanh tự nhiên đặc trưng. Miếng cá chắc thịt, không tanh, ăn kèm cơm trắng nóng hổi hay rau luộc đều khiến thực khách mê mẩn.",520,lau|com|canh|rau|hai_san|thit|thanh_dam|do_uong_them,0,comnieuvietnam-vn-2026-06-04.xlsx|comnieuvietnam-vn-2026-06-04_7.xlsx,1,savory,C2 - Cụm 2: Món mặn đưa cơm
D0052,Cá lăng sông kho tộ,ca lang song kho to,mon-ca,Món cá,130000,affordable,https://comnieuvietnam.vn/products/ca-lang-song-kho-to,https://cdn.hstatic.net/products/200001057701/ca-lang-kho-to_19e48c736efb4692b5e19f90a1e18ed1_1024x1024.jpg,"Cá lăng sông kho tộ là món ăn đặc trưng trong ẩm thực miền sông nước Việt Nam, nổi bật với hương vị đậm đà, ngọt tự nhiên và mùi thơm hấp dẫn từ nồi kho. Cá lăng tươi ngon, thịt săn chắc, ngọt béo, được chế biến khéo léo để khi kho, từng thớ thịt vẫn giữ được độ mềm nhưng không bị nát, thấm đều gia vị. Nồi kho tộ bằng đất giúp giữ nhiệt lâu, làm nước kho sánh mịn, màu nâu cánh gián óng ánh, hòa quyện với hương thơm nhẹ nhàng của hành, tỏi phi và tiêu.Điểm nhấn của món ăn là sự hài hòa giữa vị mặn, ngọt và cay nhẹ của gia vị, kết hợp cùng hương thơm đặc trưng của nồi kho tộ. Khi thưởng thức, từng miếng cá mềm, thấm đẫm nước sốt, quyện cùng cơm trắng nóng hổi tạo cảm giác ấm áp, tròn vị và khó quên. Món ăn này không chỉ ngon miệng mà còn rất bổ dưỡng, phù hợp cho mọi bữa cơm gia đình hoặc những bữa tiệc thân mật.",450,lau|com|canh|hai_san|thit|thanh_dam|do_uong_them,0,comnieuvietnam-vn-2026-06-04.xlsx|comnieuvietnam-vn-2026-06-04_7.xlsx,1,savory,C2 - Cụm 2: Món mặn đưa cơm
D0055,Cá linh chiên giòn,ca linh chien gion,mon-ca,Món cá,89000,affordable,https://comnieuvietnam.vn/products/ca-linh-chien-gion,https://cdn.hstatic.net/products/200001057701/ca-linh-chien-gion_cdb936f5016840c195c4aa0cb84620dc_grande.jpg,"Cá linh chiên giòn là món ăn đặc trưng của ẩm thực miền sông nước Việt Nam, nổi bật với hương vị giòn rụm, thơm lừng và vị ngọt tự nhiên của cá tươi. Cá linh tươi ngon được lựa chọn kỹ lưỡng, rửa sạch và ướp nhẹ với gia vị truyền thống như muối, tiêu và một chút bột chiên giòn để khi chiên, từng con cá vàng ruộm, giòn rụm nhưng vẫn giữ được thịt mềm ngọt bên trong.Điểm nhấn của món ăn nằm ở lớp vỏ giòn tan bên ngoài và thịt cá ngọt mềm bên trong. Khi thưởng thức, vị giòn rụm, thơm nức kết hợp với vị ngọt thanh của cá tạo nên trải nghiệm trọn vẹn, vừa dân dã vừa tinh tế. Cá linh chiên giòn thường được ăn kèm cơm trắng nóng hổi, rau sống hoặc chấm với nước mắm chua ngọt, mang đến sự cân bằng hương vị tuyệt vời, khiến bữa ăn trở nên hấp dẫn và khó quên.",520,com|rau|hai_san|thit|chien_xao|thanh_dam|do_uong_them,0,comnieuvietnam-vn-2026-06-04.xlsx|comnieuvietnam-vn-2026-06-04_7.xlsx,1,savory,C2 - Cụm 2: Món mặn đưa cơm
D0049,Cá lóc biển hồ Cambodia chiên giòn,ca loc bien ho cambodia chien gion,mon-ca,Món cá,150000,moderate,https://comnieuvietnam.vn/products/ca-loc-bien-ho-cambodia-chien-gion,https://cdn.hstatic.net/products/200001057701/ca-loc-chien-gion_e8777dd9ac584b7c8c457581913360f2_1024x1024.jpg,"Cá lóc Biển Hồ Cambodia chiên giòn là món ăn mang trọn hương vị độc đáo của thủy sản nước ngọt vùng Mekong, nơi những con cá lóc sinh trưởng tự nhiên trong môi trường trong lành, thịt săn chắc và thơm đặc trưng. Cá được làm sạch, khứa nhẹ thân để thấm gia vị, sau đó chiên vàng trong chảo dầu nóng đến khi lớp da ngoài phồng giòn hấp dẫn, còn phần thịt bên trong vẫn mềm ngọt và mọng nước. Khi thưởng thức, bạn sẽ cảm nhận được sự hòa quyện tuyệt vời giữa vị béo nhẹ, ngọt thanh của cá lóc tự nhiên và độ giòn rụm đầy kích thích vị giác.Món ăn thường được dọn kèm mắm me hoặc nước mắm tỏi ớt pha chua ngọt, thêm rau sống, dưa leo giúp cân bằng và làm tăng hương vị. Đây là lựa chọn lý tưởng cho bữa cơm gia đình, những buổi tụ tập hoặc các bữa tiệc mang phong cách dân dã – nơi mỗi miếng cá giòn tan đều khiến bữa ăn trở nên trọn vẹn và đáng nhớ.",590,rau|hai_san|thit|chien_xao|thanh_dam|do_uong_them,0,comnieuvietnam-vn-2026-06-04.xlsx|comnieuvietnam-vn-2026-06-04_7.xlsx,1,savory,C2 - Cụm 2: Món mặn đưa cơm
D0043,Cá mú nghệ: Chưng tương/ Kho tộ/ Sốt cà chua,ca mu nghe chung tuong kho to sot ca chua,mon-ca,Món cá,190000,moderate,https://comnieuvietnam.vn/products/ca-mu-nghe-chung-tuong-kho-to-sot-ca-chua,https://cdn.hstatic.net/products/200001057701/ca-mu-do-kho-to_68c35beccaa043f994d882e153ee5318_grande.jpg,"Cá mú nghệ – dòng cá biển cao cấp với thịt vàng đặc trưng, săn chắc và ngọt tự nhiên – khi đưa vào gian bếp Việt lại trở thành những món ăn đậm đà, tinh tế và vô cùng đưa cơm. Tại nhà hàng, cá mú nghệ được chế biến theo ba lựa chọn hương vị đặc sắc, đáp ứng mọi khẩu vị từ truyền thống đến hiện đại.• Chưng tương: Cá được tẩm ướp vừa vặn rồi chưng cùng tương hạt, gừng, tiêu và hành tím. Vị tương bùi mặn, hòa cùng độ béo thơm của cá mú nghệ tạo nên một tổng thể hài hòa, đậm chất ẩm thực Bắc Bộ. Thịt cá thấm vị nhưng vẫn giữ được độ mọng, thơm ngọt tự nhiên.• Kho tộ: Cá mú nghệ kho trong nồi đất cùng nước màu, tiêu, tóp mỡ và gia vị truyền thống, đun liu riu đến khi sánh kẹo. Hương thơm đặc trưng lan tỏa, từng miếng cá săn chắc, đậm đà, ăn cùng cơm trắng nóng hổi thì khó mà dừng đũa.• Sốt cà chua: Phiên bản nhẹ nhàng hơn với nước sốt cà chua chua ngọt thanh, kết hợp hành tây và một chút thì là tạo mùi thơm hấp dẫn. Cá mú nghệ giữ nguyên độ ngọt thịt, hòa quyện với sốt cà tạo nên món ăn dễ dùng, hợp khẩu vị cả gia đình.",520,com|hai_san|thit|thanh_dam|do_uong_them,0,comnieuvietnam-vn-2026-06-04.xlsx|comnieuvietnam-vn-2026-06-04_7.xlsx,1,savory,C2 - Cụm 2: Món mặn đưa cơm
D0041,Cá mú đỏ: Sốt cà/ Kho tộ/ Chưng tương,ca mu o sot ca kho to chung tuong,mon-ca,Món cá,190000,moderate,https://comnieuvietnam.vn/products/ca-mu-do-sot-ca-kho-to-chung-tuong,https://cdn.hstatic.net/products/200001057701/ca-mu-do-kho-to_25ad62418a3243248b531300e2e1630d_1024x1024.jpg,"Cá mú đỏ từ lâu được xem là một trong những loại cá biển cao cấp nhờ thịt săn chắc, ngọt thanh và hương vị tự nhiên đặc trưng. Khi được chế biến theo hai phong cách truyền thống sốt cà kho tộ hoặc chưng tương, món ăn càng trở nên tròn vị, đậm đà và cuốn hút hơn bao giờ hết.Với sốt cà kho tộ, từng khứa cá mú đỏ được kho liu riu trong nồi đất cùng cà chua chín mọng, hành tỏi phi thơm và gia vị nêm nếm chuẩn vị. Thịt cá thấm đều lớp sốt cà sánh nhẹ, hòa quyện vị chua dịu – ngọt thanh – béo nhẹ, tạo nên hương vị đậm đà, đưa cơm khó cưỡng.",520,lau|hai_san|thit,0,comnieuvietnam-vn-2026-06-04.xlsx|comnieuvietnam-vn-2026-06-04_7.xlsx,1,savory,C2 - Cụm 2: Món mặn đưa cơm
D0037,Cá ngừ đại dương: Sốt cà/ Kho thơm/ Lúc lắc,ca ngu ai duong sot ca kho thom luc lac,mon-ca,Món cá,180000,moderate,https://comnieuvietnam.vn/products/ca-ngu-dai-duong-sot-ca-kho-thom-luc-lac,https://cdn.hstatic.net/products/200001057701/ca-ngu-kho-thom_52bbc4aa0f46475bbbe6e6b05f54f602_1024x1024.jpg,"Cá ngừ đại dương – loại hải sản giàu dinh dưỡng và nổi tiếng với thớ thịt săn chắc, vị ngọt đậm tự nhiên – được chế biến thành nhiều món ngon đặc trưng, mang đến trải nghiệm ẩm thực phong phú và đầy hấp dẫn. Tại nhà hàng, cá ngừ được tuyển chọn tươi mỗi ngày và chế biến theo ba phong vị riêng biệt, phù hợp khẩu vị của nhiều thực khách.Với phiên bản Cá ngừ sốt cà, từng miếng cá được chiên săn nhẹ rồi kho cùng sốt cà chua tươi, dậy mùi hành tỏi phi và thêm chút tiêu xanh. Hương vị hài hòa giữa vị ngọt béo của cá và vị chua thanh của cà chua tạo nên món ăn đậm đà, dễ ăn và rất đưa cơm.Ở món Cá ngừ kho thơm, cá được kho cùng thơm chín, nước màu, ớt hiểm và gia vị truyền thống. Miếng cá thấm vị mặn ngọt hài hòa, thơm mềm tự nhiên, xen lẫn mùi thơm dễ chịu của lát thơm vàng óng khiến món kho trở nên tròn vị và hấp dẫn.Riêng món Cá ngừ lúc lắc mang phong cách hiện đại hơn, với cá được cắt khối vuông, áp chảo cho lớp ngoài vàng nhẹ, giữ nguyên độ mọng nước bên trong. Xào nhanh cùng hành tây, ớt chuông và sốt đặc trưng, món ăn tạo nên sự hòa quyện giữa vị ngọt của rau củ và vị béo thơm của cá ngừ.",590,rau|hai_san|thit|chien_xao|thanh_dam|do_uong_them,0,comnieuvietnam-vn-2026-06-04.xlsx|comnieuvietnam-vn-2026-06-04_7.xlsx,1,savory,C2 - Cụm 2: Món mặn đưa cơm
D0051,Cá thác lác chiên thì là,ca thac lac chien thi la,mon-ca,Món cá,140000,affordable,https://comnieuvietnam.vn/products/ca-thac-lac-chien-thi-la,https://cdn.hstatic.net/products/200001057701/ca-thac-lac-chien_f0251bf7d6a34bcf96539b1bcf58ced0_1024x1024.jpg,"Cá thác lác chiên thì là là món ăn dân dã nhưng cực kỳ hấp dẫn trong ẩm thực Việt, nổi bật với hương thơm nồng nàn của thì là và vị ngọt tự nhiên của cá tươi. Cá thác lác tươi được làm sạch, xay hoặc giã nhuyễn vừa đủ để giữ độ dai, sau đó tẩm ướp gia vị truyền thống và chiên vàng giòn. Khi chiên, từng miếng cá thấm gia vị, giòn ngoài mềm trong, mang đến trải nghiệm ăn uống vừa thú vị vừa đầy hương vị.Điểm nhấn đặc biệt của món ăn là thì là tươi, được phi cùng cá hoặc rắc lên khi chiên, tạo nên mùi thơm đặc trưng, lan tỏa hấp dẫn ngay khi vừa bày ra. Vị cá ngọt, kết hợp cùng hương thơm nhẹ nhàng, hơi the the của thì là khiến món ăn trở nên đậm đà nhưng không hề ngấy. Thưởng thức cùng cơm nóng hoặc bún tươi, thêm chút nước mắm chua ngọt, món ăn càng thêm tròn vị và khó quên.",520,hai_san|chien_xao|thanh_dam|do_uong_them,0,comnieuvietnam-vn-2026-06-04.xlsx|comnieuvietnam-vn-2026-06-04_7.xlsx,1,savory,C2 - Cụm 2: Món mặn đưa cơm
D0042,Cá thu: Kho tộ/ Sốt cà chua,ca thu kho to sot ca chua,mon-ca,Món cá,150000,moderate,https://comnieuvietnam.vn/products/ca-thu-kho-to-sot-ca-chua,https://cdn.hstatic.net/products/200001057701/ca-thu-kho-to-sot-ca-chua_e9e4abd123b347adb0e9d4ed54ceb334_grande.jpg,"Cá Thu – một trong những loại cá biển giàu đạm và omega-3 – khi được chế biến theo hai phong cách truyền thống: kho tộ hoặc sốt cà chua, đều mang đến hương vị đậm đà, khó quên.Với cá thu kho tộ, từng khoanh cá chắc thịt được ướp kỹ với nước mắm ngon, tiêu, ớt, hành tỏi và kho trong nồi đất đến khi thấm đều, săn chắc và sánh màu cánh gián đặc trưng. Nước kho sóng sánh, đậm vị, dậy mùi thơm đặc trưng hòa quyện cùng vị béo tự nhiên của cá, khiến mỗi miếng ăn đều tròn đầy hương sắc. Món ăn đặc biệt đưa cơm, phù hợp trong những bữa cơm gia đình ấm cúng.",520,canh|hai_san|thit|thanh_dam|do_uong_them,0,comnieuvietnam-vn-2026-06-04.xlsx|comnieuvietnam-vn-2026-06-04_7.xlsx,1,savory,C2 - Cụm 2: Món mặn đưa cơm
D0048,Khô cá cơm cháy tỏi,kho ca com chay toi,mon-ca,Món cá,130000,affordable,https://comnieuvietnam.vn/products/kho-ca-com-chay-toi,https://cdn.hstatic.net/products/200001057701/kho-ca-com-chay-toi_0331e6df61a8489ba4e91ef3d9da5301_1024x1024.jpg,"Khô cá cơm cháy tỏi là món ăn dân dã nhưng lại sở hữu sức hút đặc biệt nhờ hương vị đậm đà, thơm bùng nổ và cực kỳ đưa cơm. Những con cá cơm nhỏ, tươi được chọn lọc kỹ, phơi vừa độ để giữ được độ dai giòn tự nhiên, sau đó rim cùng hỗn hợp sốt mắm đường cô đặc, vị mặn ngọt hài hòa. Khi thấm đều, cá được đảo cùng lượng tỏi phi vàng ruộm, giòn tan, dậy lên mùi thơm nức mũi – tạo nên món ăn có màu sắc óng đẹp, hương vị quyến rũ khó cưỡng.Miếng cá cơm rim đậm vị, giòn nhẹ, hòa cùng vị bùi thơm của tỏi cháy giúp món ăn trở thành lựa chọn hoàn hảo trong những bữa cơm gia đình, nhất là những ngày bận rộn. Dùng để ăn kèm cơm trắng, cháo nóng hay làm món mồi nhâm nhi đều tròn trịa hương vị. Đây còn là món ăn tiện lợi, dễ bảo quản, phù hợp cho những ai yêu thích sự đơn giản nhưng vẫn muốn tận hưởng trọn vẹn hương vị đặc sản biển.",390,com|hai_san,0,comnieuvietnam-vn-2026-06-04.xlsx|comnieuvietnam-vn-2026-06-04_7.xlsx,1,savory,C2 - Cụm 2: Món mặn đưa cơm
D0047,Khô cá cơm rim ba rọi,kho ca com rim ba roi,mon-ca,Món cá,130000,affordable,https://comnieuvietnam.vn/products/kho-ca-com-rim-ba-roi,https://cdn.hstatic.net/products/200001057701/kho-ca-com-rim_ac82a15ea5394e61a3cfdfaf23e179ee_grande.jpg,"Khô cá cơm rim ba rọi là món ăn dung dị nhưng mang sức hút khó cưỡng của ẩm thực Việt Nam. Từng con cá cơm nhỏ được chọn lựa kỹ, phơi vừa độ để giữ trọn vị ngọt tự nhiên, sau đó rim chung với ba rọi thái mỏng béo nhẹ, tạo nên sự hòa quyện tuyệt vời giữa vị mặn mòi của biển và vị ngậy thơm đặc trưng của thịt heo. Khi rim, cá cơm thấm đều vào hỗn hợp nước mắm, đường, tỏi ớt, tiêu… tạo nên lớp áo sánh nhẹ, óng vàng, cay the vừa phải, mằn mặn – ngọt ngọt rất đưa cơm. Ba rọi được đảo rim đến khi săn lại, cạnh hơi xém, quyện chặt với cá, giúp món ăn dậy hương thơm đậm đà và tròn vị hơn.Dù ăn nóng hay nguội, món khô cá cơm rim ba rọi vẫn giữ được hương vị hài hòa, rất thích hợp cho bữa cơm gia đình, đặc biệt trong những ngày bận rộn. Đây là món ăn vừa tiện lợi, vừa đậm chất quê nhà, mang đến cảm giác ấm áp và thân thuộc khó quên.",450,canh|hai_san|thit|thanh_dam|do_uong_them,0,comnieuvietnam-vn-2026-06-04.xlsx|comnieuvietnam-vn-2026-06-04_7.xlsx,1,savory,C2 - Cụm 2: Món mặn đưa cơm
D0054,Khô cá lóc Cambodia,kho ca loc cambodia,mon-ca,Món cá,150000,moderate,https://comnieuvietnam.vn/products/kho-ca-loc-cambodia,https://cdn.hstatic.net/products/200001057701/kho-ca-loc_8cd2df885d1848b2a0de6677253149af_grande.jpg,"Khô cá lóc Cambodia là món đặc sản miền sông nước mang hương vị độc đáo, đậm đà và giàu dinh dưỡng, được nhiều thực khách yêu thích. Cá lóc tươi ngon được lựa chọn kỹ càng, làm sạch, tẩm ướp gia vị vừa ăn rồi đem phơi khô theo phương pháp truyền thống, giúp giữ trọn vị ngọt tự nhiên của thịt cá đồng thời tạo nên lớp thịt săn chắc, thơm đặc trưng.Món khô cá lóc khi chế biến có thể chiên giòn, nướng trên than hoa hoặc xào cùng gia vị, mang đến nhiều trải nghiệm ẩm thực khác nhau. Khi chiên giòn, cá có lớp vỏ vàng ruộm, giòn tan bên ngoài, thịt bên trong mềm ngọt, giữ nguyên hương vị đặc trưng của cá lóc. Khi ăn kèm cơm trắng nóng hổi, rau sống hoặc chấm cùng nước mắm chua ngọt, món ăn trở nên trọn vị và cực kỳ hấp dẫn.",590,com|rau|hai_san|thit|chien_xao|thanh_dam|do_uong_them,0,comnieuvietnam-vn-2026-06-04.xlsx|comnieuvietnam-vn-2026-06-04_7.xlsx,1,savory,C2 - Cụm 2: Món mặn đưa cơm
D0018,Canh cá nấu riêu,canh ca nau rieu,mon-canh,Món canh,150000,moderate,https://comnieuvietnam.vn/products/canh-ca-nau-rieu,https://cdn.hstatic.net/products/200001057701/canh-ca-nau-rieu_f12ac9290d9448d680a175294a16cd97_grande.jpg,"Canh cá nấu riêu là món ăn dân dã đậm đà hương vị quê nhà, mang trong mình sự hài hòa tuyệt vời giữa vị ngọt của cá tươi, vị chua thanh của các nguyên liệu truyền thống và sự tinh tế của ẩm thực Việt. Tô canh nóng hổi, trong veo, nổi bật với những miếng cá săn chắc, trắng ngần hòa quyện cùng sắc đỏ nhẹ của cà chua, màu vàng tươi của nghệ và điểm xuyến vài cọng thì là thơm lừng — tất cả tạo nên một bức tranh ẩm thực hấp dẫn ngay từ ánh nhìn đầu tiên.Cá dùng để nấu riêu thường là những loại cá thịt ngọt như cá lóc, cá rô, cá trắm hay cá chép… được sơ chế kỹ để giữ trọn độ tươi, dai và hương vị tự nhiên. Cà chua được xào mềm tạo màu và vị chua dịu, kết hợp cùng me, cơm mẻ hoặc giấm bỗng giúp nồi canh đạt độ thanh nhẹ nhưng vẫn đậm đà khó quên. Chính sự kết hợp này khiến nước dùng trong mà vẫn dậy hương, ngọt thanh mà không tanh — một bí quyết làm nên sự đặc sắc của món canh riêu truyền thống.",590,canh|hai_san|thit|chien_xao|thanh_dam|do_uong_them,0,comnieuvietnam-vn-2026-06-04.xlsx|comnieuvietnam-vn-2026-06-04_4.xlsx,2,fresh,C3 - Cụm 3: Món thanh mát (rau/canh)
D0012,Canh chua cá bông lau,canh chua ca bong lau,mon-canh,Món canh,150000,moderate,https://comnieuvietnam.vn/products/canh-chua-ca-bong-lau,https://cdn.hstatic.net/products/200001057701/canh-chua-ca-bong-lau_16a8d8b5689440b0a6faa6631f62d9ec_1024x1024.jpg,"Canh Chua Cá Bông Lau là món ăn đặc trưng của miền Tây Nam Bộ, nổi tiếng bởi hương vị thanh mát, đậm đà và giàu giá trị dinh dưỡng. Cá bông lau – họ hàng với cá basa nhưng hiếm và ngon hơn – sở hữu phần thịt trắng, béo nhẹ, chắc nhưng không khô, đặc biệt không hề tanh. Khi nấu canh chua, từng miếng cá chín vừa tới sẽ giữ được độ mềm ngọt tự nhiên, tan nhẹ nơi đầu lưỡi mà vẫn giữ được độ dai đặc trưng.Phần nước dùng được nấu từ nước hầm xương và vị chua đặc trưng của me hoặc trái giác, hòa cùng màu đỏ của cà chua, vị thơm của dứa và độ giòn mát của bạc hà, giá sống. Rau thơm như ngò gai, ngổ om, cùng chút ớt cay nhẹ, làm cho tô canh chua trở nên tròn vị hơn – vừa chua, vừa ngọt, vừa thơm, vừa thanh, đúng chuẩn hương vị miền sông nước.",520,lau|canh|rau|hai_san|thit|thanh_dam|do_uong_them,0,comnieuvietnam-vn-2026-06-04.xlsx|comnieuvietnam-vn-2026-06-04_4.xlsx,2,fresh,C3 - Cụm 3: Món thanh mát (rau/canh)
D0013,Canh chua cá bớp,canh chua ca bop,mon-canh,Món canh,160000,moderate,https://comnieuvietnam.vn/products/canh-chua-ca-bop,https://cdn.hstatic.net/products/200001057701/canh-chua-ca-bop_09f656319c8b44cead549e6aa5f68d27_1024x1024.jpg,"Canh Chua Cá Bớp là món ăn mang đậm hương vị biển, nổi bật bởi sự kết hợp hài hòa giữa vị chua thanh mát của canh chua truyền thống và vị ngọt béo tự nhiên của cá bớp tươi. Cá bớp – loại cá đặc sản vùng biển – có phần thịt chắc, trắng, dai nhẹ và hương vị thơm đặc trưng, đặc biệt không tanh và rất giàu dinh dưỡng. Khi được chế biến thành canh chua, từng lát cá chín mềm, thấm gia vị, mang lại cảm giác tươi ngon và dễ ăn cho mọi thực khách.Nồi canh chua cá bớp được nấu theo phong vị truyền thống với me chua hoặc trái giác tạo độ chua thanh dịu, hòa cùng màu đỏ của cà chua, vị thơm nhẹ của dứa, độ giòn của bạc hà và vị mát của giá sống. Tất cả các nguyên liệu hòa quyện tạo nên một nước dùng trong, ngọt tự nhiên, chua nhẹ nhưng tròn vị. Rau thơm như ngò gai và ngổ om được thêm vào cuối cùng, tạo mùi hương đặc trưng và làm món canh thêm phần hấp dẫn.",520,canh|rau|hai_san|thit|thanh_dam|do_uong_them,0,comnieuvietnam-vn-2026-06-04.xlsx|comnieuvietnam-vn-2026-06-04_4.xlsx,2,fresh,C3 - Cụm 3: Món thanh mát (rau/canh)
D0014,Canh chua cá dứa,canh chua ca dua,mon-canh,Món canh,170000,moderate,https://comnieuvietnam.vn/products/canh-chua-ca-dua,https://cdn.hstatic.net/products/200001057701/canh-chua-ca-dua_739a1f0d990744e1a1d406daf9ef6c47_1024x1024.jpg,"Canh Chua Cá Dứa là món ăn đặc trưng của vùng sông nước miền Tây, nổi bật nhờ hương vị thanh mát, hài hòa và giàu dinh dưỡng. Cá dứa – loại cá nổi tiếng với phần thịt mềm, thơm và ít tanh – khi nấu canh chua trở nên ngọt tự nhiên, săn chắc vừa phải và giữ được độ béo dịu đặc trưng. Từng miếng cá trắng mịn, chín tới trong nước canh vàng nhẹ, tạo nên cảm giác ngon miệng và dễ ăn cho mọi lứa tuổi.Phần nước canh chua được nấu từ me chua hoặc trái giác, mang lại vị chua dịu thanh mát, hòa cùng sắc đỏ tươi của cà chua, mùi thơm của dứa, cùng vị giòn mát của bạc hà, giá sống. Sự kết hợp của các loại rau thơm như ngò gai, ngổ om và chút cay nhẹ từ ớt tạo nên tầng hương phong phú, khiến món ăn thêm phần hấp dẫn. Nước dùng trong, ngọt từ xương cá và rau củ, kết hợp vị chua nhẹ đặc trưng, tạo cảm giác sảng khoái ngay từ muỗng đầu tiên.",520,canh|rau|hai_san|thit|thanh_dam|do_uong_them,0,comnieuvietnam-vn-2026-06-04.xlsx|comnieuvietnam-vn-2026-06-04_4.xlsx,2,fresh,C3 - Cụm 3: Món thanh mát (rau/canh)
D0022,Canh chua cá lăng,canh chua ca lang,mon-canh,Món canh,140000,affordable,https://comnieuvietnam.vn/products/canh-chua-ca-lang,https://cdn.hstatic.net/products/200001057701/canh-chua-ca-lang_e9bf135873a3439395bfa3f36ab5910a_grande.jpg,"Canh chua cá lăng là một trong những món ăn đặc trưng của ẩm thực miền Tây, mang hương vị hài hòa giữa vị chua thanh, ngọt tự nhiên và mùi thơm đặc trưng của các loại rau gia vị. Cá lăng – loại cá nước ngọt nổi tiếng với phần thịt chắc, béo nhẹ và không tanh – khi nấu canh chua sẽ cho ra nước dùng ngọt thanh, đậm đà mà không cần phải sử dụng quá nhiều gia vị.Nồi canh là sự kết hợp tinh tế giữa những lát cá lăng vàng ươm, mềm béo, hòa quyện cùng cà chua, dứa, bạc hà, giá đỗ và các loại gia vị dân dã như ngò om, ngò gai. Thanh mát, thơm nồng và đầy màu sắc – đó là cảm giác đầu tiên khi bạn vừa nhìn thấy tô canh. Vị chua tự nhiên từ me hoặc trái bần làm nền cho nước canh, giúp món ăn trở nên đậm đà mà vẫn thanh nhẹ, không gắt cũng không ngọt quá mức.",450,canh|rau|hai_san|thit|thanh_dam|do_uong_them,0,comnieuvietnam-vn-2026-06-04.xlsx|comnieuvietnam-vn-2026-06-04_4.xlsx,2,fresh,C3 - Cụm 3: Món thanh mát (rau/canh)
D0015,Canh chua cá mú nghệ,canh chua ca mu nghe,mon-canh,Món canh,190000,moderate,https://comnieuvietnam.vn/products/canh-chua-ca-mu-nghe,https://cdn.hstatic.net/products/200001057701/canh-chua-ca-mu-do_21f08c9d31394a018ab7f67218138872_1024x1024.jpg,"Canh Chua Cá Mú Nghệ là món ăn mang hương vị hài hòa giữa biển cả và nét thanh mát truyền thống của canh chua Việt Nam. Cá mú nghệ – một loại cá biển cao cấp với phần thịt trắng, săn chắc và thơm đặc trưng – nổi tiếng nhờ độ ngọt tự nhiên, ít xương dăm và hoàn toàn không tanh. Khi được chế biến thành canh chua, từng lát cá trở nên mềm ngọt, thấm đều gia vị, tạo nên cảm giác tươi mới, dễ chịu ngay từ muỗng đầu tiên.Nước canh được nấu từ me chua hoặc trái giác, tạo nên vị chua thanh vừa đủ, không gắt, kết hợp cùng màu đỏ hấp dẫn của cà chua, vị thơm nhẹ của dứa và độ giòn mát của bạc hà, giá sống. Các loại rau thơm như ngò gai, ngổ om, cùng chút cay nồng từ ớt tươi giúp nồi canh dậy mùi đặc trưng, mang đậm sắc thái của bữa cơm Việt. Điểm đặc biệt của canh chua cá mú nghệ là sự cân bằng hoàn hảo giữa vị ngọt từ cá biển và vị chua dịu của nước dùng, tạo nên món canh thanh thoát nhưng vẫn đậm đà.",520,canh|rau|hai_san|thit|thanh_dam|do_uong_them,0,comnieuvietnam-vn-2026-06-04.xlsx|comnieuvietnam-vn-2026-06-04_4.xlsx,2,fresh,C3 - Cụm 3: Món thanh mát (rau/canh)
D0011,Canh chua cá mú đỏ,canh chua ca mu o,mon-canh,Món canh,190000,moderate,https://comnieuvietnam.vn/products/canh-chua-ca-mu-do,https://cdn.hstatic.net/products/200001057701/canh-chua-ca-mu-do_e8ebf251abd148e291958904adf880d5_grande.jpg,"Canh Chua Cá Mú Đỏ là món ăn mang đậm hương vị biển cả, nổi bật nhờ phần thịt cá mú đỏ tươi ngon, săn chắc và ngọt tự nhiên. Cá mú đỏ vốn được xem là một trong những loại cá cao cấp của vùng biển Việt Nam, có thớ thịt trắng, dai nhẹ nhưng vẫn mềm mại khi chín, không tanh và đặc biệt giàu dinh dưỡng. Khi được nấu cùng canh chua, hương vị của cá như được tôn lên trọn vẹn, mang đến trải nghiệm tinh tế và dễ chịu.Nồi canh chua được chế biến theo phong vị truyền thống với cà chua, dứa, bạc hà, giá, me chua và các loại rau thơm như ngò gai, ngổ om. Tất cả hòa quyện tạo nên nước dùng trong, chua thanh vừa phải, xen chút ngọt tự nhiên từ xương cá và rau củ. Khi cá mú đỏ thả vào nồi, từng lát cá thấm đều gia vị, giữ nguyên độ mềm ngọt, làm cho bát canh thêm phần đậm đà và hài hòa.",520,canh|rau|hai_san|thit|thanh_dam|do_uong_them,0,comnieuvietnam-vn-2026-06-04.xlsx|comnieuvietnam-vn-2026-06-04_4.xlsx,2,fresh,C3 - Cụm 3: Món thanh mát (rau/canh)
D0010,Canh chua + cà pháo,canh chua ca phao,mon-canh,Món canh,110000,affordable,https://comnieuvietnam.vn/products/canh-chua-ca-phao,https://cdn.hstatic.net/products/200001057701/canh-chua-ca-phao_862b113c72b74233b45e0eecf7474ee8_grande.jpg,"Canh Chua + Cà Pháo là sự kết hợp hoàn hảo giữa hương vị thanh mát, chua dịu của canh chua truyền thống và vị giòn – mặn – chua nhẹ rất đặc trưng của cà pháo muối. Món ăn mang đậm dấu ấn ẩm thực Việt Nam, đặc biệt quen thuộc trong những bữa cơm gia đình từ Bắc vào Nam.Phần canh chua được nấu từ nước dùng thanh ngọt, kết hợp cùng cà chua, dứa, giá, bạc hà và các loại rau thơm như ngò gai, ngổ om. Vị chua nhẹ từ me hoặc trái giác hòa quyện cùng vị ngọt tự nhiên của cá, tôm hoặc thịt tùy cách biến tấu, tạo nên bát canh chua vừa đậm đà vừa dễ ăn. Khi thưởng thức, bạn sẽ cảm nhận được sự hài hòa của nhiều tầng vị: chua – ngọt – thơm – cay nhẹ, mang đến cảm giác sảng khoái và cực kỳ đưa cơm.",450,canh|rau|hai_san|thit|thanh_dam|do_uong_them,0,comnieuvietnam-vn-2026-06-04.xlsx|comnieuvietnam-vn-2026-06-04_4.xlsx,2,fresh,C3 - Cụm 3: Món thanh mát (rau/canh)
D0016,Canh gà lá giang,canh ga la giang,mon-canh,Món canh,140000,affordable,https://comnieuvietnam.vn/products/canh-ga-la-giang,https://cdn.hstatic.net/products/200001057701/mon-an-com-nieu__2__3__68b75370d865409eb2464821a01f9f99_1024x1024.jpg,"Canh Gà Lá Giang là món ăn truyền thống quen thuộc của người miền Trung và miền Nam, nổi bật bởi hương vị chua thanh đặc trưng của lá giang kết hợp cùng vị ngọt tự nhiên của thịt gà. Gà được lựa chọn là loại gà tươi, thịt săn chắc, khi nấu lên vẫn giữ được độ mềm mọng, ngọt thịt và hoàn toàn không bị bở. Lá giang – nguyên liệu chính làm nên hương vị đặc trưng – mang vị chua dịu, thơm nhẹ và tạo nên sự cân bằng tuyệt vời cho món canh.Khi nấu, nước dùng được hầm từ xương gà cho ra vị ngọt thanh tự nhiên, kết hợp cùng lá giang tạo nên màu nước trong nhẹ, dậy mùi thơm hấp dẫn. Các nguyên liệu như hành tím, sả, ớt và rau thơm được thêm vào giúp món canh trở nên hài hòa về hương lẫn vị. Vị chua không gắt mà dịu nhẹ, lan tỏa đều trong từng miếng thịt gà thấm gia vị, mang đến cảm giác dễ chịu và vô cùng “đưa cơm”.",450,canh|rau|thit|thanh_dam|do_uong_them,0,comnieuvietnam-vn-2026-06-04.xlsx|comnieuvietnam-vn-2026-06-04_4.xlsx,2,fresh,C3 - Cụm 3: Món thanh mát (rau/canh)
D0019,Canh hến thì là,canh hen thi la,mon-canh,Món canh,110000,affordable,https://comnieuvietnam.vn/products/canh-hen-thi-la,https://cdn.hstatic.net/products/200001057701/canh-hen-thi-la_647066abb40c4e85b7bc1cf15a3054cf_grande.jpg,"Canh hến thì là là món ăn giản dị nhưng lại mang trong mình hương vị thanh mát, độc đáo và vô cùng cuốn hút. Tô canh trong veo, nổi bật với những con hến nhỏ nhưng chắc thịt, ngọt lịm tự nhiên, hòa quyện cùng sắc xanh tươi mướt của thì là và hành lá, tạo nên một tổng thể vừa đẹp mắt vừa đậm chất ẩm thực Việt. Chỉ cần mở nắp nồi, hương thơm đặc trưng của thì là quyện cùng mùi ngọt của hến đã lan tỏa, đánh thức mọi giác quan.Hến sau khi được làm sạch kỹ càng sẽ được xào sơ với hành tím để dậy mùi, giữ trọn độ béo ngọt. Nước dùng trong thanh, ngọt tự nhiên từ chính phần nước luộc hến – không cần dùng quá nhiều gia vị nhưng vẫn thơm ngon, đậm đà. Thì là được cho vào lúc cuối, vừa đủ để giữ lại hương thơm tinh tế, không quá nồng mà vẫn tạo nên sự khác biệt so với nhiều món canh truyền thống. Khi thưởng thức, bạn sẽ cảm nhận được vị ngọt thanh của nước canh hòa quyện cùng miếng hến mềm, giòn nhẹ, thấm gia vị.",520,canh|hai_san|thit|chien_xao|thanh_dam|do_uong_them,0,comnieuvietnam-vn-2026-06-04.xlsx|comnieuvietnam-vn-2026-06-04_4.xlsx,2,fresh,C3 - Cụm 3: Món thanh mát (rau/canh)
D0017,Canh khổ qua chả cá thác lác,canh kho qua cha ca thac lac,mon-canh,Món canh,140000,affordable,https://comnieuvietnam.vn/products/canh-kho-qua-cha-ca-thac-lac,https://cdn.hstatic.net/products/200001057701/canh-kho-qua-ca-thac-lac_bdcdbad5efae4cad856d5fca37bd5341_1024x1024.jpg,"Canh Khổ Qua Chả Cá Thác Lác là món ăn thanh mát, bổ dưỡng và mang đậm hương vị truyền thống trong ẩm thực Việt Nam. Khổ qua (mướp đắng) được chọn là những trái tươi, xanh, giòn, khi nấu lên giữ được độ mềm vừa phải nhưng vẫn còn vị thanh đặc trưng. Kết hợp cùng chả cá thác lác – loại chả nổi tiếng với độ dai tự nhiên, thơm ngọt và không chứa phụ gia – món canh trở nên hài hòa, nhẹ nhàng nhưng vẫn tròn vị.Chả cá thác lác được quết thủ công cho thật dẻo và dai, tẩm ướp vừa đủ để giữ nguyên vị ngọt tự nhiên. Khi nhồi vào từng khoanh khổ qua và nấu chín, vị đắng nhẹ của khổ qua hòa cùng độ ngọt của chả cá tạo nên sự cân bằng tinh tế, không ngấy, không gắt, phù hợp với mọi khẩu vị. Nước canh trong, thanh, được nêm nếm vừa vặn, dậy lên mùi thơm từ hành ngò, tiêu. Điểm cuốn hút của canh khổ qua chả cá thác lác nằm ở sự thanh mát nhưng đầy dinh dưỡng. Khổ qua giúp thanh nhiệt, giải độc, rất thích hợp cho những ngày nóng bức hoặc khi bạn muốn một bữa ăn nhẹ nhàng.",450,canh|hai_san|thit|thanh_dam|do_uong_them,0,comnieuvietnam-vn-2026-06-04.xlsx|comnieuvietnam-vn-2026-06-04_4.xlsx,2,fresh,C3 - Cụm 3: Món thanh mát (rau/canh)
D0020,Canh sườn nấu sấu,canh suon nau sau,mon-canh,Món canh,140000,affordable,https://comnieuvietnam.vn/products/canh-suon-nau-sau,https://cdn.hstatic.net/products/200001057701/canh-suon-nau-sau_7eed9e46516246fab5d9015549772c67_1024x1024.jpg,"Canh sườn nấu sấu là món ăn quen thuộc của ẩm thực miền Bắc, mang hương vị thanh dịu, chua nhẹ và vô cùng hài hòa. Nồi canh là sự kết hợp tuyệt vời giữa phần sườn non mềm ngọt, được hầm kỹ để cho ra nước dùng trong veo nhưng giàu vị, cùng những quả sấu xanh tạo nên vị chua tự nhiên, dễ chịu và không gắt. Chỉ cần một muỗng nước canh đầu tiên, bạn sẽ cảm nhận ngay hương vị đặc trưng: chua thanh, ngọt dịu, thơm nhẹ và đủ sức làm bữa cơm gia đình trở nên tròn vị hơn.Sườn được lựa chọn là sườn non, chặt miếng vừa ăn, chần sơ để loại bỏ tạp chất, sau đó hầm lửa nhỏ cho đến khi thịt mềm nhưng vẫn giữ độ dai nhẹ. Quả sấu được dầm nhẹ trong nồi giúp vị chua lan đều, hòa quyện với vị ngọt thịt tạo nên nước canh thanh mát mà không cần dùng quá nhiều gia vị. Cà chua, hành lá và rau răm được thêm vào cuối cùng giúp món canh có màu sắc hài hòa, đồng thời tăng hương thơm và sự hấp dẫn cho món ăn.",450,canh|rau|hai_san|thit|thanh_dam|do_uong_them,0,comnieuvietnam-vn-2026-06-04.xlsx|comnieuvietnam-vn-2026-06-04_4.xlsx,2,fresh,C3 - Cụm 3: Món thanh mát (rau/canh)
D0024,Canh sườn non cải chua,canh suon non cai chua,mon-canh,Món canh,140000,affordable,https://comnieuvietnam.vn/products/canh-suon-non-cai-chua,https://cdn.hstatic.net/products/200001057701/canh-suon-non-cai-chua_9df4a8b7f7dc4a05a6a34041636efbe5_1024x1024.jpg,"Canh sườn non cải chua là món ăn quen thuộc trong bữa cơm gia đình Việt, mang hương vị thanh mát, chua nhẹ và vô cùng dễ ăn. Nồi canh là sự hòa quyện tinh tế giữa vị ngọt tự nhiên của sườn non được hầm mềm và vị chua dịu dàng của cải muối, tạo nên một món canh đậm đà nhưng vẫn thanh tao, không hề ngấy. Đây là món ăn đặc biệt phù hợp cho những ngày thời tiết nóng bức hoặc khi bạn muốn đổi vị với một món canh nhẹ nhàng mà vẫn giàu dinh dưỡng.Sườn non được chần qua rồi hầm lửa nhỏ để giữ được độ mềm, thơm và cho nước dùng trong veo nhưng ngọt sâu. Cải chua được rửa sơ để vừa giữ được độ chua đặc trưng, vừa tạo sự hài hòa cho nước canh. Khi nấu cùng sườn, cải chua sẽ thấm vị, mềm vừa phải, không quá nồng, giúp món canh thêm hài hòa và hấp dẫn. Cà chua và hành lá được cho vào đúng lúc để tạo màu sắc bắt mắt và tăng thêm hương vị tươi mới.",450,canh|hai_san|thit|thanh_dam|do_uong_them,0,comnieuvietnam-vn-2026-06-04.xlsx|comnieuvietnam-vn-2026-06-04_4.xlsx,2,fresh,C3 - Cụm 3: Món thanh mát (rau/canh)
D0021,Canh tép nấu bầu,canh tep nau bau,mon-canh,Món canh,89000,affordable,https://comnieuvietnam.vn/products/canh-tep-nau-bau,https://cdn.hstatic.net/products/200001057701/canh-tep-nau-bau_4bbd8d811456475093db632462104c30_grande.jpg,"Canh tép nấu bầu là món ăn dân dã đậm hương vị quê nhà, mang đến cảm giác thanh mát, nhẹ nhàng và vô cùng dễ ăn. Tô canh nổi bật với màu xanh trong của bầu non, xen lẫn những con tép nhỏ đỏ au, tươi ngọt, tạo nên một món ăn vừa đẹp mắt vừa bổ dưỡng. Chỉ cần mở nắp nồi, hương thơm của bầu chín hòa quyện cùng vị ngọt tự nhiên của tép đã lan tỏa, mang đến sự dễ chịu và gần gũi.Tép được chọn là loại tép đồng hoặc tép tươi, được làm sạch và xào săn với hành khô để dậy mùi thơm đặc trưng, giữ trọn vị ngọt tự nhiên. Bầu non được cắt lát mỏng vừa ăn, khi nấu sẽ mềm nhẹ, mọng nước nhưng vẫn giữ được độ giòn mát đặc trưng. Nước dùng trong vắt, ngọt thanh là sự hòa quyện từ nước tép và bầu, không cần nêm nhiều gia vị nhưng vẫn tròn vị, thanh tao.",520,canh|thit|chien_xao|thanh_dam|do_uong_them,0,comnieuvietnam-vn-2026-06-04.xlsx|comnieuvietnam-vn-2026-06-04_4.xlsx,2,fresh,C3 - Cụm 3: Món thanh mát (rau/canh)
D0023,Ốc om chuối đậu,oc om chuoi au,mon-canh,Món canh,150000,moderate,https://comnieuvietnam.vn/products/oc-om-chuoi-dau,https://cdn.hstatic.net/products/200001057701/oc-om-chuoi-dau_eeae1b317ab14d1e84478b010c557e3c_grande.jpg,Chưa có mô tả cho sản phẩm này,350,hai_san,0,comnieuvietnam-vn-2026-06-04.xlsx|comnieuvietnam-vn-2026-06-04_4.xlsx,2,fresh,C3 - Cụm 3: Món thanh mát (rau/canh)
D0001,Cơm niêu,com nieu,mon-com-nieu,Cơm niêu,15000,budget,https://comnieuvietnam.vn/products/com-nieu,https://cdn.hstatic.net/products/200001057701/com-nieu_94e6d16191774d81a06c6b9fb4f4f800_1024x1024.jpg,"Cơm Niêu là một món ăn truyền thống mang đậm bản sắc ẩm thực Việt Nam, được chế biến trong chiếc niêu đất. Hạt gạo dẻo thơm, khi nấu trong niêu sẽ giữ trọn được hương vị tự nhiên và tạo nên hai lớp đặc trưng: lớp cơm trắng tơi xốp bên trên và lớp cơm cháy giòn rụm, vàng ươm dưới đáy.Khi thưởng thức, bạn sẽ cảm nhận được sự hòa quyện tuyệt vời giữa vị béo bùi, độ giòn tan của cơm cháy cùng sự dẻo mềm của hạt cơm. Cơm Niêu thường được dùng kèm với các món ăn dân dã, đậm đà như kho quẹt, cá bống kho tiêu, hay canh cua mồng tơi, tạo nên một bữa ăn ấm cúng và trọn vẹn hương vị quê nhà.",390,com|canh|hai_san|thanh_dam,0,comnieuvietnam-vn-2026-06-04.xlsx|comnieuvietnam-vn-2026-06-04_2.xlsx,0,foundation,C1 - Cụm 1: Món nền tảng (cơm)
D0002,Cơm niêu đập,com nieu ap,mon-com-nieu,Cơm niêu,40000,budget,https://comnieuvietnam.vn/products/com-nieu-dap,https://cdn.hstatic.net/products/200001057701/com-nieu-dap_708f4de0fc184676aedde2e0d6682e47_1024x1024.jpg,"Cơm Niêu Đập là một trải nghiệm ẩm thực độc đáo, kết hợp giữa hương vị truyền thống của Cơm Niêu và sự trình bày đầy kịch tính. Món ăn này được chế biến công phu, trong đó cơm được ép chặt, tạo thành một khối tròn, bao bọc bởi lớp cơm cháy giòn tan và vàng rộm bên ngoài, sau đó mới được đặt vào niêu đất và nung nóng.Điểm thú vị nhất chính là cách thưởng thức: thực khách sẽ tự tay đập vỡ lớp niêu đất bên ngoài để lộ ra phần cơm dẻo thơm bên trong. Sự kết hợp giữa cái giòn rụm, béo bùi của lớp cháy và cái dẻo mềm của hạt cơm tạo nên một cảm giác vừa lạ miệng vừa thỏa mãn. Cơm Niêu Đập không chỉ là món ăn ngon mà còn là một trải nghiệm ẩm thực thị giác và thính giác khó quên.",360,com|hai_san,0,comnieuvietnam-vn-2026-06-04.xlsx|comnieuvietnam-vn-2026-06-04_2.xlsx,0,foundation,C1 - Cụm 1: Món nền tảng (cơm)
D0003,Cơm niêu cháy,com nieu chay,mon-com-nieu,Cơm niêu,18000,budget,https://comnieuvietnam.vn/products/com-nieu-chay,https://cdn.hstatic.net/products/200001057701/com-nieu-chay_041d7fc6e3d34b79809d4430dae77d52_1024x1024.jpg,Chưa có mô tả cho sản phẩm này,360,com,0,comnieuvietnam-vn-2026-06-04.xlsx|comnieuvietnam-vn-2026-06-04_2.xlsx,0,foundation,C1 - Cụm 1: Món nền tảng (cơm)
D0081,Đậu hũ chiên giòn,au hu chien gion,mon-dau-hu-trung,Món đậu hũ/trứng,60000,budget,https://comnieuvietnam.vn/products/dau-hu-chien-gion,https://cdn.hstatic.net/products/200001057701/dau-hu-chien-gion_db85cd820c1741ab84b3cd720b4d71c5_grande.jpg,"Đậu hũ chiên giòn là món ăn đơn giản nhưng luôn được yêu thích nhờ hương vị thơm ngon, giòn rụm bên ngoài và mềm mịn bên trong. Đậu hũ tươi được lựa chọn kỹ lưỡng, thái đều, chiên trên lửa vừa phải để tạo lớp vỏ vàng giòn, giữ nguyên độ mềm, béo tự nhiên của bên trong, mang đến trải nghiệm ẩm thực trọn vẹn từ miếng cắn đầu tiên.Món ăn được chế biến tinh tế, lớp ngoài giòn rụm, thơm nức mùi dầu chiên, hòa cùng hương thơm nhẹ nhàng của đậu hũ tươi, tạo nên sự cân bằng giữa vị béo, mềm và giòn. Có thể ăn kèm nước chấm chua ngọt, tương ớt hoặc sốt đậu nành, giúp tăng thêm hương vị và mang đến trải nghiệm thưởng thức đa dạng, kích thích vị giác.",520,chien_xao|do_uong_them,0,comnieuvietnam-vn-2026-06-04.xlsx|comnieuvietnam-vn-2026-06-04_3.xlsx,1,savory,C2 - Cụm 2: Món mặn đưa cơm
D0082,Đậu hũ sốt cà chua,au hu sot ca chua,mon-dau-hu-trung,Món đậu hũ/trứng,60000,budget,https://comnieuvietnam.vn/products/dau-hu-sot-ca-chua,https://cdn.hstatic.net/products/200001057701/mon-an-com-nieu_1__4aa39757aecc4e0a8091b657ea17fe3e_grande.jpg,"Đậu hũ sốt cà chua là món ăn dân dã nhưng đầy hương vị, kết hợp giữa vị mềm mịn, béo ngậy của đậu hũ và vị ngọt thanh, chua nhẹ của sốt cà chua tươi. Đậu hũ tươi được lựa chọn kỹ lưỡng, giữ nguyên độ mềm mịn và tinh khiết, hòa cùng nước sốt cà chua sánh mịn, tạo nên món ăn vừa thanh đạm, vừa thơm ngon, đưa cơm và dễ dàng chiếm trọn cảm tình của mọi thực khách.Món ăn được chế biến tinh tế: đậu hũ được cắt khối vừa ăn, sốt cà chua tươi được nấu kỹ, hòa quyện cùng gia vị vừa đủ như đường, muối, tiêu, mang đến vị ngọt thanh, hơi chua, cân bằng hoàn hảo với vị mềm béo của đậu hũ. Khi thưởng thức, từng miếng đậu mềm mịn thấm đều sốt cà chua đậm đà, tạo cảm giác dễ chịu, nhẹ nhàng nhưng vẫn trọn vị trong từng miếng ăn.",390,hai_san|do_uong_them,0,comnieuvietnam-vn-2026-06-04.xlsx|comnieuvietnam-vn-2026-06-04_3.xlsx,1,savory,C2 - Cụm 2: Món mặn đưa cơm
D0083,Đậu hũ sốt thịt bằm,au hu sot thit bam,mon-dau-hu-trung,Món đậu hũ/trứng,70000,budget,https://comnieuvietnam.vn/products/dau-hu-sot-thit-bam,https://cdn.hstatic.net/products/200001057701/dau-hu-sot-thit-bam_820e8f533af84e57ace96657f010a995_grande.jpg,"Đậu hũ sốt thịt bằm là món ăn dân dã nhưng giàu hương vị, kết hợp hài hòa giữa vị mềm mịn, béo thơm của đậu hũ và vị đậm đà, ngọt tự nhiên của thịt bằm. Đậu hũ tươi được lựa chọn kỹ càng, giữ nguyên độ mềm mịn, hòa quyện cùng thịt bằm tươi, được xào kỹ với gia vị vừa ăn, tạo nên món ăn thơm ngon, đưa cơm và dễ dàng làm hài lòng cả những thực khách khó tính.Món ăn được chế biến tinh tế: đậu hũ mềm mịn được sốt cùng thịt bằm xào thấm đẫm gia vị như hành, tỏi, nước mắm, tiêu, cùng chút dầu hào, tạo nên hương vị đậm đà nhưng vẫn thanh tao, giữ trọn vẹn hương vị tự nhiên của đậu và thịt. Khi thưởng thức, từng miếng đậu thấm sốt, hòa cùng vị ngọt mềm của thịt bằm, mang đến trải nghiệm ẩm thực đầy cân bằng giữa vị béo, ngọt và thơm nồng của gia vị.",520,hai_san|thit|chien_xao|do_uong_them,0,comnieuvietnam-vn-2026-06-04.xlsx|comnieuvietnam-vn-2026-06-04_3.xlsx,1,savory,C2 - Cụm 2: Món mặn đưa cơm
D0086,Mì xào hải sản,mi xao hai san,mon-dau-hu-trung,Món đậu hũ/trứng,70000,budget,https://comnieuvietnam.vn/products/mi-xao-hai-san,https://cdn.hstatic.net/products/200001057701/mi-xao-hai-san_adbfe2accbcb4d6c8a4211fb9108e818_1024x1024.jpg,"Mì xào hải sản là món ăn hấp dẫn, kết hợp hài hòa giữa sợi mì vàng mềm, dai vừa phải và hương vị tươi ngon của các loại hải sản như tôm, mực, cá, sò điệp. Món ăn mang đến trải nghiệm ẩm thực đa chiều, đậm đà, vừa thơm ngon vừa bắt mắt, khiến bữa ăn trở nên trọn vị và hấp dẫn hơn.Mì được xào nhanh trên lửa lớn, giữ được độ dai mềm, hòa quyện cùng nước sốt đặc trưng, thấm đều hương vị. Hải sản tươi ngon được sơ chế kỹ, giữ nguyên độ giòn, ngọt và thơm, kết hợp cùng hành, tỏi, ớt và các loại gia vị vừa ăn, tạo nên món ăn đậm đà nhưng vẫn cân bằng, không quá nặng vị. Khi thưởng thức, sợi mì thấm đều hương vị của hải sản, hòa cùng vị ngọt thanh của rau củ đi kèm, mang đến cảm giác trọn vẹn trong từng miếng ăn.",520,rau|hai_san|chien_xao|thanh_dam|do_uong_them,0,comnieuvietnam-vn-2026-06-04.xlsx|comnieuvietnam-vn-2026-06-04_3.xlsx,1,savory,C2 - Cụm 2: Món mặn đưa cơm
D0084,Trứng chiên hành,trung chien hanh,mon-dau-hu-trung,Món đậu hũ/trứng,60000,budget,https://comnieuvietnam.vn/products/trung-chien-hanh,https://cdn.hstatic.net/products/200001057701/mon-an-com-nieu__7__fa829e40489140c9a1789e587a4098b8_1024x1024.jpg,"Trứng chiên hành là món ăn đơn giản nhưng luôn chiếm được cảm tình của thực khách nhờ hương vị thơm ngon, vàng giòn và đậm đà. Trứng tươi được lựa chọn kỹ lưỡng, đánh đều với hành lá thái nhỏ, sau đó chiên trên lửa vừa phải để tạo lớp vỏ vàng giòn, mềm mịn bên trong, giữ nguyên độ béo ngậy tự nhiên và hương thơm đặc trưng của trứng.Món ăn được chế biến tinh tế: từng miếng trứng chiên đều vàng rụm, hòa quyện cùng vị thơm nhẹ của hành lá, vừa đơn giản, vừa đưa cơm, thích hợp cho bữa ăn gia đình hoặc bữa sáng nhanh gọn mà vẫn đầy dinh dưỡng. Gia vị được nêm nếm vừa đủ, làm nổi bật vị ngọt tự nhiên của trứng và hương thơm thanh nhẹ của hành, tạo nên món ăn vừa ngon miệng vừa hấp dẫn.",520,chien_xao|thanh_dam,0,comnieuvietnam-vn-2026-06-04.xlsx|comnieuvietnam-vn-2026-06-04_3.xlsx,1,savory,C2 - Cụm 2: Món mặn đưa cơm
D0085,Trứng chiên lá mơ,trung chien la mo,mon-dau-hu-trung,Món đậu hũ/trứng,60000,budget,https://comnieuvietnam.vn/products/trung-chien-la-mo,https://cdn.hstatic.net/products/200001057701/15_386f4cd0ac5e4dc7b0650733b29b0bbe_1024x1024.jpg,"Trứng chiên lá mơ là món ăn dân dã nhưng vô cùng hấp dẫn trong ẩm thực Việt, kết hợp hương thơm đặc trưng của lá mơ với vị béo mềm của trứng tươi, tạo nên món ăn vừa thanh mát, vừa đậm đà. Trứng tươi được lựa chọn kỹ lưỡng, đánh đều, hòa cùng lá mơ thơm dịu, sau đó chiên trên lửa vừa phải để lớp trứng vàng óng, mềm mịn bên trong, giữ nguyên độ béo tự nhiên và hương vị tinh tế của lá mơ.Món ăn được chế biến tinh tế: lá mơ giòn mềm, thơm nhẹ, kết hợp cùng trứng chiên béo mượt, hòa quyện gia vị vừa đủ như tiêu, muối và một chút hành phi, tạo nên hương vị cân bằng giữa vị ngọt, béo và thơm nồng, đưa cơm và dễ dàng làm hài lòng cả những thực khách khó tính nhất. Khi thưởng thức, từng miếng trứng thấm đều hương lá mơ, mang đến cảm giác ẩm thực dân dã nhưng đầy sức sống và hương vị đặc trưng.",520,hai_san|chien_xao|thanh_dam,0,comnieuvietnam-vn-2026-06-04.xlsx|comnieuvietnam-vn-2026-06-04_3.xlsx,1,savory,C2 - Cụm 2: Món mặn đưa cơm
D0065,Bò lúc lắc,bo luc lac,mon-ga-bo,Món gà/bò,150000,moderate,https://comnieuvietnam.vn/products/bo-luc-lac,https://cdn.hstatic.net/products/200001057701/bo-luc-lac_c0218d22f2b94c998410956f04367d3c_1024x1024.jpg,"Bò lúc lắc là món ăn đặc trưng trong ẩm thực Việt Nam, nổi bật với những miếng thịt bò được cắt vuông vừa ăn, xào nhanh trên lửa lớn để giữ độ mềm mọng, thấm đều gia vị, mang đến trải nghiệm ẩm thực đậm đà, hấp dẫn. Thịt bò tươi ngon, ngọt tự nhiên, kết hợp cùng hành tây, ớt chuông và một số loại gia vị cơ bản như tỏi phi, tiêu, nước tương, tạo nên sự hòa quyện hoàn hảo giữa vị ngọt, béo và hương thơm đặc trưng.Điểm nhấn của món Bò lúc lắc nằm ở cách chế biến tinh tế: từng miếng thịt bò săn chắc, mềm ngọt bên trong, lớp bên ngoài được áp chảo vừa đủ để giữ độ mọng và hương vị tự nhiên. Khi thưởng thức, thịt bò hòa cùng rau củ giòn tươi, gia vị đậm đà mang lại cảm giác vừa miệng, thơm ngon và rất đưa cơm. Món ăn có thể ăn kèm cơm trắng nóng hổi, bánh mì hoặc salad, tạo nên bữa ăn cân bằng, giàu dinh dưỡng và hấp dẫn cả về thị giác lẫn vị giác.",590,com|rau|hai_san|thit|chien_xao|thanh_dam|do_uong_them,0,comnieuvietnam-vn-2026-06-04.xlsx|comnieuvietnam-vn-2026-06-04_10.xlsx,1,savory,C2 - Cụm 2: Món mặn đưa cơm
D0062,Bò xào hành cần,bo xao hanh can,mon-ga-bo,Món gà/bò,150000,moderate,https://comnieuvietnam.vn/products/bo-xao-hanh-can,https://cdn.hstatic.net/products/200001057701/bo-xao-hanh-can_1006cb3785a24221bf80ed415189ce06_1024x1024.jpg,"Bò xào hành cần là món ăn dân dã nhưng đậm đà hương vị, mang đến trải nghiệm ẩm thực Việt Nam cân bằng giữa thịt thơm ngon và rau tươi mát. Thịt bò tươi, mềm ngọt được thái lát mỏng, xào nhanh trên lửa lớn để giữ độ mềm mọng, thấm gia vị vừa phải, hòa quyện cùng hương thơm đặc trưng của hành và rau cần tươi.Rau cần được lựa chọn tươi xanh, giòn sần sật, khi xào cùng hành và thịt bò tạo nên sự cân bằng hoàn hảo giữa vị ngọt của thịt, mùi thơm nhẹ của hành và vị thanh mát, hơi hăng đặc trưng của rau cần. Gia vị dùng trong món ăn vừa đủ: tỏi phi thơm nức, chút tiêu, nước mắm ngon, đôi khi thêm một ít dầu hào, giúp món ăn thêm đậm đà mà vẫn giữ được vị tự nhiên, không quá nặng nề.",590,rau|thit|chien_xao|thanh_dam|do_uong_them,0,comnieuvietnam-vn-2026-06-04.xlsx|comnieuvietnam-vn-2026-06-04_10.xlsx,1,savory,C2 - Cụm 2: Món mặn đưa cơm
D0061,Cải mầm đá Sapa xào bò,cai mam a sapa xao bo,mon-ga-bo,Món gà/bò,150000,moderate,https://comnieuvietnam.vn/products/cai-mam-da-sapa-xao-bo,https://cdn.hstatic.net/products/200001057701/cai-mam-da-xao-bo_bbf4fe46c8fc430da352cd9b3140c924_1024x1024.jpg,"Cải mầm đá Sapa xào bò là món ăn tươi ngon, đầy hương vị và giàu dinh dưỡng, kết hợp hoàn hảo giữa vị ngọt tự nhiên của thịt bò và vị giòn ngọt thanh mát của cải mầm đá Sapa. Thịt bò tươi, mềm ngọt được lựa chọn kỹ lưỡng, thái vừa miếng, xào nhanh trên lửa lớn để giữ trọn độ mềm và hương vị thơm ngon tự nhiên.Cải mầm đá Sapa – loại rau đặc sản của vùng núi cao – mang vị ngọt thanh, giòn sần sật, khi xào cùng thịt bò sẽ tạo nên sự hòa quyện tinh tế giữa vị đậm đà của thịt và vị tươi mát của rau. Gia vị được dùng vừa đủ: tỏi phi thơm nức, chút tiêu, nước mắm ngon, đôi khi thêm một chút dầu hào để tăng hương vị, tất cả tạo nên món ăn vừa thanh đạm, vừa đậm đà, rất thích hợp cho bữa cơm gia đình hay bữa trưa nhẹ.",590,rau|hai_san|thit|chien_xao|thanh_dam|do_uong_them,0,comnieuvietnam-vn-2026-06-04.xlsx|comnieuvietnam-vn-2026-06-04_10.xlsx,1,savory,C2 - Cụm 2: Món mặn đưa cơm
D0059,Gà hấp lá chanh,ga hap la chanh,mon-ga-bo,Món gà/bò,360000,premium,https://comnieuvietnam.vn/products/ga-hap-la-chanh,https://cdn.hstatic.net/products/200001057701/ga-hap-la-chanh_b6e2c9111d9d4e9da4c322c25b11c322_grande.jpg,"Gà hấp lá chanh là món ăn dân dã nhưng vô cùng tinh tế trong ẩm thực Việt Nam, nổi bật với hương thơm dịu nhẹ, vị ngọt tự nhiên của thịt gà và mùi lá chanh tươi mát đặc trưng. Gà ta thả vườn được lựa chọn kỹ càng, thịt săn chắc, da mỏng, khi hấp chín vẫn giữ được độ mềm, ngọt và thơm tự nhiên.Điểm nhấn của món ăn nằm ở lá chanh tươi – khi hấp cùng gà, tinh dầu lá chanh lan tỏa, thấm nhẹ vào từng thớ thịt, tạo nên mùi thơm dịu dàng, thanh mát nhưng vẫn đậm đà, kích thích vị giác từ lần đầu thưởng thức. Thịt gà sau khi hấp mềm ngọt, mọng nước, giữ trọn hương vị nguyên bản mà không cần nhiều gia vị cầu kỳ.",610,thit|thanh_dam|do_uong_them,0,comnieuvietnam-vn-2026-06-04.xlsx|comnieuvietnam-vn-2026-06-04_10.xlsx,1,savory,C2 - Cụm 2: Món mặn đưa cơm
D0057,Gà ta chiên nước mắm,ga ta chien nuoc mam,mon-ga-bo,Món gà/bò,120000,affordable,https://comnieuvietnam.vn/products/ga-ta-chien-nuoc-mam,https://cdn.hstatic.net/products/200001057701/ga-chien-nuoc-mam_f4ab0b99ef22424997a5434f7e509cf5_grande.jpg,"Gà ta chiên nước mắm là món ăn dân dã nhưng vô cùng hấp dẫn trong ẩm thực Việt, nổi bật với hương vị đậm đà, thơm nức và vị ngọt tự nhiên từ thịt gà thả vườn. Gà ta được chọn kỹ càng, thịt săn chắc, da mỏng, sau khi chế biến vẫn giữ được độ mềm, ngọt và giàu dinh dưỡng.Điểm nhấn của món ăn là nước mắm truyền thống pha chế khéo léo, hòa quyện cùng hành, tỏi, đường và một chút ớt, tạo nên lớp nước sốt màu cánh gián óng ánh, thấm đều vào từng thớ thịt. Khi chiên, gà vàng giòn bên ngoài nhưng vẫn giữ được độ mềm ngọt bên trong, tỏa hương thơm đặc trưng khó cưỡng, kích thích vị giác ngay từ miếng đầu tiên.",520,canh|thit|chien_xao|thanh_dam|do_uong_them,0,comnieuvietnam-vn-2026-06-04.xlsx|comnieuvietnam-vn-2026-06-04_10.xlsx,1,savory,C2 - Cụm 2: Món mặn đưa cơm
D0056,Gà ta: Kho gừng/ Xào sả ớt/ Kho nghệ,ga ta kho gung xao sa ot kho nghe,mon-ga-bo,Món gà/bò,120000,affordable,https://comnieuvietnam.vn/products/ga-ta-kho-gung-xao-sa-ot-kho-nghe,https://cdn.hstatic.net/products/200001057701/ga-kho-gung_7c7f43f123da4fbe81bb26b4f055f47b_1024x1024.jpg,"Gà ta là nguyên liệu quen thuộc trong ẩm thực Việt Nam, nổi bật với thịt săn chắc, ngọt tự nhiên và hương vị đậm đà, rất thích hợp để chế biến theo nhiều phong cách khác nhau. Từ những con gà ta thả vườn khỏe mạnh, thịt chắc, da mỏng, từng phần gà khi chế biến đều giữ được độ tươi ngon, ngọt ngào và bổ dưỡng.Gà kho gừng mang hương thơm ấm nồng, vị ngọt nhẹ của thịt gà hòa cùng vị cay nồng, thơm phức của gừng tươi, tạo cảm giác ấm áp và cực kỳ đưa cơm. Gà xào sả ớt lại là món ăn đậm đà, cay nồng, thơm mùi sả và ớt, khiến vị giác được đánh thức ngay từ miếng đầu tiên, thích hợp cho những bữa ăn muốn đổi vị. Gà kho nghệ là sự kết hợp tinh tế giữa vị ngọt tự nhiên của thịt gà và màu vàng óng ả, mùi thơm đặc trưng của nghệ tươi, mang đến món ăn vừa bổ dưỡng vừa hấp dẫn, giúp tăng cường sức khỏe và thêm phần bắt mắt trên mâm cơm.",520,thit|chien_xao|thanh_dam|do_uong_them,0,comnieuvietnam-vn-2026-06-04.xlsx|comnieuvietnam-vn-2026-06-04_10.xlsx,1,savory,C2 - Cụm 2: Món mặn đưa cơm
D0058,Gà ta rang muối,ga ta rang muoi,mon-ga-bo,Món gà/bò,120000,affordable,https://comnieuvietnam.vn/products/ga-ta-rang-muoi,https://cdn.hstatic.net/products/200001057701/ga-rang-muoi_d2141e2e1db64379ba763565d3eb8bf1_grande.jpg,"Gà ta rang muối là món ăn dân dã nhưng cực kỳ cuốn hút trong ẩm thực Việt Nam, nổi bật với vị thơm nồng, đậm đà và hương vị nguyên bản của thịt gà thả vườn. Gà ta được chọn lựa kỹ càng, thịt săn chắc, da mỏng, khi rang lên vừa giữ được độ mềm ngọt bên trong, vừa có lớp da giòn rụm bên ngoài, tạo cảm giác vừa ăn vừa thú vị.Điểm nhấn của món ăn là muối rang tẩm gia vị đặc trưng, kết hợp cùng hành, tỏi, tiêu và một chút ớt, tạo nên lớp bột muối vàng óng, bám đều trên bề mặt thịt. Khi thưởng thức, vị mặn vừa phải của muối hòa cùng vị ngọt tự nhiên của thịt gà, kết hợp cùng hương thơm đặc trưng của hành tỏi phi, tạo nên món ăn thơm nức, kích thích vị giác ngay từ miếng đầu tiên.",520,thit|chien_xao,0,comnieuvietnam-vn-2026-06-04.xlsx|comnieuvietnam-vn-2026-06-04_10.xlsx,1,savory,C2 - Cụm 2: Món mặn đưa cơm
D0060,Gân bò xào cải chua,gan bo xao cai chua,mon-ga-bo,Món gà/bò,130000,affordable,https://comnieuvietnam.vn/products/gan-bo-xao-cai-chua,https://cdn.hstatic.net/products/200001057701/gan-bo-xao-cai-chua_9f69d2d711544ff1b7313907cad6024c_1024x1024.jpg,"Gân bò xào cải chua là món ăn đậm đà, đầy hương vị dân dã nhưng không kém phần cuốn hút trong ẩm thực Việt Nam. Gân bò tươi ngon được lựa chọn kỹ càng, sau khi sơ chế giữ được độ dai giòn đặc trưng, kết hợp hoàn hảo với cải chua chua dịu, tạo nên món ăn vừa mặn vừa chua, đậm đà, kích thích vị giác từ miếng đầu tiên.Trong quá trình chế biến, gân bò được xào nhanh lửa vừa đủ để giữ độ giòn mềm, thấm đều gia vị như tỏi phi, ớt, tiêu và nước mắm, hòa quyện với vị chua thanh của cải chua. Khi thưởng thức, từng miếng gân bò dai giòn, thấm đậm hương vị, kết hợp cùng vị chua dịu của cải, tạo nên sự cân bằng tuyệt vời giữa các hương vị. Món ăn mang đến cảm giác vừa đậm đà, vừa thanh mát, không ngấy, rất hợp để ăn cùng cơm nóng hoặc bún tươi.",520,thit|chien_xao|do_uong_them,0,comnieuvietnam-vn-2026-06-04.xlsx|comnieuvietnam-vn-2026-06-04_10.xlsx,1,savory,C2 - Cụm 2: Món mặn đưa cơm
D0063,Măng trúc yên tử xào bò,mang truc yen tu xao bo,mon-ga-bo,Món gà/bò,139000,affordable,https://comnieuvietnam.vn/products/mang-truc-yen-tu-xao-bo,https://cdn.hstatic.net/products/200001057701/mang-truc-yen-tu-xao-bo_8054ed596a7e4c09b35237a39bbac11d_1024x1024.jpg,"Măng trúc Yên Tử xào bò là món ăn đặc sắc kết hợp giữa vị ngọt mềm của thịt bò và hương thơm thanh mát, giòn sần sật của măng trúc Yên Tử – loại măng đặc sản nổi tiếng của vùng núi phía Bắc. Thịt bò tươi được thái lát vừa ăn, xào nhanh trên lửa lớn để giữ độ mềm mọng, thấm đều gia vị mà vẫn giữ trọn vị ngọt tự nhiên.Măng trúc Yên Tử tươi giòn, thơm dịu, khi xào cùng thịt bò sẽ làm nổi bật hương vị tinh tế của cả hai nguyên liệu. Gia vị chế biến gồm tỏi phi, hành, tiêu, nước mắm và một chút dầu hào, tạo nên sự hòa quyện giữa vị ngọt, béo của thịt bò và vị thanh mát, hơi đắng nhẹ của măng trúc, mang đến món ăn vừa đậm đà, vừa thanh tao, hấp dẫn cả về hương lẫn vị.",520,hai_san|thit|chien_xao|thanh_dam|do_uong_them,0,comnieuvietnam-vn-2026-06-04.xlsx|comnieuvietnam-vn-2026-06-04_10.xlsx,1,savory,C2 - Cụm 2: Món mặn đưa cơm
D0064,Rau rừng Gia Lai xào bò,rau rung gia lai xao bo,mon-ga-bo,Món gà/bò,139000,affordable,https://comnieuvietnam.vn/products/rau-rung-gia-lai-xao-bo,https://cdn.hstatic.net/products/200001057701/rau-rung-gia-lai-xao-bo_424b22c634674706aa2f20e806c5d527_1024x1024.jpg,"Rau rừng Gia Lai xào bò là món ăn đặc sắc, kết hợp hoàn hảo giữa vị ngọt mềm của thịt bò và hương vị tươi mát, hơi đắng nhẹ đặc trưng của các loại rau rừng núi cao Gia Lai. Thịt bò tươi ngon, được thái lát vừa ăn, xào nhanh trên lửa lớn để giữ độ mềm mọng, thấm đều gia vị nhưng vẫn giữ nguyên vị ngọt tự nhiên.Rau rừng Gia Lai tươi xanh, giòn sần sật, mang lại hương thơm đặc trưng và vị thanh mát độc đáo khi xào cùng thịt bò. Gia vị chế biến gồm tỏi phi, hành, tiêu, nước mắm và đôi khi thêm chút dầu hào, tạo nên món ăn vừa đậm đà, vừa thanh tao, giữ được nét đặc trưng mộc mạc nhưng hấp dẫn của núi rừng Tây Nguyên.",520,rau|hai_san|thit|chien_xao|thanh_dam|do_uong_them,0,comnieuvietnam-vn-2026-06-04.xlsx|comnieuvietnam-vn-2026-06-04_10.xlsx,1,savory,C2 - Cụm 2: Món mặn đưa cơm
D0078,Mực ống: Xào/ Hấp/ Chiên nước mắm,muc ong xao hap chien nuoc mam,mon-hai-san,Món hải sản,150000,moderate,https://comnieuvietnam.vn/products/muc-ong-xao-hap-chien-nuoc-mam,https://cdn.hstatic.net/products/200001057701/muc-ong-hap__2__64c8b80d980b4b418478d1fd839b2a4d_grande.jpg,"Mực ống xào / hấp / chiên nước mắm là món ăn đặc sắc trong ẩm thực biển Việt, mang đến hương vị tươi ngon, đậm đà và trọn vẹn vị biển. Mực ống tươi, săn chắc, ngọt dịu tự nhiên, được lựa chọn kỹ lưỡng, giữ nguyên độ tươi và vị ngon đặc trưng của hải sản sau khi chế biến.Mực ống được xào nhanh với các loại rau củ, hành, tỏi và gia vị, tạo nên món ăn giòn ngọt, đậm hương vị, vẫn giữ được độ săn chắc và ngọt tự nhiên của mực. Khi hấp, mực giữ nguyên vị ngọt tinh khiết, mềm mọng, kết hợp với các loại gia vị nhẹ nhàng, mang đến trải nghiệm ẩm thực thanh tao, tôn vinh hương vị tươi ngon tự nhiên của mực. Còn với chiên nước mắm, từng con mực được chiên vàng giòn bên ngoài, mềm ngọt bên trong, thấm đẫm nước mắm thơm nồng, tạo nên món ăn đậm đà, hấp dẫn và vô cùng đưa cơm.",590,rau|hai_san|chien_xao|thanh_dam|do_uong_them,0,comnieuvietnam-vn-2026-06-04.xlsx|comnieuvietnam-vn-2026-06-04_9.xlsx,1,savory,C2 - Cụm 2: Món mặn đưa cơm
D0080,Ốc bưu xào chuối đậu,oc buu xao chuoi au,mon-hai-san,Món hải sản,160000,moderate,https://comnieuvietnam.vn/products/oc-buu-xao-chuoi-dau,https://cdn.hstatic.net/products/200001057701/oc-om-chuoi-dau_1__5d58b8ef7c684d3ea92a548fb7ca6180_1024x1024.jpg,"Ốc bưu xào chuối đậu là món ăn dân dã nhưng cực kỳ hấp dẫn trong ẩm thực Việt, kết hợp hài hòa giữa vị giòn ngọt của ốc bưu, vị mềm thơm của đậu phụ và vị chua nhẹ, thanh mát của chuối xanh. Món ăn mang đến trải nghiệm ẩm thực đầy hương vị, vừa dân dã, vừa đậm đà, khiến bất cứ ai thưởng thức cũng khó quên.Ốc bưu tươi được lựa chọn kỹ lưỡng, làm sạch và chế biến sao cho giữ được độ giòn, ngọt tự nhiên. Đậu phụ mềm mịn, thơm béo, hòa cùng chuối xanh giòn nhẹ và các loại gia vị như tỏi, hành phi, mắm, tiêu, tạo nên món xào đậm đà, thấm vị nhưng vẫn giữ được hương vị tự nhiên của từng nguyên liệu. Khi thưởng thức, từng miếng ốc giòn ngọt hòa cùng vị mềm thơm của đậu và chua nhẹ của chuối, mang đến cảm giác cân bằng hoàn hảo giữa các hương vị.",590,hai_san|chien_xao|thanh_dam,0,comnieuvietnam-vn-2026-06-04.xlsx|comnieuvietnam-vn-2026-06-04_9.xlsx,1,savory,C2 - Cụm 2: Món mặn đưa cơm
D0079,Tôm: Cháy tỏi/ Rang muối/ Chiên nước mắm,tom chay toi rang muoi chien nuoc mam,mon-hai-san,Món hải sản,160000,moderate,https://comnieuvietnam.vn/products/tom-chay-toi-rang-muoi-chien-nuoc-mam,https://cdn.hstatic.net/products/200001057701/tom-chay-toi-rang-muoi-chien-nuoc-mam_f7352073837c45d990bb85031ee19964_grande.jpg,"Tôm cháy tỏi / rang muối / chiên nước mắm là món ăn hải sản quen thuộc nhưng luôn giữ được sức hấp dẫn nhờ hương vị đậm đà và tươi ngon. Tôm tươi, thịt săn chắc, ngọt tự nhiên, được lựa chọn kỹ lưỡng, giữ nguyên vị tươi ngon và độ giòn mọng sau khi chế biến, mang đến trải nghiệm ẩm thực tuyệt vời ngay từ miếng đầu tiên.Tôm cháy tỏi được xào nhanh với tỏi phi vàng giòn, giữ nguyên vị ngọt tự nhiên, hòa cùng hương tỏi thơm nức, tạo nên món ăn vừa đưa cơm, vừa kích thích vị giác. Khi rang muối, tôm được tẩm ướp gia vị vừa phải, rang trên lửa lớn để thấm đều, giữ độ săn chắc bên trong, lớp muối bám ngoài thơm nồng, ăn kèm hương vị tự nhiên của tôm tạo nên món ăn đậm đà và hấp dẫn. Còn với chiên nước mắm, từng con tôm vàng ruộm bên ngoài, mềm ngọt bên trong, thấm đều nước mắm pha chua ngọt nhẹ, mang đến món ăn đậm hương, thơm béo, khó cưỡng.",590,hai_san|thit|chien_xao|thanh_dam|do_uong_them,0,comnieuvietnam-vn-2026-06-04.xlsx|comnieuvietnam-vn-2026-06-04_9.xlsx,1,savory,C2 - Cụm 2: Món mặn đưa cơm
D0025,Ba rọi luộc + cà pháo,ba roi luoc ca phao,mon-heo,Món heo,130000,affordable,https://comnieuvietnam.vn/products/ba-roi-luoc-ca-phao,https://cdn.hstatic.net/products/200001057701/ba-roi-luoc-ca-phao_779d5fe1328945ccacfbbd01349b0dca_1024x1024.jpg,"Ba rọi luộc + cà pháo là sự kết hợp đơn giản nhưng lại tạo nên hương vị quê nhà thân thuộc, mộc mạc mà khó ai có thể chối từ. Miếng ba rọi được chọn từ phần thịt tươi ngon, có tỷ lệ nạc – mỡ hài hòa, khi luộc chín sẽ mềm ngọt, trong trẻo và không hề ngấy. Từng lát thịt được thái vừa ăn, trắng ngần, thơm nhẹ, giữ trọn hương vị tự nhiên của thịt luộc truyền thống.Đi kèm với thịt là cà pháo – loại dưa muối đặc trưng trong bữa cơm Việt. Những quả cà pháo tròn căng, giòn rụm, muối vừa chua – mặn – cay nhẹ, tạo nên sự đối lập hoàn hảo khi ăn cùng thịt ba rọi mềm béo. Chỉ cần cắn một miếng cà giòn tan, thêm lát thịt luộc chấm mắm tỏi ớt hoặc mắm tôm pha chua ngọt, hương vị lan tỏa ngay đầu lưỡi, vừa đậm đà vừa thanh mát, khiến người ăn chỉ muốn ăn thêm nữa.",450,hai_san|thit|thanh_dam|do_uong_them,0,comnieuvietnam-vn-2026-06-04.xlsx|comnieuvietnam-vn-2026-06-04_6.xlsx,1,savory,C2 - Cụm 2: Món mặn đưa cơm
D0026,Ba rọi luộc + tôm chua,ba roi luoc tom chua,mon-heo,Món heo,130000,affordable,https://comnieuvietnam.vn/products/ba-roi-luoc-tom-chua,https://cdn.hstatic.net/products/200001057701/m_n_combo_1__2__3eb4d728e77545179235e5f198cddd5c_1024x1024.png,"Ba rọi luộc + tôm chua là sự kết hợp đậm chất ẩm thực miền Trung, mang đến hương vị hài hòa giữa vị béo ngọt của thịt và sự chua cay đặc trưng của tôm lên men. Món ăn tuy dân dã nhưng lại có sức hấp dẫn đặc biệt, khiến bất kỳ ai đã thử qua một lần đều khó quên.Thịt ba rọi được lựa chọn từ phần thịt tươi, nạc mỡ đan xen đều, khi luộc chín sẽ mềm, thơm và giữ được độ trong đẹp mắt. Từng lát thịt khi thái ra có độ đàn hồi nhẹ, béo nhưng không ngấy, đặc biệt ngon hơn khi ăn kèm với tôm chua. Tôm chua Huế – linh hồn của món ăn – được làm từ tôm tươi lên men tự nhiên, mang màu đỏ cam đẹp mắt, vị chua dịu, cay nhẹ, xen chút ngọt và mùi thơm đặc trưng không lẫn vào đâu được.",450,hai_san|thit|thanh_dam,0,comnieuvietnam-vn-2026-06-04.xlsx|comnieuvietnam-vn-2026-06-04_6.xlsx,1,savory,C2 - Cụm 2: Món mặn đưa cơm
D0027,Ba rọi rang cháy cạnh,ba roi rang chay canh,mon-heo,Món heo,89000,affordable,https://comnieuvietnam.vn/products/ba-roi-rang-chay-canh,https://cdn.hstatic.net/products/200001057701/ba-roi-rang-chay-canh_8344e7231e8e49c8b71aecbc0d514625_1024x1024.jpg,"Ba rọi rang cháy cạnh là món ăn quen thuộc trong bữa cơm gia đình Việt Nam, mang hương vị đậm đà, bắt cơm và vô cùng hấp dẫn. Món ăn được chế biến từ phần thịt ba rọi tươi ngon, nạc mỡ đan xen hài hòa, khi rang lên sẽ săn lại, vàng ruộm và dậy mùi thơm đặc trưng không thể lẫn vào đâu được. Lớp mỡ chảy nhẹ, quyện vào phần nạc tạo độ mềm béo vừa đủ, không ngấy, càng ăn càng thấy “đưa cơm”.Thịt được cắt miếng vừa ăn, ướp đậm gia vị với nước mắm, tiêu, hành tỏi băm và một chút đường để tạo độ bóng và lớp cháy cạnh hấp dẫn. Khi rang trên lửa lớn, miếng thịt xém cạnh vàng nâu, bề mặt hơi giòn nhưng bên trong vẫn mềm ngọt. Từng miếng thịt thấm đều gia vị, mang vị mặn mà của nước mắm, chút ngọt dịu, kèm theo hương thơm phảng phất của hành tỏi cháy — tất cả tạo nên một tổng thể cuốn hút ngay từ lần đầu thưởng thức.",520,canh|hai_san|thit|chien_xao|thanh_dam|do_uong_them,0,comnieuvietnam-vn-2026-06-04.xlsx|comnieuvietnam-vn-2026-06-04_6.xlsx,1,savory,C2 - Cụm 2: Món mặn đưa cơm
D0033,Giò heo giả cầy,gio heo gia cay,mon-heo,Món heo,89000,affordable,https://comnieuvietnam.vn/products/gio-heo-gia-cay,https://cdn.hstatic.net/products/200001057701/gio-heo-gia-cay_9e18d8e0851f49c9b4c5f04480b93c7f_grande.jpg,"Giò heo giả cầy là món ăn dân dã mang hương vị đặc trưng của ẩm thực miền Bắc, kết hợp tuyệt vời giữa vị béo mềm của giò heo và mùi thơm nồng quyến rũ của riềng, sả, mẻ, mắm tôm. Giò heo được lựa chọn từ phần chân trước hoặc chân sau, lọc sạch, thui vàng đều để dậy mùi thơm đặc trưng “giã cầy”, rồi nấu chín cùng các loại gia vị truyền thống tạo nên sắc vàng nâu hấp dẫn và hương thơm khó cưỡng.Từng miếng giò heo mềm nhưng không nát, da giòn dai, thịt săn chắc, thấm đều gia vị riềng mẻ, mang đến cảm giác vừa lạ vừa quen. Vị chua dịu của mẻ hòa quyện với chút mằn mặn của mắm tôm, cùng hương sả và riềng bốc lên thơm lừng, tạo nên một tổng thể hài hòa, đậm đà đậm chất quê nhà. Món ăn thường được ăn kèm với bún tươi, rau sống hoặc cơm trắng nóng, rất “đưa miệng” và phù hợp cho những bữa cơm gia đình sum vầy.",450,com|rau|hai_san|thit|thanh_dam|do_uong_them,0,comnieuvietnam-vn-2026-06-04.xlsx|comnieuvietnam-vn-2026-06-04_6.xlsx,1,savory,C2 - Cụm 2: Món mặn đưa cơm
D0035,Giò thủ,gio thu,mon-heo,Món heo,89000,affordable,https://comnieuvietnam.vn/products/gio-thu,https://cdn.hstatic.net/products/200001057701/gio-thu_084cc9a6f24049b59bed1c335080ef88_grande.jpg,"Giò thủ là một trong những món ăn truyền thống quen thuộc trong mâm cơm Việt, đặc biệt được ưa chuộng vào dịp lễ Tết nhờ hương vị đậm đà và độ giòn dai đặc trưng. Món ăn được chế biến từ các phần thịt heo như tai, mũi, lưỡi, thịt thủ… được làm sạch kỹ lưỡng, thái đều tay rồi xào săn với hành phi, tiêu đen và gia vị truyền thống để dậy lên mùi thơm đặc trưng hấp dẫn. Hỗn hợp sau đó được ép chặt trong khuôn để tạo thành khoanh giò chắc thịt, khi cắt ra từng lát sẽ thấy rõ thớ thịt xen lẫn phần bì giòn, đẹp mắt.Giò thủ mang hương vị hài hòa giữa béo – giòn – hơi dai, quyện cùng mùi thơm nồng nàn của tiêu và hành phi, tạo nên món ăn vừa lạ miệng vừa quen thuộc. Món này đặc biệt ngon khi dùng kèm dưa chua, rau sống hoặc cuốn bánh tráng chấm mắm tỏi ớt, giúp cân bằng hương vị và tạo cảm giác ăn hoài không ngán.",520,rau|thit|chien_xao|thanh_dam,0,comnieuvietnam-vn-2026-06-04.xlsx|comnieuvietnam-vn-2026-06-04_6.xlsx,1,savory,C2 - Cụm 2: Món mặn đưa cơm
D0032,Sườn heo rang muối,suon heo rang muoi,mon-heo,Món heo,140000,affordable,https://comnieuvietnam.vn/products/suon-heo-rang-muoi,https://cdn.hstatic.net/products/200001057701/suon-heo-rang-muoi_d4eb290e82274f89b5a6959f01711f26_1024x1024.jpg,"Sườn heo rang muối là một món ăn mang hương vị đặc trưng, kết hợp hoàn hảo giữa độ giòn rụm bên ngoài và độ mềm ngọt bên trong của từng thớ thịt. Món ăn này không chỉ hấp dẫn bởi lớp áo muối rang vàng ươm, thơm nức mũi mà còn bởi sự hài hòa tinh tế giữa vị mặn vừa đủ, vị béo nhẹ và hương thơm quyến rũ của sả, ớt, tỏi – những nguyên liệu quen thuộc trong bếp Việt.Sườn heo được chọn từ phần non, có nhiều thịt và lớp sụn mềm, sau khi sơ chế sẽ được chiên vàng để tạo độ giòn bên ngoài nhưng vẫn giữ được sự mọng nước bên trong. Lớp muối rang được làm từ sự kết hợp của muối, gạo nếp, đậu xanh, tiêu và các gia vị rang giòn rồi xay mịn, tạo nên hương vị đậm đà đặc trưng không lẫn với bất kỳ món nào khác. Khi sườn được đảo đều trong hỗn hợp muối rang, từng miếng như khoác lên lớp áo thơm giòn, vỡ nhẹ khi cắn nhưng vẫn cho cảm giác ngọt thịt, béo bùi và vô cùng “bắt cơm”.",520,thit|chien_xao|thanh_dam|do_uong_them,0,comnieuvietnam-vn-2026-06-04.xlsx|comnieuvietnam-vn-2026-06-04_6.xlsx,1,savory,C2 - Cụm 2: Món mặn đưa cơm
D0030,Sườn non rim mặn,suon non rim man,mon-heo,Món heo,89000,affordable,https://comnieuvietnam.vn/products/suon-non-rim-man,https://cdn.hstatic.net/products/200001057701/suon-non-rim-man_1335d3a1714d495ea6cf77d65f2c30b3_grande.jpg,"Sườn non rim mặn là một trong những món ăn đưa cơm nhất trong ẩm thực gia đình Việt, mang hương vị đậm đà, hài hòa và đầy cuốn hút. Từng miếng sườn non được lựa chọn từ phần thịt mềm, nhiều sụn, sau khi sơ chế sẽ được ướp thấm cùng nước mắm ngon, đường, hành tỏi và chút tiêu để tạo nên hương thơm đặc trưng. Khi rim trên lửa nhỏ, miếng sườn dần săn lại, lớp mỡ nhẹ tan chảy hòa cùng gia vị tạo nên màu nâu óng đẹp mắt và hương thơm quyến rũ khó cưỡng.Điểm hấp dẫn của sườn non rim mặn nằm ở sự cân bằng của vị mặn ngọt: không quá gắt, không quá nhạt mà vừa đủ để kích thích vị giác. Cắn vào một miếng là cảm nhận ngay độ mềm mọng, đậm đà lan tỏa trong khoang miệng, xen lẫn chút béo nhẹ và hương tiêu cay cay làm món ăn thêm tròn vị. Sườn rim mặn đặc biệt hợp khi dùng kèm cơm trắng nóng hổi, bởi chỉ cần một miếng sườn là đủ làm “tốn cơm” đến lạ.",450,com|thit|thanh_dam|do_uong_them,0,comnieuvietnam-vn-2026-06-04.xlsx|comnieuvietnam-vn-2026-06-04_6.xlsx,1,savory,C2 - Cụm 2: Món mặn đưa cơm
D0031,Sườn xào chua ngọt,suon xao chua ngot,mon-heo,Món heo,140000,affordable,https://comnieuvietnam.vn/products/suon-xao-chua-ngot,https://cdn.hstatic.net/products/200001057701/suon-xao-chua-ngot_91aafea1bb674deba602aee170787765_grande.jpg,"Sườn xào chua ngọt là món ăn luôn đứng đầu trong danh sách những món “gây nghiện” của ẩm thực Việt, nhờ sự hòa quyện đầy tinh tế giữa vị chua nhẹ, ngọt thanh và hương thơm đặc trưng của sườn non chiên vàng. Mỗi miếng sườn được chọn lọc từ phần thịt săn chắc, có chút mỡ vừa phải để khi chiên lên tạo được độ giòn bên ngoài nhưng vẫn giữ được độ mềm ẩm bên trong. Sau khi được chiên vàng ruộm, sườn được áo đều bởi hỗn hợp nước sốt đặc trưng gồm giấm hoặc me, đường, nước mắm cùng hành tỏi phi thơm – tạo nên màu đỏ cam bóng bẩy và mùi thơm hấp dẫn ngay từ khi còn trên bếp.Điểm tạo nên sự cuốn hút của sườn xào chua ngọt nằm ở lớp sốt sánh mịn bao quanh từng miếng sườn: vừa chua dịu, vừa ngọt vừa, lại có chút mằn mặn hài hòa khiến người ăn cảm nhận trọn vẹn hương vị ở mỗi lần cắn. Những lát ớt chuông và hành tây xào kèm không chỉ tăng thêm vị tươi mát mà còn làm món ăn thêm phần bắt mắt với sắc đỏ – xanh – vàng đầy sức sống.",520,thit|chien_xao|thanh_dam|do_uong_them,0,comnieuvietnam-vn-2026-06-04.xlsx|comnieuvietnam-vn-2026-06-04_6.xlsx,1,savory,C2 - Cụm 2: Món mặn đưa cơm
D0029,Thịt kho mắm ruốc,thit kho mam ruoc,mon-heo,Món heo,89000,affordable,https://comnieuvietnam.vn/products/thit-kho-mam-ruoc,https://cdn.hstatic.net/products/200001057701/thit-kho-mam-ruoc_07d5426dae154adea77c8b04d10efa59_1024x1024.jpg,"Thịt kho mắm ruốc là món ăn đặc trưng của ẩm thực miền Trung, nổi tiếng với hương vị đậm đà, mùi thơm đặc trưng và độ “bắt cơm” khó cưỡng. Món ăn được chế biến từ thịt heo tươi — thường chọn phần ba rọi hoặc thịt dăm — có tỷ lệ nạc mỡ cân đối, giúp khi kho lên thịt vừa mềm, vừa béo, thấm trọn gia vị mà không bị khô hay ngấy.Điểm làm nên hương vị đặc trưng của món ăn chính là mắm ruốc – loại gia vị truyền thống miền Trung, có mùi thơm nồng đậm, vị mặn đặc trưng, càng nấu càng dậy hương. Mắm ruốc được phi cùng sả băm, tỏi, ớt, tạo nên lớp hương thơm lan tỏa, quyện vào từng thớ thịt. Khi kho, thịt săn lại, chuyển màu nâu sẫm hấp dẫn, thấm đều gia vị từ bên ngoài vào tận bên trong, mang đến vị mặn mà, thơm cay và đậm đà đặc sắc.",450,thit|thanh_dam,0,comnieuvietnam-vn-2026-06-04.xlsx|comnieuvietnam-vn-2026-06-04_6.xlsx,1,savory,C2 - Cụm 2: Món mặn đưa cơm
D0028,Thịt kho tiêu,thit kho tieu,mon-heo,Món heo,89000,affordable,https://comnieuvietnam.vn/products/thit-kho-tieu,https://cdn.hstatic.net/products/200001057701/thit-kho-tieu_8059d35c3b7543f8a52c6d99be64835f_1024x1024.jpg,"Thịt kho tiêu là món ăn truyền thống quen thuộc trong bữa cơm gia đình Việt Nam, mang hương vị đậm đà, thơm nồng và vô cùng đưa cơm. Món ăn được chế biến từ những miếng thịt heo tươi, thường chọn phần ba rọi hoặc thịt dăm có tỷ lệ nạc – mỡ hài hòa. Khi kho, thịt mềm vừa phải, vẫn giữ độ béo ngậy tự nhiên nhưng không hề ngấy, thấm đều gia vị trong từng thớ thịt.Điểm nhấn của món ăn nằm ở hương tiêu cay nồng, lan tỏa ngay khi mở nắp nồi. Hạt tiêu xay hoặc tiêu đen nguyên hạt được thêm vào đúng lúc, kết hợp cùng hành, tỏi và nước mắm, tạo nên mùi thơm đặc trưng khó lẫn với bất kỳ món kho nào khác. Nước kho sánh nhẹ, óng cánh gián, mang vị mặn ngọt hài hòa, đủ đậm đà để quyện cùng cơm trắng nóng hổi.",450,com|canh|thit|thanh_dam|do_uong_them,0,comnieuvietnam-vn-2026-06-04.xlsx|comnieuvietnam-vn-2026-06-04_6.xlsx,1,savory,C2 - Cụm 2: Món mặn đưa cơm
D0034,Thịt đông dưa chua,thit ong dua chua,mon-heo,Món heo,89000,affordable,https://comnieuvietnam.vn/products/thit-dong-dua-chua,https://cdn.hstatic.net/products/200001057701/mon-an-com-nieu__5__b34ade686baa44468a8bd0521c8148d9_grande.jpg,"Thịt Đông Dưa Chua là món ăn dân dã quen thuộc của nhiều gia đình Việt, đặc biệt vào những ngày thời tiết se lạnh. Món ăn mang hương vị hài hòa giữa vị béo ngậy của thịt, vị chua dịu của dưa muối và cảm giác mát lạnh, mềm mịn đặc trưng chỉ có ở thịt đông truyền thống.Thịt được ninh mềm cùng da và bì heo để tạo độ đông tự nhiên, hòa quyện với phần nước dùng trong, thơm mùi tiêu, hành, gừng và các loại gia vị truyền thống. Khi để nguội, toàn bộ phần thịt và nước sẽ kết lại thành thạch nhẹ, mềm mát, ăn không hề ngấy mà vô cùng cuốn hút. Khi ăn kèm dưa cải chua giòn giòn, hương vị trở nên cân bằng hoàn hảo: vị béo – vị chua hòa quyện, càng ăn càng thấy ngon miệng.",450,thit|do_uong_them,0,comnieuvietnam-vn-2026-06-04.xlsx|comnieuvietnam-vn-2026-06-04_6.xlsx,1,savory,C2 - Cụm 2: Món mặn đưa cơm
D0093,Đậu hũ non thịt ghẹ nướng giấy bạc,au hu non thit ghe nuong giay bac,mon-khai-vi,Món khai vị,150000,moderate,https://comnieuvietnam.vn/products/dau-hu-non-thit-ghe-nuong-giay-bac,https://cdn.hstatic.net/products/200001057701/dau-hu-non-nuong-giay-bac_8ca8b0bd2a6e4120a43eb2796d9aa240_grande.jpg,"Đậu hũ non thịt ghẹ nướng giấy bạc là món ăn cao cấp, kết hợp tinh tế giữa vị mềm mịn, béo ngậy của đậu hũ non và vị ngọt tự nhiên, thanh tao của thịt ghẹ tươi. Món ăn được chế biến công phu, mang đến trải nghiệm ẩm thực trọn vẹn, vừa thanh đạm, vừa thơm ngon, khiến mỗi bữa ăn trở nên đặc biệt và hấp dẫn.Đậu hũ non được lựa chọn kỹ lưỡng, giữ nguyên độ mềm mịn, hòa cùng thịt ghẹ tươi săn chắc, giàu vị ngọt tự nhiên. Hỗn hợp này được bọc kín trong giấy bạc, nướng trên lửa vừa phải để giữ nguyên hương vị và độ mềm của nguyên liệu, đồng thời thấm đều gia vị như tiêu, hành, tỏi, mang đến món ăn vừa thơm, vừa đậm đà. Khi thưởng thức, từng miếng đậu hũ non béo mềm, hòa cùng thịt ghẹ ngọt thanh và hương thơm dịu nhẹ của gia vị, tạo nên cảm giác tinh tế, đầy hương vị và khó quên.",590,thit|chien_xao|thanh_dam,0,comnieuvietnam-vn-2026-06-04.xlsx|comnieuvietnam-vn-2026-06-04_1.xlsx,1,savory,C2 - Cụm 2: Món mặn đưa cơm
D0096,Bắp bò ngâm nước mắm,bap bo ngam nuoc mam,mon-khai-vi,Món khai vị,150000,moderate,https://comnieuvietnam.vn/products/bap-bo-ngam-nuoc-mam,https://cdn.hstatic.net/products/200001057701/bap-bo-ngam-nuoc-mam_ac4e9ebbeaee4607a73c80228fb85fe7_1024x1024.jpg,"Bắp bò ngâm nước mắm là món ăn đặc trưng của ẩm thực Việt, mang hương vị đậm đà, chua ngọt vừa phải và thơm nức mùi nước mắm truyền thống. Bắp bò tươi, dai mềm, được lựa chọn kỹ lưỡng, sơ chế sạch sẽ và ngâm trong nước mắm pha chế tinh tế cùng tỏi, ớt, đường, chanh và các gia vị đặc trưng, tạo nên món ăn vừa giữ được vị ngọt tự nhiên của thịt, vừa thấm đượm hương vị đặc trưng của nước mắm.Món ăn được chế biến công phu: bắp bò sau khi luộc vừa chín tới được ngâm trong nước mắm pha chế theo tỉ lệ chuẩn, giúp thịt mềm, thấm đều gia vị nhưng không mất đi độ dai tự nhiên. Khi thưởng thức, từng miếng bắp bò ngọt mềm, hòa cùng vị mặn ngọt chua nhẹ, kèm theo hương thơm của tỏi, ớt, mang đến trải nghiệm ẩm thực vừa đậm đà, vừa tinh tế.",520,thit|thanh_dam|do_uong_them,0,comnieuvietnam-vn-2026-06-04.xlsx|comnieuvietnam-vn-2026-06-04_1.xlsx,1,savory,C2 - Cụm 2: Món mặn đưa cơm
D0087,Chả mực Hạ Long,cha muc ha long,mon-khai-vi,Món khai vị,150000,moderate,https://comnieuvietnam.vn/products/cha-muc-ha-long,https://cdn.hstatic.net/products/200001057701/cha-muc-ha-long_fd5cad14558d4b0ea63ae24acf61534a_1024x1024.jpg,"Chả mực Hạ Long là món ăn đặc sản nổi tiếng của vùng biển Quảng Ninh, mang đậm hương vị biển cả và tinh túy ẩm thực miền Bắc. Chả mực được làm từ những con mực tươi ngon, săn chắc, lựa chọn kỹ lưỡng, giã nhuyễn thủ công, kết hợp với gia vị vừa đủ để giữ nguyên vị ngọt tự nhiên, mềm mại nhưng vẫn có độ dai vừa phải, tạo nên hương vị đặc trưng khó quên.Món ăn được chế biến tinh tế: mực tươi sau khi giã nhuyễn được nêm nếm gia vị truyền thống, rồi đem chiên vàng đều trên chảo hoặc áp chảo, tạo lớp vỏ ngoài giòn nhẹ, giữ nguyên vị ngọt mềm bên trong. Khi thưởng thức, từng miếng chả mực Hạ Long vừa giòn bên ngoài, mềm ngọt bên trong, hòa cùng hương thơm tự nhiên của mực và gia vị, mang đến trải nghiệm ẩm thực trọn vẹn, vừa dân dã vừa tinh tế.",590,hai_san|chien_xao,0,comnieuvietnam-vn-2026-06-04.xlsx|comnieuvietnam-vn-2026-06-04_1.xlsx,1,savory,C2 - Cụm 2: Món mặn đưa cơm
D0092,Hến xúc bánh đa,hen xuc banh a,mon-khai-vi,Món khai vị,89000,affordable,https://comnieuvietnam.vn/products/hen-xuc-banh-da,https://cdn.hstatic.net/products/200001057701/hen-xuc-banh-da_b5ca074fd0274d52a78573355a9ac4eb_1024x1024.jpg,"Hến xúc bánh đa là món ăn đặc trưng của ẩm thực miền Trung, mang đậm hương vị đồng quê Việt Nam. Hến tươi, săn chắc được lựa chọn kỹ lưỡng, sơ chế sạch sẽ, xào cùng các loại gia vị truyền thống như hành, tỏi, mắm, tiêu, tạo nên hương vị đậm đà, thơm nức. Khi kết hợp cùng bánh đa giòn rụm, món ăn trở nên hoàn hảo về cả hương vị lẫn kết cấu, khiến mỗi miếng xúc đều đầy hấp dẫn.Món ăn được chế biến công phu: hến tươi được xào nhanh trên lửa lớn, giữ nguyên vị ngọt tự nhiên, hòa quyện cùng mùi thơm của gia vị, tạo nên món ăn vừa dân dã, vừa tinh tế. Bánh đa giòn rụm được dùng để xúc hến, giúp cảm nhận trọn vẹn vị ngọt, béo, thơm nồng, đồng thời tăng trải nghiệm ăn uống thú vị. Khi thưởng thức, từng miếng hến vừa ngọt, vừa đậm đà hòa cùng bánh đa giòn tan, mang đến trải nghiệm ẩm thực trọn vẹn, khó quên.",520,hai_san|chien_xao|thanh_dam,0,comnieuvietnam-vn-2026-06-04.xlsx|comnieuvietnam-vn-2026-06-04_1.xlsx,1,savory,C2 - Cụm 2: Món mặn đưa cơm
D0088,Lườn ngỗng sốt chanh dây,luon ngong sot chanh day,mon-khai-vi,Món khai vị,150000,moderate,https://comnieuvietnam.vn/products/luon-ngong-sot-chanh-day,https://cdn.hstatic.net/products/200001057701/luon-ngong-sot-chanh-day_8d3ebb32ea754e4890800a096412dbee_1024x1024.jpg,"Lườn ngỗng sốt chanh dây là món ăn cao cấp, hội tụ hương vị độc đáo và tinh tế, mang đến trải nghiệm ẩm thực khó quên. Lườn ngỗng tươi, săn chắc, được lựa chọn kỹ lưỡng, chế biến cẩn thận để giữ nguyên độ mềm, ngọt tự nhiên của thịt. Khi kết hợp cùng nước sốt chanh dây chua ngọt thanh mát, món ăn trở nên hài hòa, vừa béo thơm của thịt ngỗng, vừa tươi mát, thanh nhẹ của chanh dây, tạo nên sự cân bằng hoàn hảo trong từng miếng ăn.Món ăn được chế biến tinh tế: lườn ngỗng sau khi sơ chế được áp chảo hoặc nướng nhẹ, giữ độ săn chắc và mềm mọng bên trong, sau đó sốt cùng nước chanh dây tươi, hòa quyện gia vị vừa đủ để tăng độ thơm ngon, đậm đà mà vẫn giữ được hương vị tự nhiên. Khi thưởng thức, từng miếng thịt ngỗng mềm mọng thấm đều nước sốt chua ngọt nhẹ, tạo cảm giác dễ chịu nhưng đầy tinh tế, khiến món ăn trở nên đặc biệt và khó quên.",590,hai_san|thit|chien_xao|do_uong_them,0,comnieuvietnam-vn-2026-06-04.xlsx|comnieuvietnam-vn-2026-06-04_1.xlsx,1,savory,C2 - Cụm 2: Món mặn đưa cơm
D0098,Mì xào hải sản,mi xao hai san,mon-khai-vi,Món khai vị,130000,affordable,https://comnieuvietnam.vn/products/mi-xao-hai-san-1,https://cdn.hstatic.net/products/200001057701/mi-xao-hai-san_35ae66f875414078885a249135bdde59_1024x1024.jpg,"Mì xào hải sản là món ăn hấp dẫn, kết hợp hoàn hảo giữa sợi mì dai mềm và hương vị tươi ngon của các loại hải sản như tôm, mực, cá và sò điệp. Món ăn mang đến trải nghiệm ẩm thực đa chiều, đậm đà, vừa thơm ngon vừa bắt mắt, khiến bữa ăn trở nên trọn vị và hấp dẫn hơn.Mì được xào nhanh trên lửa lớn, giữ được độ dai mềm, hòa quyện cùng nước sốt đặc trưng, thấm đều hương vị. Hải sản tươi ngon được sơ chế kỹ, giữ nguyên độ giòn, ngọt và thơm, kết hợp cùng hành, tỏi, ớt và các loại gia vị vừa ăn, tạo nên món ăn đậm đà nhưng vẫn cân bằng, không quá nặng vị. Khi thưởng thức, sợi mì thấm đều hương vị của hải sản, hòa cùng vị ngọt thanh của rau củ đi kèm, mang đến cảm giác trọn vẹn trong từng miếng ăn.",520,rau|hai_san|chien_xao|thanh_dam|do_uong_them,0,comnieuvietnam-vn-2026-06-04.xlsx|comnieuvietnam-vn-2026-06-04_1.xlsx,1,savory,C2 - Cụm 2: Món mặn đưa cơm
D0090,Miến xào thịt ghẹ,mien xao thit ghe,mon-khai-vi,Món khai vị,150000,moderate,https://comnieuvietnam.vn/products/mien-xao-thit-ghe,https://cdn.hstatic.net/products/200001057701/mien-xao-ghe_d141127ca05a4fe3875558e263a6f20e_grande.jpg,"Miến xào thịt ghẹ là món ăn tinh tế, kết hợp hoàn hảo giữa sợi miến dai mềm và thịt ghẹ tươi ngọt, tạo nên hương vị đậm đà, hấp dẫn khó quên. Thịt ghẹ tươi được lựa chọn kỹ lưỡng, giữ nguyên độ ngọt tự nhiên, kết hợp với miến mềm, thơm và các loại rau củ tươi như cà rốt, nấm, hành lá, mang đến món ăn cân bằng giữa độ ngọt, giòn, mềm và thơm.Món ăn được chế biến công phu: miến được xào nhanh trên lửa lớn để giữ độ dai mềm, thấm đều hương vị từ thịt ghẹ và nước sốt đặc trưng. Thịt ghẹ ngọt tự nhiên, hòa quyện cùng gia vị vừa đủ, giữ nguyên hương vị biển tươi ngon. Khi thưởng thức, từng sợi miến dai mềm kết hợp cùng miếng thịt ghẹ ngọt thanh và hương thơm của rau củ, tạo nên cảm giác ngon miệng, đầy sức sống và trọn vị.",590,rau|hai_san|thit|chien_xao|thanh_dam|do_uong_them,0,comnieuvietnam-vn-2026-06-04.xlsx|comnieuvietnam-vn-2026-06-04_1.xlsx,1,savory,C2 - Cụm 2: Món mặn đưa cơm
D0089,Nem ghẹ Phú Quốc,nem ghe phu quoc,mon-khai-vi,Món khai vị,140000,affordable,https://comnieuvietnam.vn/products/nem-ghe-phu-quoc,https://cdn.hstatic.net/products/200001057701/nem-ghe-phu-quoc_9bbd168b679a40438cce8618d921c17f_1024x1024.jpg,"Nem ghẹ Phú Quốc là món ăn đặc sản nổi tiếng từ đảo ngọc, mang đậm hương vị biển cả và sự tinh tế trong ẩm thực miền Nam. Ghẹ tươi được lựa chọn kỹ lưỡng, thịt ngọt, chắc, kết hợp cùng các nguyên liệu truyền thống như thịt heo, nấm, gia vị, tạo nên hỗn hợp nem đậm đà, thơm ngon. Mỗi chiếc nem được cuốn đều tay, vừa đẹp mắt, vừa giữ nguyên hương vị tươi ngon của ghẹ, mang đến trải nghiệm ẩm thực khó quên.Món nem ghẹ Phú Quốc được chế biến đa dạng: có thể chiên giòn, nướng hoặc hấp, tùy theo sở thích, nhưng vẫn giữ nguyên vị ngọt mềm tự nhiên của ghẹ, lớp vỏ ngoài vàng giòn hoặc thơm nức, hòa quyện cùng hương vị đặc trưng của gia vị, tạo nên món ăn vừa dân dã, vừa tinh tế. Khi thưởng thức, từng miếng nem giòn tan, thịt ghẹ ngọt béo, thấm đều gia vị, mang đến cảm giác cân bằng tuyệt vời giữa vị béo, ngọt và thơm, khiến bữa ăn thêm phần trọn vẹn.",520,hai_san|thit|chien_xao|thanh_dam|do_uong_them,0,comnieuvietnam-vn-2026-06-04.xlsx|comnieuvietnam-vn-2026-06-04_1.xlsx,1,savory,C2 - Cụm 2: Món mặn đưa cơm
D0094,Salad cải mầm cá ngừ,salad cai mam ca ngu,mon-khai-vi,Món khai vị,150000,moderate,https://comnieuvietnam.vn/products/salad-cai-mam-ca-ngu,https://cdn.hstatic.net/products/200001057701/salad-cai-mam-ca-ngu_525ae42199634145a93b9c6a49599cbf_grande.jpg,"Salad cải mầm cá ngừ là món ăn thanh đạm, tươi mát, kết hợp hài hòa giữa vị giòn nhẹ của cải mầm và hương vị đậm đà, ngọt tự nhiên của cá ngừ tươi. Món salad mang đến trải nghiệm ẩm thực vừa nhẹ nhàng, vừa giàu dinh dưỡng, rất thích hợp cho bữa trưa, bữa tối hoặc những ngày muốn thưởng thức món ăn thanh mát nhưng đầy đủ dưỡng chất.Cải mầm tươi xanh, giòn mượt, được rửa sạch và giữ nguyên hương vị tự nhiên, hòa quyện cùng thịt cá ngừ tươi, ngọt mềm và bổ dưỡng. Món salad được nêm nếm tinh tế với dầu oliu, chanh tươi, tiêu, một chút muối và các loại gia vị nhẹ nhàng khác, tạo nên hương vị cân bằng, thanh thoát, không quá nặng vị, làm nổi bật sự tươi ngon và tinh tế của nguyên liệu. Khi thưởng thức, từng miếng cải mầm giòn tan, kết hợp cùng cá ngừ mềm ngọt và sốt dressing nhẹ nhàng, mang đến cảm giác sảng khoái, dễ chịu, đồng thời cung cấp protein, vitamin và khoáng chất thiết yếu.",520,rau|hai_san|thit|thanh_dam,0,comnieuvietnam-vn-2026-06-04.xlsx|comnieuvietnam-vn-2026-06-04_1.xlsx,1,savory,C2 - Cụm 2: Món mặn đưa cơm
D0095,Salad cải mầm: Trứng/ Bò,salad cai mam trung bo,mon-khai-vi,Món khai vị,89000,affordable,https://comnieuvietnam.vn/products/salad-cai-mam-trung-bo,https://cdn.hstatic.net/products/200001057701/salad-cai-mam-trung_bd6efa76188e44e49eb3e5f41f369451_grande.jpg,"Salad cải mầm trứng/bò là món ăn tươi mát, giàu dinh dưỡng và rất được ưa chuộng trong thực đơn hiện đại. Sự kết hợp giữa cải mầm giòn ngọt, trứng luộc mềm mịn hoặc thịt bò xào chín tới, tạo nên món salad vừa thanh đạm, vừa đầy hương vị, mang đến trải nghiệm ẩm thực cân bằng, dễ ăn nhưng vẫn đầy đủ dưỡng chất.Cải mầm tươi xanh, giòn mượt được lựa chọn kỹ lưỡng, giữ nguyên hương vị tự nhiên, hòa quyện cùng trứng luộc vàng ươm hoặc thịt bò tươi mềm, đậm đà. Salad được nêm nếm tinh tế với dầu oliu, chanh tươi, tiêu, muối và một chút gia vị nhẹ nhàng khác, tạo nên hương vị cân bằng, thanh thoát, không quá nặng, làm nổi bật sự tươi ngon và tinh tế của nguyên liệu. Khi thưởng thức, từng miếng cải mầm giòn tan kết hợp với vị béo ngậy của trứng hoặc vị ngọt mềm, đậm đà của thịt bò, mang đến cảm giác ngon miệng, dễ chịu và đầy sức sống.",520,rau|thit|chien_xao|thanh_dam,0,comnieuvietnam-vn-2026-06-04.xlsx|comnieuvietnam-vn-2026-06-04_1.xlsx,1,savory,C2 - Cụm 2: Món mặn đưa cơm
D0097,Tai heo ngâm nước mắm,tai heo ngam nuoc mam,mon-khai-vi,Món khai vị,140000,affordable,https://comnieuvietnam.vn/products/tai-heo-ngam-nuoc-mam,https://cdn.hstatic.net/products/200001057701/mon-an-com-nieu__3__1__6b3080e797924b7b858ca89329430994_1024x1024.jpg,"Tai heo ngâm nước mắm là món ăn truyền thống đặc trưng của ẩm thực Việt, nổi bật với vị giòn dai của tai heo hòa cùng hương thơm đậm đà, chua ngọt nhẹ của nước mắm pha chế tinh tế. Tai heo tươi, sạch, được sơ chế kỹ lưỡng, luộc vừa chín tới để giữ độ giòn tự nhiên, sau đó ngâm trong hỗn hợp nước mắm, đường, chanh, tỏi, ớt và các gia vị đặc trưng, tạo nên món ăn vừa ngon miệng, vừa hấp dẫn thị giác.Món ăn được chế biến công phu: tai heo sau khi sơ chế được cắt lát đều, ngâm trong nước mắm pha chế chuẩn tỷ lệ, giúp từng miếng tai heo thấm đều gia vị, giữ nguyên độ giòn dai và hương vị đặc trưng. Khi thưởng thức, từng miếng tai heo vừa giòn, vừa ngọt thanh, hòa quyện cùng vị chua nhẹ và hương thơm nồng của tỏi ớt, mang đến trải nghiệm ẩm thực đậm đà, tinh tế và đầy sức sống.",450,thit|thanh_dam|do_uong_them,0,comnieuvietnam-vn-2026-06-04.xlsx|comnieuvietnam-vn-2026-06-04_1.xlsx,1,savory,C2 - Cụm 2: Món mặn đưa cơm
D0091,Tép đồng xào khế,tep ong xao khe,mon-khai-vi,Món khai vị,89000,affordable,https://comnieuvietnam.vn/products/tep-dong-xao-khe,https://cdn.hstatic.net/products/200001057701/tep-dong-xao-khe_524ede5b1fa04b5faf2e44fe1252bd04_grande.jpg,"Tép đồng xào khế là món ăn dân dã nhưng đầy hương vị, kết hợp hài hòa giữa vị ngọt tự nhiên của tép đồng tươi, săn chắc và vị chua nhẹ, thanh mát của khế xanh. Món ăn mang đến trải nghiệm ẩm thực cân bằng giữa vị mặn, ngọt, chua và thơm, tạo nên hương vị đặc trưng của đồng quê Việt Nam.Tép đồng tươi được lựa chọn kỹ lưỡng, rửa sạch và xào nhanh với khế xanh thái lát, hành, tỏi và gia vị vừa đủ để giữ nguyên vị ngọt tự nhiên và độ giòn của tép. Khế xanh chua nhẹ làm tăng hương vị, giúp món ăn không bị ngán, đồng thời tạo cảm giác tươi mới và thanh mát. Khi thưởng thức, từng con tép giòn ngọt kết hợp cùng vị chua nhẹ của khế, hòa cùng mùi thơm của hành, tỏi phi, mang đến trải nghiệm ẩm thực dân dã nhưng đầy sức sống.",520,chien_xao,0,comnieuvietnam-vn-2026-06-04.xlsx|comnieuvietnam-vn-2026-06-04_1.xlsx,1,savory,C2 - Cụm 2: Món mặn đưa cơm
D0007,Lẩu cá bóp: Măng chua/ Nấu ngót,lau ca bop mang chua nau ngot,mon-lau,Món lẩu,520000,premium,https://comnieuvietnam.vn/products/lau-ca-bop-mang-chua-nau-ngot,https://cdn.hstatic.net/products/200001057701/lau-ca-bop_ed9f441ab244411795dff7a7ae73d4a9_grande.jpg,"Lẩu Cá Bóp Măng Chua / Nấu Ngót là sự hòa quyện tinh tế giữa vị ngọt thanh của cá bóp tươi và hương chua dịu của măng, mang đến một nồi lẩu đậm đà, dễ ăn và cực kỳ cuốn hút. Cá bóp nổi tiếng với phần thịt chắc, trắng và không bị bở khi nấu, từng lát cá khi thả vào nồi lẩu đang sôi sẽ chín tới, mềm ngọt tự nhiên và thấm đều gia vị, tạo cảm giác tươi ngon khó cưỡng.Nước lẩu được chế biến theo hai phong cách: măng chua hoặc nấu ngót.Với măng chua, nước lẩu có vị chua thanh, giòn giòn đặc trưng của măng kết hợp cùng cà chua, thơm, hành tím tạo nên tổng thể hương vị hài hòa, kích thích vị giác từ đầu đến cuối.Với nấu ngót, nước dùng lại trong, ngọt tự nhiên từ xương cá và rau củ, cho cảm giác nhẹ nhàng, thanh mát nhưng vẫn đủ đậm đà để làm hài lòng thực khách.Khi thưởng thức cùng rau nhúng, thì là, bún tươi hoặc mì, nồi lẩu cá bóp trở thành lựa chọn lý tưởng cho các buổi sum họp gia đình, gặp gỡ bạn bè hoặc những ngày bạn muốn một bữa ăn nóng hổi, giàu dinh dưỡng nhưng không quá nặng vị.",610,lau|rau|hai_san|thit|thanh_dam|do_uong_them,0,comnieuvietnam-vn-2026-06-04.xlsx|comnieuvietnam-vn-2026-06-04_8.xlsx,3,feast,C4 - Cụm 4: Món tiệc/lẩu/ăn chơi
D0008,Lẩu cá chạch quế om chuối đậu,lau ca chach que om chuoi au,mon-lau,Món lẩu,380000,premium,https://comnieuvietnam.vn/products/lau-ca-chach-que-om-chuoi-dau,https://cdn.hstatic.net/products/200001057701/lau-ca-chach-om-chuoi-dau_e68d9bace29e4f148ebe4771c87e3897_1024x1024.jpg,"Lẩu Cá Chạch Quế Om Chuối Đậu là món ăn mang đậm nét tinh hoa ẩm thực Bắc Bộ, hòa quyện hương vị dân dã nhưng vô cùng quyến rũ. Cá chạch quế được tuyển chọn kỹ, thịt chắc, thơm và có hương vị đặc trưng không lẫn với bất kỳ loại cá nào khác. Khi om cùng chuối xanh, đậu phụ và nghệ tươi, từng miếng cá trở nên béo mềm, thấm đượm gia vị, giữ lại trọn vẹn độ ngọt tự nhiên.Nước om được nấu công phu từ xương và các loại gia vị truyền thống như riềng, nghệ, mẻ, hành tím, tạo nên vị chua nhẹ thanh thanh, xen lẫn chút beo béo rất hài hòa. Chuối xanh bùi bùi, đậu phụ chiên vàng giòn cạnh, khi ngấm nước om lại càng thêm đậm đà, làm món lẩu trở nên phong phú cả về hương lẫn sắc.",680,lau|canh|hai_san|thit|chien_xao|thanh_dam|do_uong_them,0,comnieuvietnam-vn-2026-06-04.xlsx|comnieuvietnam-vn-2026-06-04_8.xlsx,3,feast,C4 - Cụm 4: Món tiệc/lẩu/ăn chơi
D0006,Lẩu cá lăng nấu măng chua,lau ca lang nau mang chua,mon-lau,Món lẩu,450000,premium,https://comnieuvietnam.vn/products/lau-ca-lang-nau-mang-chua,https://cdn.hstatic.net/products/200001057701/lau-ca-lang-mang-chua_8f1ff04ee7ed47d2b8ad6c7ef03f8ee3_grande.jpg,"Lẩu Cá Lăng Nấu Măng Chua là món lẩu đậm đà hương vị đặc trưng của ẩm thực Việt, kết hợp tuyệt vời giữa thịt cá lăng chắc – ngọt – dai nhẹ và vị chua thanh của măng tươi. Từng thớ cá vàng ươm, không tanh, thấm đều gia vị khi nhúng vào nồi lẩu đang sôi, mang lại cảm giác mềm mại mà vẫn giữ được độ săn chắc tự nhiên.Nước lẩu được ninh từ xương cùng cà chua, thơm, hành tím và các gia vị truyền thống, tạo nên vị ngọt thanh hài hòa, xen lẫn chút chua nhẹ rất dễ ăn. Măng chua giòn giòn, thấm nước lẩu đậm đà, làm tăng thêm chiều sâu hương vị và khiến món lẩu trở nên trọn vẹn hơn.Khi ăn kèm với rau nhúng, thì là, cần nước hoặc bún tươi, nồi lẩu cá lăng nấu măng chua không chỉ mang đến bữa ăn ấm cúng mà còn đem lại cảm giác thư thái, kích thích vị giác và phù hợp cho mọi buổi họp mặt gia đình hay bạn bè.",610,lau|rau|hai_san|thit|thanh_dam|do_uong_them,0,comnieuvietnam-vn-2026-06-04.xlsx|comnieuvietnam-vn-2026-06-04_8.xlsx,3,feast,C4 - Cụm 4: Món tiệc/lẩu/ăn chơi
D0009,Lẩu gà ác tiềm thuốc bắc,lau ga ac tiem thuoc bac,mon-lau,Món lẩu,450000,premium,https://comnieuvietnam.vn/products/lau-ga-ac-tiem-thuoc-bac,https://cdn.hstatic.net/products/200001057701/mon-an-com-nieu__4__1__cbf9ed5facea413a92b4e9912a63dccb_grande.jpg,"Lẩu gà ác tiềm thuốc bắc là một trong những món ăn bổ dưỡng và tinh tế bậc nhất trong ẩm thực Việt, kết hợp hoàn hảo giữa gà ác – loại gà nổi tiếng với giá trị dinh dưỡng cao – và các vị thuốc bắc thanh lành, giàu năng lượng. Gà ác có thịt săn chắc, thơm ngọt tự nhiên, màu da đặc trưng và hầu như không có mỡ, khi được tiềm cùng các vị thuốc bắc như kỷ tử, táo đỏ, hoài sơn, đảng sâm, nấm đông cô… sẽ tạo nên một nồi lẩu đậm đà, thơm dịu và vô cùng bổ dưỡng.Nước lẩu được hầm lâu trên lửa nhỏ, giữ trọn vị ngọt thanh của gà, hòa quyện cùng mùi thơm nhẹ của thảo mộc, tạo thành một hương vị đặc trưng mà chỉ cần mở nắp nồi là đã cảm nhận được sự ấm áp lan tỏa. Khi thưởng thức, từng miếng thịt gà ác mềm nhưng vẫn giữ độ dai nhẹ, thấm đều hương thuốc bắc, mang đến cảm giác vừa lạ vừa quen, vừa sang trọng vừa đậm chất truyền thống.",610,lau|hai_san|thit|do_uong_them,0,comnieuvietnam-vn-2026-06-04.xlsx|comnieuvietnam-vn-2026-06-04_8.xlsx,3,feast,C4 - Cụm 4: Món tiệc/lẩu/ăn chơi
D0005,Lẩu gà lá giang,lau ga la giang,mon-lau,Món lẩu,390000,premium,https://comnieuvietnam.vn/products/lau-ga-la-giang,https://cdn.hstatic.net/products/200001057701/mon-an-com-nieu__2__3__44adbe6d6fe746858e131f41b027fcf5_master.jpg,"Lẩu Gà Lá Giang mang hương vị chua thanh đặc trưng từ lá giang tươi hòa cùng vị ngọt tự nhiên của thịt gà săn chắc. Nước lẩu nóng hổi, dậy mùi thơm nhẹ, khi thưởng thức sẽ cảm nhận ngay vị chua dịu, thanh mát nhưng vẫn đậm đà, kích thích vị giác. Ăn kèm rau sống, bún hoặc mì, nồi lẩu mang đến trải nghiệm tròn vị – vừa ấm bụng, vừa đậm chất ẩm thực miền Tây.",610,lau|rau|thit|thanh_dam|do_uong_them,0,comnieuvietnam-vn-2026-06-04.xlsx|comnieuvietnam-vn-2026-06-04_8.xlsx,3,feast,C4 - Cụm 4: Món tiệc/lẩu/ăn chơi
D0004,Lẩu riêu cua bắp bò,lau rieu cua bap bo,mon-lau,Món lẩu,350000,premium,https://comnieuvietnam.vn/products/lau-rieu-cua-bap-bo,https://cdn.hstatic.net/products/200001057701/lau-rieu-cua-bap-bo_cdd9f6e464fa4af0a399261ba4dcffb2_1024x1024.jpg,"Lẩu Riêu Cua Bắp Bò mang trọn hương vị truyền thống của ẩm thực Việt, với phần nước dùng được nấu từ cua đồng tươi xay nhuyễn, cho ra lớp riêu vàng óng, thơm lừng và ngọt tự nhiên. Kết hợp cùng bắp bò thái mỏng, khi nhúng vào nồi lẩu đang sôi sẽ mềm – giòn vừa phải, thấm đều vị nước dùng đậm đà.Nồi lẩu còn được điểm xuyết bởi sắc đỏ của cà chua, vị chua thanh từ giấm bỗng và mùi thơm của hành phi, tạo nên tổng thể hương vị hài hòa, dễ ăn và không hề ngán. Ăn kèm với rau muống, rau sống, đậu hũ non và bún tươi, món lẩu trở nên tròn vị và hấp dẫn hơn bao giờ hết.",610,lau|rau|hai_san|thit|thanh_dam|do_uong_them,0,comnieuvietnam-vn-2026-06-04.xlsx|comnieuvietnam-vn-2026-06-04_8.xlsx,3,feast,C4 - Cụm 4: Món tiệc/lẩu/ăn chơi
D0074,Đậu hà lan: Luộc/ Xào tỏi/ Xào bò,au ha lan luoc xao toi xao bo,mon-rau,Món rau,89000,affordable,https://comnieuvietnam.vn/products/dau-ha-lan-luoc-xao-toi-xao-bo,https://cdn.hstatic.net/products/200001057701/dau-ha-lan-xao-bo_c193f34280fe48ee869ee0838a1c9dc6_1024x1024.jpg,"Đậu hà lan luộc / xào tỏi / xào bò là món ăn quen thuộc nhưng luôn mang đến hương vị tươi ngon và bổ dưỡng trong bữa cơm Việt. Đậu hà lan tươi, giòn ngọt tự nhiên, được lựa chọn kỹ lưỡng, giữ nguyên màu xanh tươi mát và vị thanh dịu sau khi chế biến, mang lại trải nghiệm ẩm thực nhẹ nhàng nhưng cực kỳ hấp dẫn.Luộc đậu hà lan được chần vừa tới, giữ độ giòn, vị ngọt tự nhiên, thích hợp dùng kèm nước mắm chấm hoặc ăn kèm các món chính khác. Khi xào tỏi, đậu hà lan giòn ngọt hòa cùng tỏi phi thơm nức, tạo nên món ăn thanh đạm nhưng đầy hương vị, vừa dễ ăn, vừa đưa cơm. Còn khi xào cùng thịt bò, từng miếng bò mềm ngọt, thấm đều gia vị hòa quyện cùng đậu hà lan giòn tươi, tạo nên sự cân bằng tuyệt vời giữa vị béo, ngọt của thịt và vị thanh mát, thơm nhẹ của rau, mang đến món ăn đậm đà nhưng vẫn giữ được nét tươi ngon tự nhiên.",520,rau|thit|chien_xao|thanh_dam|do_uong_them,0,comnieuvietnam-vn-2026-06-04.xlsx|comnieuvietnam-vn-2026-06-04_5.xlsx,2,fresh,C3 - Cụm 3: Món thanh mát (rau/canh)
D0073,Đậu que: Xào tỏi/ Xào bò/ Xào lòng gà,au que xao toi xao bo xao long ga,mon-rau,Món rau,89000,affordable,https://comnieuvietnam.vn/products/dau-que-xao-toi-xao-bo-xao-long-ga,https://cdn.hstatic.net/products/200001057701/dau-que-xao_d3def480e804407e8bc9a5fdd6e38286_1024x1024.jpg,"Đậu que xào tỏi / xào bò / xào lòng gà là món ăn quen thuộc nhưng luôn hấp dẫn trong ẩm thực Việt nhờ sự kết hợp hài hòa giữa rau tươi xanh giòn sần sật và các nguyên liệu giàu dinh dưỡng. Đậu que tươi được chọn lựa kỹ lưỡng, giữ nguyên độ giòn, vị ngọt tự nhiên, khi kết hợp với tỏi phi thơm nức, thịt bò mềm ngọt hoặc lòng gà béo ngậy tạo nên món ăn vừa thanh mát, vừa đậm đà, làm bữa cơm thêm trọn vị.Xào tỏi, đậu que được xào nhanh cùng tỏi phi, giữ nguyên độ giòn, vị ngọt và hương thơm tự nhiên của rau, mang đến món ăn thanh đạm, dễ ăn. Khi xào cùng bò, từng miếng thịt bò mềm, mọng nước, hòa quyện cùng đậu que giòn tươi, thấm đều gia vị như tỏi, hành, nước mắm, tiêu, tạo nên sự cân bằng hoàn hảo giữa vị ngọt, béo và thanh mát. Còn với xào lòng gà, lòng gà mềm béo, thấm đậm gia vị hòa cùng đậu que giòn sần sật, tạo nên hương vị dân dã nhưng cực kỳ đưa cơm.",520,rau|thit|chien_xao|thanh_dam|do_uong_them,0,comnieuvietnam-vn-2026-06-04.xlsx|comnieuvietnam-vn-2026-06-04_5.xlsx,2,fresh,C3 - Cụm 3: Món thanh mát (rau/canh)
D0075,Cải thìa sốt dầu hào,cai thia sot dau hao,mon-rau,Món rau,89000,affordable,https://comnieuvietnam.vn/products/cai-thia-sot-dau-hao,https://cdn.hstatic.net/products/200001057701/cai-thia-sot-dau-hao_7db415f76ad7417882192fdc9737ef9d_1024x1024.jpg,"Cải thìa sốt dầu hào là món ăn thanh đạm nhưng đầy hương vị, được ưa chuộng trong bữa cơm gia đình và các bữa ăn lành mạnh. Cải thìa tươi xanh, giòn mướt, giữ nguyên màu sắc bắt mắt và độ ngọt tự nhiên, kết hợp cùng nước sốt dầu hào đậm đà, tạo nên món ăn vừa thanh mát, vừa thơm ngon, khiến bất cứ ai cũng khó cưỡng.Món ăn được chế biến tinh tế: cải thìa được sơ chế kỹ, xào nhanh trên lửa lớn để giữ độ giòn và vị ngọt tự nhiên, sau đó hòa quyện cùng sốt dầu hào sánh mịn, thơm nồng, thấm đều vào từng lá cải. Gia vị được nêm nếm vừa đủ, kết hợp với dầu hào tạo nên vị ngọt nhẹ, thơm và bóng đẹp, tăng thêm sức hấp dẫn mà vẫn giữ được nét thanh tao vốn có của rau.",520,rau|chien_xao|thanh_dam|do_uong_them,0,comnieuvietnam-vn-2026-06-04.xlsx|comnieuvietnam-vn-2026-06-04_5.xlsx,2,fresh,C3 - Cụm 3: Món thanh mát (rau/canh)
D0071,Khổ qua: Xào trứng/ Xào bò,kho qua xao trung xao bo,mon-rau,Món rau,89000,affordable,https://comnieuvietnam.vn/products/kho-qua-xao-trung-xao-bo,https://cdn.hstatic.net/products/200001057701/kho-qua-xao-trung_3ad867535308478e8b3811645898c9f3_grande.jpg,"Khổ qua xào trứng / xào bò là món ăn dân dã, quen thuộc nhưng luôn giữ được sức hấp dẫn trong ẩm thực Việt. Khổ qua tươi xanh, giòn nhẹ, mang vị hơi đắng đặc trưng nhưng thanh mát, kết hợp hoàn hảo với trứng gà mềm mịn hoặc thịt bò ngọt mềm, tạo nên món ăn cân bằng giữa vị đắng, ngọt và béo thơm, làm dậy hương vị ngay từ miếng đầu tiên.Xào trứng, khổ qua được xào nhanh trên lửa lớn cùng trứng gà đánh tan, giữ nguyên độ giòn, vị ngọt nhẹ của rau và hương thơm dịu dàng của trứng, tạo nên món ăn thanh đạm, bổ dưỡng và dễ ăn. Còn khi xào cùng bò, từng miếng thịt bò mềm, ngọt tự nhiên, hòa quyện với khổ qua giòn sần sật, thấm đều gia vị như tỏi phi, hành, nước mắm, tiêu, mang đến sự cân bằng hoàn hảo giữa vị béo, ngọt và vị thanh mát đặc trưng.",520,rau|thit|chien_xao|thanh_dam|do_uong_them,0,comnieuvietnam-vn-2026-06-04.xlsx|comnieuvietnam-vn-2026-06-04_5.xlsx,2,fresh,C3 - Cụm 3: Món thanh mát (rau/canh)
D0076,Mầm đá luộc chấm trứng,mam a luoc cham trung,mon-rau,Món rau,110000,affordable,https://comnieuvietnam.vn/products/mam-da-luoc-cham-trung,https://cdn.hstatic.net/products/200001057701/mam-da-luoc-cham-trung_901adbb9e54f46afaee02aca3393b00b_1024x1024.jpg,"Mầm đá luộc chấm trứng là món ăn dân dã, mang đậm hương vị truyền thống Việt Nam, kết hợp giữa rau mầm đá tươi xanh giòn sần sật và nước chấm trứng béo thơm. Mầm đá được lựa chọn kỹ càng, giữ nguyên độ giòn, vị ngọt thanh mát và hương thơm tự nhiên sau khi luộc chín vừa tới, mang đến trải nghiệm ẩm thực thanh tao nhưng vẫn đầy sức hấp dẫn.Món ăn được chế biến đơn giản nhưng tinh tế: mầm đá sau khi luộc vừa chín tới được giữ nguyên màu xanh tươi và độ giòn tự nhiên, kết hợp cùng trứng gà tươi đánh tan, pha thêm chút gia vị vừa miệng, tạo nên nước chấm thơm béo, ngọt dịu, hòa quyện hoàn hảo với vị thanh mát của rau. Khi thưởng thức, từng cọng mầm giòn ngọt hòa cùng trứng béo mềm, mang đến sự cân bằng tuyệt vời giữa vị thanh, ngọt và béo, tạo cảm giác trọn vị trong từng miếng ăn.",450,rau|thit|thanh_dam|do_uong_them,0,comnieuvietnam-vn-2026-06-04.xlsx|comnieuvietnam-vn-2026-06-04_5.xlsx,2,fresh,C3 - Cụm 3: Món thanh mát (rau/canh)
D0072,Mướp xào lòng gà,muop xao long ga,mon-rau,Món rau,89000,affordable,https://comnieuvietnam.vn/products/muop-xao-long-ga,https://cdn.hstatic.net/products/200001057701/muop-xao-long-ga_104cc4f87e04428bbc621d57e9b914b1_1024x1024.jpg,"Mướp xào lòng gà là món ăn dân dã nhưng vô cùng hấp dẫn trong ẩm thực Việt, kết hợp giữa vị thanh mát, ngọt dịu của mướp non và vị béo ngậy, đậm đà của lòng gà. Lòng gà tươi được làm sạch kỹ lưỡng, thái nhỏ vừa ăn, xào nhanh trên lửa lớn để giữ độ mềm mọng, thấm đều gia vị nhưng vẫn giữ nguyên hương vị đặc trưng.Mướp non tươi xanh, giòn ngọt, khi xào cùng lòng gà sẽ làm nổi bật hương vị hài hòa giữa các nguyên liệu. Gia vị được nêm nếm tinh tế: tỏi phi thơm, hành, tiêu, nước mắm và một chút dầu hào, tạo nên món ăn vừa đậm đà, vừa thanh tao, giữ được sự tươi ngon và hương vị tự nhiên. Khi thưởng thức, từng miếng lòng gà mềm béo, hòa cùng mướp giòn ngọt, mang đến trải nghiệm ẩm thực cân bằng giữa vị béo, ngọt và thanh mát.",520,thit|chien_xao|thanh_dam|do_uong_them,0,comnieuvietnam-vn-2026-06-04.xlsx|comnieuvietnam-vn-2026-06-04_5.xlsx,2,fresh,C3 - Cụm 3: Món thanh mát (rau/canh)
D0070,Rau lang: Xào tỏi/ Xào bò,rau lang xao toi xao bo,mon-rau,Món rau,60000,budget,https://comnieuvietnam.vn/products/rau-lang-xao-toi-xao-bo,https://cdn.hstatic.net/products/200001057701/rau-lang-xao-toi-xao-bo_d6b4744ed41d44b385c1e92ea52ec692_grande.jpg,"Rau lang xào tỏi / xào bò là món ăn dân dã nhưng cực kỳ hấp dẫn trong ẩm thực Việt, kết hợp hài hòa giữa vị tươi ngọt của rau và vị đậm đà của gia vị hoặc thịt bò. Rau lang tươi xanh, giòn sần sật, giữ được vị ngọt tự nhiên và hương thơm đặc trưng khi xào chín vừa tới.Xào tỏi, rau lang được xào nhanh cùng tỏi phi thơm nức, giữ trọn độ giòn, ngọt và hương vị tự nhiên, tạo nên món ăn thanh đạm, vừa miệng, phù hợp cho bữa cơm gia đình hàng ngày. Khi xào cùng bò, từng miếng thịt bò mềm, ngọt tự nhiên, thấm đẫm gia vị hòa quyện cùng rau lang giòn tươi, tạo nên sự cân bằng hoàn hảo giữa vị béo, ngọt của thịt và vị tươi mát, hơi ngọt thanh của rau. Gia vị được nêm nếm tinh tế, vừa đủ để món ăn đậm đà mà vẫn giữ được hương vị tự nhiên của nguyên liệu.",520,rau|thit|chien_xao|thanh_dam,0,comnieuvietnam-vn-2026-06-04.xlsx|comnieuvietnam-vn-2026-06-04_5.xlsx,2,fresh,C3 - Cụm 3: Món thanh mát (rau/canh)
D0069,Rau muống: Xào tỏi/ Xào bò,rau muong xao toi xao bo,mon-rau,Món rau,60000,budget,https://comnieuvietnam.vn/products/rau-muong-xao-toi-xao-bo,https://cdn.hstatic.net/products/200001057701/mon-an-com-nieu__4__7841aedff7b24fd3ae300cb720d32d62_grande.jpg,"Rau muống xào tỏi / xào bò là món ăn quen thuộc nhưng luôn mang đến hương vị khó quên trong ẩm thực Việt. Rau muống tươi xanh, giòn sần sật, giữ được vị ngọt tự nhiên, khi kết hợp với tỏi phi thơm nức hoặc thịt bò mềm ngọt tạo nên món ăn vừa dân dã, vừa đậm đà, hấp dẫn từ miếng đầu tiên.Xào tỏi, rau muống được xào nhanh trên lửa lớn cùng tỏi phi thơm, giữ trọn độ giòn, ngọt và hương vị tự nhiên, tạo nên món ăn thanh đạm nhưng vẫn đậm hương, thích hợp cho bữa cơm gia đình hàng ngày. Còn khi xào cùng thịt bò, từng miếng bò mềm, ngọt tự nhiên, thấm gia vị hòa quyện cùng rau muống giòn sần sật, tạo nên sự cân bằng hoàn hảo giữa vị béo, ngọt của thịt và vị tươi mát, thanh nhẹ của rau. Gia vị được sử dụng tinh tế, vừa đủ để món ăn đậm đà mà không làm mất đi hương vị tự nhiên của nguyên liệu.",520,rau|thit|chien_xao|thanh_dam,0,comnieuvietnam-vn-2026-06-04.xlsx|comnieuvietnam-vn-2026-06-04_5.xlsx,2,fresh,C3 - Cụm 3: Món thanh mát (rau/canh)
D0066,Rau rừng Gia Lai: Xào tỏi/ Xào bò,rau rung gia lai xao toi xao bo,mon-rau,Món rau,89000,affordable,https://comnieuvietnam.vn/products/rau-rung-gia-lai-xao-toi-xao-bo,https://cdn.hstatic.net/products/200001057701/rau-rung-gia-lai-xao-bo_9205fe8b96654c1cbfedc3ac57d714a3_grande.jpg,"Rau rừng Gia Lai: Xào tỏi / Xào bò là món ăn đặc sắc, mang hương vị núi rừng Tây Nguyên vào từng bữa cơm. Rau rừng Gia Lai tươi xanh, giòn sần sật, giữ được vị thanh mát, hơi đắng nhẹ đặc trưng, khi kết hợp với tỏi phi thơm nức hoặc thịt bò mềm ngọt, tạo nên món ăn vừa dân dã, vừa đậm đà, hấp dẫn thực khách ngay từ miếng đầu tiên.Xào tỏi rau rừng được xào nhanh cùng tỏi phi thơm, giữ trọn độ giòn, ngọt và mùi thơm tự nhiên, mang đến món ăn thanh đạm nhưng vẫn đầy hương vị. Còn khi xào cùng bò, từng miếng thịt bò tươi mềm, ngọt tự nhiên, thấm đều gia vị hòa quyện cùng rau giòn tạo nên sự cân bằng hoàn hảo giữa vị ngọt, béo, thơm và thanh mát. Gia vị được sử dụng vừa đủ: tỏi, hành, tiêu, nước mắm, đôi khi thêm chút dầu hào, giúp món ăn đậm đà mà vẫn giữ được sự tươi ngon và hương vị tự nhiên.",520,rau|thit|chien_xao|thanh_dam|do_uong_them,0,comnieuvietnam-vn-2026-06-04.xlsx|comnieuvietnam-vn-2026-06-04_5.xlsx,2,fresh,C3 - Cụm 3: Món thanh mát (rau/canh)
D0077,Rau sống sốt cà chua trứng,rau song sot ca chua trung,mon-rau,Món rau,60000,budget,https://comnieuvietnam.vn/products/rau-song-sot-ca-chua-trung,https://cdn.hstatic.net/products/200001057701/rau-song-sot-ca-chua-trung_458db1584f554d8e9a7693c69131ae22_1024x1024.jpg,"Rau sống sốt cà chua trứng là món ăn dân dã nhưng đầy hương vị, kết hợp giữa rau sống tươi xanh, giòn mát và sốt cà chua trứng ngọt thơm, tạo nên trải nghiệm ẩm thực cân bằng giữa vị thanh mát, ngọt nhẹ và béo thơm. Rau sống được lựa chọn kỹ càng, giữ nguyên độ giòn, màu sắc tươi tắn và hương vị tự nhiên, mang đến cảm giác tươi mới trong từng miếng ăn.Món ăn được chế biến tinh tế: rau sống tươi được rửa sạch, giữ nguyên độ giòn, kết hợp với sốt cà chua trứng sánh mịn, thơm nức, hòa quyện gia vị vừa ăn như đường, tiêu và chút muối, tạo nên món ăn thanh đạm nhưng đầy hương vị. Khi thưởng thức, rau giòn mát kết hợp với lớp sốt cà chua trứng mềm béo, ngọt nhẹ, mang đến sự cân bằng tuyệt vời giữa vị tươi, béo và ngọt, khiến bữa ăn thêm phần hấp dẫn và đưa cơm.",390,rau|hai_san|thanh_dam|do_uong_them,0,comnieuvietnam-vn-2026-06-04.xlsx|comnieuvietnam-vn-2026-06-04_5.xlsx,2,fresh,C3 - Cụm 3: Món thanh mát (rau/canh)
D0067,Rau tập tàng luộc,rau tap tang luoc,mon-rau,Món rau,89000,affordable,https://comnieuvietnam.vn/products/rau-tap-tang-luoc,https://cdn.hstatic.net/products/200001057701/rau-tap-tang-luoc_d06a85d65a4a419c9de83a9a98fab264_grande.jpg,"Rau tập tàng luộc là món ăn dân dã, thanh đạm nhưng đầy hương vị, thể hiện nét mộc mạc trong ẩm thực Việt. Rau tập tàng là sự kết hợp của nhiều loại rau rừng tươi ngon, giòn mát, mang hương vị đặc trưng của đồng quê và núi rừng, mang lại cảm giác tươi mới và bổ dưỡng trong từng bữa ăn.Rau sau khi được làm sạch và luộc chín vừa tới giữ nguyên độ giòn, màu xanh tươi mát và hương thơm tự nhiên. Món ăn thường được thưởng thức kèm với nước mắm chua ngọt hoặc mắm tôm pha chanh ớt, giúp làm nổi bật hương vị thanh dịu, tự nhiên của rau mà vẫn tăng thêm phần đậm đà, kích thích vị giác.",450,rau|hai_san|thit|thanh_dam|do_uong_them,0,comnieuvietnam-vn-2026-06-04.xlsx|comnieuvietnam-vn-2026-06-04_5.xlsx,2,fresh,C3 - Cụm 3: Món thanh mát (rau/canh)
D0068,Rau thập cẩm luộc kho quẹt,rau thap cam luoc kho quet,mon-rau,Món rau,110000,affordable,https://comnieuvietnam.vn/products/rau-thap-cam-luoc-kho-quet,https://cdn.hstatic.net/products/200001057701/mon-an-com-nieu__2__2__55bde07ccc57407abbc62d5009009c29_master.jpg,"Rau thập cẩm luộc kho quẹt là món ăn dân dã nhưng đậm đà hương vị Việt, kết hợp giữa các loại rau tươi xanh và món kho quẹt thơm béo, mang đến trải nghiệm ẩm thực trọn vị. Rau thập cẩm bao gồm nhiều loại rau tươi ngon, giòn sần sật, khi luộc vừa chín tới vẫn giữ được màu xanh tươi mát và hương vị tự nhiên, tạo nên cảm giác tươi mới trong từng miếng ăn.Món kho quẹt đi kèm thường được chế biến từ tôm khô, thịt ba rọi, hành, tỏi phi và gia vị truyền thống như mắm, đường, tiêu, tạo nên lớp sốt đậm đà, thơm nức và béo vừa phải. Khi thưởng thức, rau giòn ngọt hòa quyện với kho quẹt mặn ngọt, béo thơm, mang đến sự cân bằng hoàn hảo giữa vị thanh mát và hương vị đậm đà, khiến bữa ăn trở nên hấp dẫn và khó quên.",450,rau|hai_san|thit|thanh_dam,0,comnieuvietnam-vn-2026-06-04.xlsx|comnieuvietnam-vn-2026-06-04_5.xlsx,2,fresh,C3 - Cụm 3: Món thanh mát (rau/canh)
D0106,Bia,bia,mon-them,Món thêm,32000,budget,https://comnieuvietnam.vn/products/bia,https://cdn.hstatic.net/products/200001057701/bia_cf085a3fa0d245c7a619b07a771a7310_grande.jpg,Chưa có mô tả cho sản phẩm này,280,,0,comnieuvietnam-vn-2026-06-04.xlsx|comnieuvietnam-vn-2026-06-04_11.xlsx,3,feast,C4 - Cụm 4: Món tiệc/lẩu/ăn chơi
D0099,Cơm chiên hải sản,com chien hai san,mon-them,Món thêm,140000,affordable,https://comnieuvietnam.vn/products/com-chien-hai-san,https://cdn.hstatic.net/products/200001057701/com-chien-hai-san_3763c684291a489291544daf9b0ae6c1_grande.jpg,"Cơm chiên hải sản là món ăn thơm ngon, hấp dẫn, kết hợp hoàn hảo giữa hạt cơm dẻo, tơi xốp và hương vị tươi ngon của các loại hải sản như tôm, mực, cá, và sò điệp. Món ăn mang đến trải nghiệm ẩm thực đa chiều, vừa đậm đà, vừa bắt mắt, khiến mỗi bữa ăn trở nên trọn vị và đầy năng lượng.Cơm được chiên săn vừa tới, giữ nguyên độ tơi xốp và thơm nhẹ, hòa quyện cùng nước sốt đặc trưng, thấm đều gia vị. Hải sản tươi ngon được sơ chế cẩn thận, giữ nguyên độ ngọt tự nhiên, kết hợp cùng hành, tỏi, ớt, rau củ và các loại gia vị tinh tế, tạo nên món ăn cân bằng giữa vị ngọt, béo, mặn và thơm, vừa dễ ăn vừa hấp dẫn. Khi thưởng thức, từng hạt cơm thấm đều hương vị hải sản, hòa cùng miếng tôm, mực giòn ngọt và rau củ tươi, mang đến cảm giác ngon miệng, đầy hứng khởi trong từng miếng ăn.",520,com|rau|hai_san|chien_xao|thanh_dam|do_uong_them,0,comnieuvietnam-vn-2026-06-04.xlsx|comnieuvietnam-vn-2026-06-04_11.xlsx,0,foundation,C1 - Cụm 1: Món nền tảng (cơm)
D0100,Cơm chiên rau củ,com chien rau cu,mon-them,Món thêm,60000,budget,https://comnieuvietnam.vn/products/com-chien-rau-cu,https://cdn.hstatic.net/products/200001057701/com-chien-rau-cu_bd1d3d2f01c240bf86f45e62a43ba6fb_grande.jpg,"Cơm chiên rau củ là món ăn thanh đạm, thơm ngon và giàu dinh dưỡng, kết hợp hoàn hảo giữa hạt cơm tơi xốp, mềm mại và vị ngọt tự nhiên của các loại rau củ tươi. Món ăn mang đến trải nghiệm ẩm thực nhẹ nhàng nhưng đầy đủ hương vị, thích hợp cho bữa trưa, bữa tối hoặc những ngày muốn thưởng thức món ăn thanh mát, dễ ăn nhưng vẫn hấp dẫn.Cơm được chiên săn vừa tới, giữ độ tơi xốp, kết hợp cùng các loại rau củ như cà rốt, đậu Hà Lan, bắp cải, hành tây và nấm, được cắt nhỏ, giữ nguyên độ giòn, ngọt tự nhiên. Món ăn được nêm nếm tinh tế với dầu ăn, tỏi phi, gia vị vừa đủ, tạo nên sự cân bằng giữa vị ngọt, béo, thơm và thanh mát. Khi thưởng thức, từng hạt cơm hòa cùng vị ngọt giòn của rau củ và hương thơm nhẹ của tỏi phi, mang đến cảm giác dễ chịu, tươi mới và đầy sức sống.",520,com|rau|hai_san|chien_xao|thanh_dam,0,comnieuvietnam-vn-2026-06-04.xlsx|comnieuvietnam-vn-2026-06-04_11.xlsx,0,foundation,C1 - Cụm 1: Món nền tảng (cơm)
D0103,Khăn lạnh,khan lanh,mon-them,Món thêm,3000,budget,https://comnieuvietnam.vn/products/khan-lanh,https://cdn.hstatic.net/products/200001057701/khan-lanh_2c5b965590ce452d8cd08304cd31adba_grande.jpg,Chưa có mô tả cho sản phẩm này,280,,0,comnieuvietnam-vn-2026-06-04.xlsx|comnieuvietnam-vn-2026-06-04_11.xlsx,3,feast,C4 - Cụm 4: Món tiệc/lẩu/ăn chơi
D0101,Kho quẹt thêm,kho quet them,mon-them,Món thêm,20000,budget,https://comnieuvietnam.vn/products/kho-quet-them,https://cdn.hstatic.net/products/200001057701/kho_qu_t_53239b84acd947fe9dc6051105b760fa_grande.png,"Kho quẹt là món ăn đặc trưng của ẩm thực Nam Bộ, nổi bật với hương vị đậm đà, mặn ngọt vừa phải và mùi thơm nồng nàn của mắm ngon. Món ăn được chế biến từ các nguyên liệu đơn giản nhưng đầy tinh tế: cá cơm hoặc cá rô phi, kết hợp cùng thịt ba rọi, tỏi, ớt và đường, tạo nên món chấm hoàn hảo để ăn kèm với rau luộc, cơm trắng hay các loại rau sống, mang đến trải nghiệm ẩm thực trọn vẹn.Kho quẹt được nấu kỹ, từng miếng thịt và cá đều mềm, thấm đều gia vị, tạo nên vị mặn ngọt hòa quyện cùng hương thơm đặc trưng. Khi thưởng thức, vị béo ngậy của thịt ba rọi, vị ngọt của cá, hòa cùng mùi tỏi ớt phi thơm nức, khiến từng muỗng kho quẹt trở nên khó quên. Món ăn vừa dân dã, vừa đậm đà, là sự lựa chọn tuyệt vời để bữa cơm gia đình thêm phần hấp dẫn và ngon miệng.",450,com|rau|hai_san|thit|thanh_dam|do_uong_them,0,comnieuvietnam-vn-2026-06-04.xlsx|comnieuvietnam-vn-2026-06-04_11.xlsx,3,feast,C4 - Cụm 4: Món tiệc/lẩu/ăn chơi
D0104,Mì/ Bún thêm,mi bun them,mon-them,Món thêm,15000,budget,https://comnieuvietnam.vn/products/mi-bun-them,https://cdn.hstatic.net/products/200001057701/mi-bun_87177eb27f6f415292968f5ffffdafa2_grande.jpg,Chưa có mô tả cho sản phẩm này,280,do_uong_them,0,comnieuvietnam-vn-2026-06-04.xlsx|comnieuvietnam-vn-2026-06-04_11.xlsx,3,feast,C4 - Cụm 4: Món tiệc/lẩu/ăn chơi
D0105,Nước ngọt,nuoc ngot,mon-them,Món thêm,15000,budget,https://comnieuvietnam.vn/products/nuoc-ngot,https://cdn.hstatic.net/products/200001057701/nuoc-ng_t_3b38fadb33a14b1dac49883dcac38c69_grande.jpg,Chưa có mô tả cho sản phẩm này,280,do_uong_them,0,comnieuvietnam-vn-2026-06-04.xlsx|comnieuvietnam-vn-2026-06-04_11.xlsx,3,feast,C4 - Cụm 4: Món tiệc/lẩu/ăn chơi
D0107,Nước suối Dasani,nuoc suoi dasani,mon-them,Món thêm,10000,budget,https://comnieuvietnam.vn/products/nuoc-suoi-dasani,https://cdn.hstatic.net/products/200001057701/nuoc-suoi-dasani_675b3425125843d09564920dfcd62b4b_grande.jpg,Chưa có mô tả cho sản phẩm này,280,do_uong_them,0,comnieuvietnam-vn-2026-06-04.xlsx|comnieuvietnam-vn-2026-06-04_11.xlsx,3,feast,C4 - Cụm 4: Món tiệc/lẩu/ăn chơi
D0102,Rau sống thêm,rau song them,mon-them,Món thêm,20000,budget,https://comnieuvietnam.vn/products/rau-song-them,https://cdn.hstatic.net/products/200001057701/rau-song_34ee7818a618434e85a4f5bc194861de_grande.jpg,"Rau sống là món ăn kèm không thể thiếu trong ẩm thực Việt, mang đến hương vị tươi mát, thanh nhẹ và cân bằng dinh dưỡng cho bữa ăn. Bao gồm các loại rau xanh tươi như xà lách, rau mùi, rau thơm, giá đỗ, húng quế, rau răm… được lựa chọn kỹ lưỡng, rửa sạch và giữ nguyên hương vị tự nhiên, rau sống giúp tăng hương thơm, màu sắc và độ tươi ngon cho bữa cơm.Khi thưởng thức cùng các món ăn chính như thịt luộc, cá kho, lẩu hay đồ chiên xào, rau sống tạo cảm giác mát lành, thanh nhẹ, giúp cân bằng vị giác, giảm độ ngán và làm nổi bật hương vị của các món ăn khác. Đồng thời, rau sống giàu vitamin, khoáng chất và chất xơ, góp phần tăng cường sức khỏe, hỗ trợ tiêu hóa và làm bữa ăn thêm trọn vị.",520,lau|rau|hai_san|thit|chien_xao|thanh_dam|do_uong_them,0,comnieuvietnam-vn-2026-06-04.xlsx|comnieuvietnam-vn-2026-06-04_11.xlsx,3,feast,C4 - Cụm 4: Món tiệc/lẩu/ăn chơi
