order_id,customer_id,order_date,dish_ids,total_amount,status,payment_method,address,note,customer_name,customer_phone
1,48,2024-09-07 13:08:00,"13,28,44,132",245000,completed,momo,"Số 1 Nguyễn Huệ, Q1, TP.HCM",Không hành,,
2,39,2024-08-11 13:32:00,"48,103,105,132",420000,completed,momo,"Số 5 Lê Lợi, Q1, TP.HCM",Không hành,,
3,11,2024-01-07 22:51:00,"44,48,103,105,132",485000,delivering,bank,"Số 12 Trần Hưng Đạo, Q5, TP.HCM",,,
4,25,2024-12-10 11:05:00,"44,48,94,132",485000,completed,bank,"Số 12 Trần Hưng Đạo, Q5, TP.HCM",Không hành,,
5,8,2026-01-17 17:34:00,"44,49,96,132",360000,delivering,cod,"Số 8 Hai Bà Trưng, Q1, TP.HCM",,,
6,46,2025-01-05 19:12:00,"13,49,118",255000,completed,cod,"Số 3 Nguyễn Đình Chiểu, Q3, TP.HCM",,,
7,18,2024-08-26 11:24:00,"44,48,97,132",415000,cooking,bank,"Số 5 Lê Lợi, Q1, TP.HCM",,,
8,5,2025-12-19 20:41:00,"4,44,48,74,132",364000,cancelled,cod,"Số 8 Hai Bà Trưng, Q1, TP.HCM",,,
9,36,2024-10-03 20:44:00,"13,43,48,132",215000,completed,bank,"Số 1 Nguyễn Huệ, Q1, TP.HCM",,,
10,14,2025-02-14 14:04:00,"13,28,48,132",235000,cancelled,bank,"Số 5 Lê Lợi, Q1, TP.HCM",Ít cay,,
11,17,2025-10-20 17:09:00,"12,48,76,132",319000,completed,cod,"Số 3 Nguyễn Đình Chiểu, Q3, TP.HCM",Không hành,,
12,38,2025-08-21 16:57:00,"40,44,123,132",325000,delivering,bank,"Số 5 Lê Lợi, Q1, TP.HCM",,,
13,8,2026-02-12 10:55:00,"38,49,118,132",415000,completed,cod,"Số 3 Nguyễn Đình Chiểu, Q3, TP.HCM",Ít cay,,
14,17,2025-09-02 17:33:00,"13,48,119,132",245000,pending,cod,"Số 3 Nguyễn Đình Chiểu, Q3, TP.HCM",,,
15,8,2026-02-26 20:21:00,"40,44,123,132",325000,completed,bank,"Số 5 Lê Lợi, Q1, TP.HCM",Ít cay,,
16,49,2026-01-06 14:32:00,"13,28,48,132",235000,completed,momo,"Số 1 Nguyễn Huệ, Q1, TP.HCM",,,
17,11,2024-06-05 15:48:00,"38,49,118,132",415000,pending,momo,"Số 1 Nguyễn Huệ, Q1, TP.HCM",Không hành,,
18,20,2024-04-24 15:56:00,"1,48,61,132",330000,completed,cod,"Số 5 Lê Lợi, Q1, TP.HCM",Không hành,,
19,50,2024-03-11 22:34:00,"13,26,49,132",240000,completed,cod,"Số 3 Nguyễn Đình Chiểu, Q3, TP.HCM",Ít cay,,
20,47,2024-08-04 18:48:00,"27,48,125,132",320000,completed,cod,"Số 20 Đinh Tiên Hoàng, Q1, TP.HCM",,,
21,15,2025-04-07 11:15:00,"49,109,110,132",395000,completed,bank,"Số 1 Nguyễn Huệ, Q1, TP.HCM",Không hành,,
22,41,2024-01-08 11:45:00,"27,48,49,125,132",380000,completed,cod,"Số 1 Nguyễn Huệ, Q1, TP.HCM",,,
23,14,2024-10-12 20:31:00,"2,49,65,132",375000,pending,cod,"Số 3 Nguyễn Đình Chiểu, Q3, TP.HCM",Không hành,,
24,13,2025-04-29 22:26:00,"13,48,74",210000,completed,cod,"Số 3 Nguyễn Đình Chiểu, Q3, TP.HCM",Ít cay,,
25,44,2025-04-23 21:03:00,"4,48,74,132",299000,completed,cod,"Số 20 Đinh Tiên Hoàng, Q1, TP.HCM",,,
26,28,2025-07-03 17:08:00,"13,28,44,49,132",305000,completed,cod,"Số 20 Đinh Tiên Hoàng, Q1, TP.HCM",,,
27,42,2025-07-17 11:03:00,"13,26,49,132",240000,pending,cod,"Số 1 Nguyễn Huệ, Q1, TP.HCM",,,
28,26,2025-05-07 13:55:00,"13,43,48,132",215000,completed,cod,"Số 20 Đinh Tiên Hoàng, Q1, TP.HCM",,,
29,45,2025-04-10 14:27:00,"11,44,66,132",350000,pending,bank,"Số 5 Lê Lợi, Q1, TP.HCM",,,
30,4,2025-08-16 21:34:00,"48,49,92,132",430000,completed,cod,"Số 1 Nguyễn Huệ, Q1, TP.HCM",Không hành,,
31,33,2025-06-27 12:03:00,"48,106,108,132",500000,completed,cod,"Số 1 Nguyễn Huệ, Q1, TP.HCM",Không hành,,
32,37,2024-08-28 16:07:00,"13,27,48,132",195000,completed,zalopay,"Số 8 Hai Bà Trưng, Q1, TP.HCM",,,
33,46,2024-09-24 13:42:00,"13,44,49,118",320000,completed,cod,"Số 12 Trần Hưng Đạo, Q5, TP.HCM",Ít cay,,
34,49,2024-11-03 17:20:00,"13,28,44,132",245000,completed,cod,"Số 20 Đinh Tiên Hoàng, Q1, TP.HCM",Không hành,,
35,33,2024-03-16 18:13:00,"13,48,61",180000,completed,cod,"Số 12 Trần Hưng Đạo, Q5, TP.HCM",,,
36,35,2024-06-10 17:53:00,"48,49,95,132",410000,completed,zalopay,"Số 3 Nguyễn Đình Chiểu, Q3, TP.HCM",Không hành,,
37,43,2025-07-21 14:59:00,"13,28,48,132",235000,completed,cod,"Số 12 Trần Hưng Đạo, Q5, TP.HCM",,,
38,39,2024-06-08 14:18:00,"13,28,44,132",245000,completed,bank,"Số 5 Lê Lợi, Q1, TP.HCM",,,
39,28,2024-02-22 11:40:00,"38,49,118,132",415000,completed,cod,"Số 1 Nguyễn Huệ, Q1, TP.HCM",,,
40,29,2024-09-25 12:47:00,"13,28,44,132",245000,pending,bank,"Số 8 Hai Bà Trưng, Q1, TP.HCM",,,
41,24,2025-07-12 10:53:00,"13,28,44,49,132",305000,cancelled,momo,"Số 5 Lê Lợi, Q1, TP.HCM",Ít cay,,
42,44,2024-02-10 15:13:00,"13,28,44,132",245000,completed,cod,"Số 12 Trần Hưng Đạo, Q5, TP.HCM",Không hành,,
43,16,2026-02-06 12:59:00,"48,103,105,132",420000,completed,cod,"Số 20 Đinh Tiên Hoàng, Q1, TP.HCM",,,
44,27,2024-12-06 22:59:00,"48,49,93,132",450000,completed,cod,"Số 5 Lê Lợi, Q1, TP.HCM",,,
45,30,2025-04-26 13:12:00,"11,44,66,132",350000,completed,cod,"Số 5 Lê Lợi, Q1, TP.HCM",,,
46,5,2025-02-12 15:17:00,"13,28,48,132",235000,completed,bank,"Số 3 Nguyễn Đình Chiểu, Q3, TP.HCM",Không hành,,
47,8,2025-07-03 15:01:00,"12,48,76,132",319000,completed,cod,"Số 8 Hai Bà Trưng, Q1, TP.HCM",,,
48,21,2024-12-19 21:50:00,"13,28,48,132",235000,delivering,zalopay,"Số 8 Hai Bà Trưng, Q1, TP.HCM",,,
49,46,2024-07-13 14:02:00,"11,44,66,132",350000,delivering,cod,"Số 8 Hai Bà Trưng, Q1, TP.HCM",Không hành,,
50,22,2024-03-12 20:58:00,"48,49,93,132",450000,cancelled,bank,"Số 3 Nguyễn Đình Chiểu, Q3, TP.HCM",,,
51,26,2025-11-13 16:20:00,"48,49,92,132",430000,completed,momo,"Số 5 Lê Lợi, Q1, TP.HCM",,,
52,12,2025-01-23 20:47:00,"48,103,105,132",420000,cancelled,zalopay,"Số 12 Trần Hưng Đạo, Q5, TP.HCM",Ít cay,,
53,28,2024-11-07 14:13:00,"27,48,125,132",320000,cancelled,zalopay,"Số 3 Nguyễn Đình Chiểu, Q3, TP.HCM",,,
54,31,2025-11-22 13:32:00,"44,102,105,132",590000,completed,cod,"Số 12 Trần Hưng Đạo, Q5, TP.HCM",Không hành,,
55,20,2026-02-08 13:43:00,"13,49,118",255000,completed,cod,"Số 5 Lê Lợi, Q1, TP.HCM",,,
56,30,2025-09-17 22:04:00,"13,27,48,132",195000,delivering,zalopay,"Số 5 Lê Lợi, Q1, TP.HCM",Ít cay,,
57,1,2024-05-31 20:44:00,"34,48,117,132",410000,completed,bank,"Số 5 Lê Lợi, Q1, TP.HCM",,,
58,8,2025-07-24 13:58:00,"43,48,119,132",360000,cooking,cod,"Số 20 Đinh Tiên Hoàng, Q1, TP.HCM",Không hành,,
59,47,2026-02-12 17:39:00,"13,48,61",180000,pending,bank,"Số 8 Hai Bà Trưng, Q1, TP.HCM",Ít cay,,
60,49,2025-05-01 17:16:00,"13,43,48,132",215000,completed,cod,"Số 8 Hai Bà Trưng, Q1, TP.HCM",Ít cay,,
61,16,2024-03-20 21:18:00,"48,49,95,132",410000,completed,bank,"Số 12 Trần Hưng Đạo, Q5, TP.HCM",Không hành,,
62,46,2025-01-27 21:09:00,"13,26,49,132",240000,completed,cod,"Số 20 Đinh Tiên Hoàng, Q1, TP.HCM",Ít cay,,
63,27,2025-03-01 10:13:00,"2,49,65,132",375000,delivering,zalopay,"Số 3 Nguyễn Đình Chiểu, Q3, TP.HCM",,,
64,49,2024-01-07 15:19:00,"13,48,74",210000,delivering,bank,"Số 8 Hai Bà Trưng, Q1, TP.HCM",Không hành,,
65,28,2025-05-14 13:17:00,"13,44,66",210000,cooking,cod,"Số 20 Đinh Tiên Hoàng, Q1, TP.HCM",,,
66,35,2025-04-23 12:39:00,"12,48,76,132",319000,completed,bank,"Số 8 Hai Bà Trưng, Q1, TP.HCM",Không hành,,
67,4,2024-05-18 17:11:00,"13,28,48,132",235000,completed,bank,"Số 12 Trần Hưng Đạo, Q5, TP.HCM",,,
68,49,2026-02-18 16:17:00,"48,105,111,132",370000,delivering,cod,"Số 1 Nguyễn Huệ, Q1, TP.HCM",Ít cay,,
69,42,2024-02-23 15:14:00,"13,28,48,132",235000,completed,cod,"Số 1 Nguyễn Huệ, Q1, TP.HCM",,,
70,9,2025-09-28 12:15:00,"48,49,93,132",450000,cooking,cod,"Số 8 Hai Bà Trưng, Q1, TP.HCM",,,
71,39,2026-02-24 15:10:00,"44,102,105,132",590000,cancelled,cod,"Số 5 Lê Lợi, Q1, TP.HCM",,,
72,25,2024-11-15 19:43:00,"13,28,44,132",245000,delivering,cod,"Số 1 Nguyễn Huệ, Q1, TP.HCM",Không hành,,
73,8,2025-12-01 19:51:00,"44,48,49,95,132",475000,cancelled,cod,"Số 12 Trần Hưng Đạo, Q5, TP.HCM",Không hành,,
74,22,2024-03-11 18:41:00,"49,109,110,132",395000,completed,bank,"Số 20 Đinh Tiên Hoàng, Q1, TP.HCM",,,
75,10,2025-10-12 17:45:00,"49,109,110,132",395000,delivering,cod,"Số 3 Nguyễn Đình Chiểu, Q3, TP.HCM",Không hành,,
76,30,2025-07-05 22:30:00,"44,49,96,132",360000,delivering,zalopay,"Số 12 Trần Hưng Đạo, Q5, TP.HCM",,,
77,29,2024-03-29 14:56:00,"48,49,95,132",410000,completed,bank,"Số 8 Hai Bà Trưng, Q1, TP.HCM",Không hành,,
78,32,2025-05-21 15:11:00,"11,44,66,132",350000,completed,bank,"Số 12 Trần Hưng Đạo, Q5, TP.HCM",,,
79,1,2025-12-19 14:35:00,"44,48,97,132",415000,pending,cod,"Số 1 Nguyễn Huệ, Q1, TP.HCM",,,
80,31,2026-02-15 13:44:00,"48,103,105,132",420000,cooking,bank,"Số 1 Nguyễn Huệ, Q1, TP.HCM",,,
81,24,2024-11-09 20:37:00,"44,48,49,97,132",475000,cooking,momo,"Số 8 Hai Bà Trưng, Q1, TP.HCM",,,
82,45,2025-07-17 15:22:00,"49,109,110,132",395000,cooking,cod,"Số 12 Trần Hưng Đạo, Q5, TP.HCM",,,
83,35,2024-11-19 11:47:00,"44,48,49,94,132",545000,completed,cod,"Số 5 Lê Lợi, Q1, TP.HCM",Ít cay,,
84,19,2026-02-17 18:38:00,"44,48,97,132",415000,completed,cod,"Số 12 Trần Hưng Đạo, Q5, TP.HCM",,,
85,18,2025-12-26 18:08:00,"4,48,74,132",299000,completed,cod,"Số 8 Hai Bà Trưng, Q1, TP.HCM",,,
86,1,2026-02-09 17:06:00,"13,28,44,132",245000,cancelled,cod,"Số 20 Đinh Tiên Hoàng, Q1, TP.HCM",Ít cay,,
87,31,2024-02-22 14:55:00,"48,105,111,132",370000,completed,cod,"Số 20 Đinh Tiên Hoàng, Q1, TP.HCM",Ít cay,,
88,10,2025-12-03 10:09:00,"13,27,48,132",195000,cancelled,cod,"Số 1 Nguyễn Huệ, Q1, TP.HCM",,,
89,40,2025-03-02 19:38:00,"13,28,44,132",245000,completed,momo,"Số 20 Đinh Tiên Hoàng, Q1, TP.HCM",Ít cay,,
90,37,2025-08-25 16:19:00,"48,105,111,132",370000,cancelled,cod,"Số 8 Hai Bà Trưng, Q1, TP.HCM",,,
91,11,2024-09-27 20:05:00,"44,48,94,132",485000,completed,cod,"Số 8 Hai Bà Trưng, Q1, TP.HCM",,,
92,19,2025-12-06 19:30:00,"13,43,48,132",215000,completed,cod,"Số 12 Trần Hưng Đạo, Q5, TP.HCM",,,
93,41,2024-09-27 22:50:00,"48,49,105,111,132",430000,cancelled,cod,"Số 20 Đinh Tiên Hoàng, Q1, TP.HCM",,,
94,4,2024-09-29 12:04:00,"40,44,49,123,132",385000,completed,cod,"Số 8 Hai Bà Trưng, Q1, TP.HCM",Không hành,,
95,45,2025-04-24 21:19:00,"44,48,97,132",415000,delivering,cod,"Số 8 Hai Bà Trưng, Q1, TP.HCM",Không hành,,
96,28,2025-09-04 10:56:00,"34,48,117,132",410000,completed,zalopay,"Số 12 Trần Hưng Đạo, Q5, TP.HCM",,,
97,18,2026-02-22 20:52:00,"13,26,48,49,132",295000,cancelled,cod,"Số 5 Lê Lợi, Q1, TP.HCM",Ít cay,,
98,28,2024-10-11 12:37:00,"43,48,119,132",360000,cooking,cod,"Số 20 Đinh Tiên Hoàng, Q1, TP.HCM",,,
99,11,2025-11-17 11:54:00,"48,103,105,132",420000,completed,bank,"Số 3 Nguyễn Đình Chiểu, Q3, TP.HCM",Ít cay,,
100,3,2025-02-14 22:35:00,"44,48,97,132",415000,cooking,cod,"Số 12 Trần Hưng Đạo, Q5, TP.HCM",,,
101,35,2025-06-10 10:42:00,"1,48,61,132",330000,cooking,bank,"Số 1 Nguyễn Huệ, Q1, TP.HCM",,,
102,29,2026-02-13 17:40:00,"43,48,119,132",360000,completed,cod,"Số 12 Trần Hưng Đạo, Q5, TP.HCM",Không hành,,
103,8,2025-03-24 21:31:00,"13,28,44,132",245000,completed,zalopay,"Số 5 Lê Lợi, Q1, TP.HCM",,,
104,15,2025-07-19 16:05:00,"1,48,61,132",330000,completed,bank,"Số 1 Nguyễn Huệ, Q1, TP.HCM",,,
105,18,2024-10-25 18:45:00,"34,48,117,132",410000,delivering,bank,"Số 20 Đinh Tiên Hoàng, Q1, TP.HCM",,,
106,39,2025-01-27 13:58:00,"44,102,105,132",590000,pending,cod,"Số 1 Nguyễn Huệ, Q1, TP.HCM",,,
107,1,2025-06-03 14:52:00,"48,103,105,132",420000,completed,cod,"Số 8 Hai Bà Trưng, Q1, TP.HCM",Không hành,,
108,23,2025-04-02 18:30:00,"34,48,117,132",410000,completed,momo,"Số 8 Hai Bà Trưng, Q1, TP.HCM",Ít cay,,
109,37,2024-07-12 21:15:00,"44,102,105,132",590000,delivering,cod,"Số 20 Đinh Tiên Hoàng, Q1, TP.HCM",,,
110,25,2025-12-23 22:24:00,"1,48,61,132",330000,completed,bank,"Số 1 Nguyễn Huệ, Q1, TP.HCM",,,
111,29,2024-12-05 11:55:00,"38,49,118,132",415000,completed,momo,"Số 20 Đinh Tiên Hoàng, Q1, TP.HCM",,,
112,31,2025-11-01 12:04:00,"14,27,44,132",208000,completed,bank,"Số 8 Hai Bà Trưng, Q1, TP.HCM",Ít cay,,
113,21,2025-11-21 18:24:00,"13,26,49,132",240000,cooking,momo,"Số 1 Nguyễn Huệ, Q1, TP.HCM",Không hành,,
114,28,2024-08-20 21:05:00,"13,27,44,48,132",260000,completed,cod,"Số 20 Đinh Tiên Hoàng, Q1, TP.HCM",,,
115,4,2024-02-17 15:50:00,"48,49,92,132",430000,completed,bank,"Số 12 Trần Hưng Đạo, Q5, TP.HCM",Ít cay,,
116,12,2025-08-02 20:50:00,"14,27,44,132",208000,completed,cod,"Số 1 Nguyễn Huệ, Q1, TP.HCM",Không hành,,
117,38,2024-09-03 17:58:00,"11,44,66,132",350000,completed,cod,"Số 20 Đinh Tiên Hoàng, Q1, TP.HCM",,,
118,19,2024-01-10 22:29:00,"44,102,105,132",590000,pending,cod,"Số 1 Nguyễn Huệ, Q1, TP.HCM",Ít cay,,
119,45,2024-11-02 20:27:00,"2,49,65,132",375000,completed,bank,"Số 12 Trần Hưng Đạo, Q5, TP.HCM",,,
120,37,2024-04-19 13:24:00,"11,44,66,132",350000,completed,zalopay,"Số 12 Trần Hưng Đạo, Q5, TP.HCM",,,
121,1,2025-11-05 16:17:00,"13,28,48,132",235000,cancelled,cod,"Số 8 Hai Bà Trưng, Q1, TP.HCM",Ít cay,,
122,23,2024-08-23 19:51:00,"44,48,97,132",415000,completed,cod,"Số 8 Hai Bà Trưng, Q1, TP.HCM",,,
123,20,2025-10-04 20:02:00,"14,27,44,132",208000,cooking,cod,"Số 8 Hai Bà Trưng, Q1, TP.HCM",,,
124,12,2024-11-30 21:26:00,"13,28,44,132",245000,completed,cod,"Số 8 Hai Bà Trưng, Q1, TP.HCM",,,
125,31,2024-10-06 12:16:00,"43,48,119,132",360000,completed,bank,"Số 1 Nguyễn Huệ, Q1, TP.HCM",Ít cay,,
126,26,2025-11-23 21:43:00,"13,26,49,132",240000,pending,bank,"Số 1 Nguyễn Huệ, Q1, TP.HCM",Ít cay,,
127,44,2024-05-06 17:23:00,"13,28,48,132",235000,completed,zalopay,"Số 20 Đinh Tiên Hoàng, Q1, TP.HCM",,,
128,36,2025-04-27 10:39:00,"13,28,44,132",245000,completed,zalopay,"Số 5 Lê Lợi, Q1, TP.HCM",,,
129,8,2024-11-05 20:26:00,"44,102,105,132",590000,completed,cod,"Số 1 Nguyễn Huệ, Q1, TP.HCM",,,
130,30,2025-07-04 12:24:00,"34,48,49,117,132",470000,completed,momo,"Số 20 Đinh Tiên Hoàng, Q1, TP.HCM",Không hành,,
131,32,2025-11-01 11:53:00,"14,27,44,132",208000,cancelled,bank,"Số 12 Trần Hưng Đạo, Q5, TP.HCM",,,
132,44,2024-08-29 15:06:00,"10,48,119,132",319000,completed,momo,"Số 3 Nguyễn Đình Chiểu, Q3, TP.HCM",,,
133,30,2024-07-13 11:54:00,"13,27,48,132",195000,completed,cod,"Số 3 Nguyễn Đình Chiểu, Q3, TP.HCM",Không hành,,
134,37,2024-09-06 12:50:00,"13,28,44,48,132",300000,completed,cod,"Số 8 Hai Bà Trưng, Q1, TP.HCM",,,
135,39,2024-12-02 22:09:00,"13,48,49,74",270000,completed,cod,"Số 5 Lê Lợi, Q1, TP.HCM",,,
136,2,2024-06-27 11:42:00,"40,44,123,132",325000,completed,cod,"Số 12 Trần Hưng Đạo, Q5, TP.HCM",,,
137,9,2024-06-27 14:03:00,"13,48,119",230000,delivering,momo,"Số 1 Nguyễn Huệ, Q1, TP.HCM",,,
138,7,2025-01-05 18:37:00,"48,106,108,132",500000,cooking,momo,"Số 5 Lê Lợi, Q1, TP.HCM",Không hành,,
139,30,2025-11-05 18:19:00,"13,27,48,132",195000,completed,cod,"Số 20 Đinh Tiên Hoàng, Q1, TP.HCM",Ít cay,,
140,29,2025-05-17 21:58:00,"49,109,110,132",395000,completed,cod,"Số 12 Trần Hưng Đạo, Q5, TP.HCM",Không hành,,
141,36,2025-10-01 20:37:00,"14,27,44,132",208000,completed,bank,"Số 8 Hai Bà Trưng, Q1, TP.HCM",Không hành,,
142,45,2025-09-11 16:06:00,"44,48,97,132",415000,completed,momo,"Số 3 Nguyễn Đình Chiểu, Q3, TP.HCM",,,
143,30,2024-08-21 16:21:00,"49,109,110,132",395000,delivering,bank,"Số 3 Nguyễn Đình Chiểu, Q3, TP.HCM",,,
144,10,2025-11-12 14:23:00,"1,48,61,132",330000,cooking,cod,"Số 1 Nguyễn Huệ, Q1, TP.HCM",,,
145,9,2026-02-01 21:23:00,"13,26,49,132",240000,pending,cod,"Số 8 Hai Bà Trưng, Q1, TP.HCM",Không hành,,
146,43,2024-05-05 16:22:00,"13,48,61",180000,delivering,cod,"Số 12 Trần Hưng Đạo, Q5, TP.HCM",Không hành,,
147,10,2025-08-14 18:13:00,"1,48,61,132",330000,cooking,cod,"Số 1 Nguyễn Huệ, Q1, TP.HCM",,,
148,15,2026-02-19 14:36:00,"27,48,125,132",320000,delivering,momo,"Số 8 Hai Bà Trưng, Q1, TP.HCM",Không hành,,
149,45,2024-01-30 12:17:00,"27,44,48,125,132",385000,completed,bank,"Số 12 Trần Hưng Đạo, Q5, TP.HCM",,,
150,5,2025-08-02 20:25:00,"48,49,93,132",450000,completed,cod,"Số 1 Nguyễn Huệ, Q1, TP.HCM",Không hành,,
151,24,2025-04-09 15:10:00,"44,48,94,132",485000,completed,bank,"Số 8 Hai Bà Trưng, Q1, TP.HCM",Không hành,,
152,40,2024-06-08 12:48:00,"13,26,49,132",240000,completed,cod,"Số 12 Trần Hưng Đạo, Q5, TP.HCM",Ít cay,,
153,14,2025-03-28 16:17:00,"49,109,110,132",395000,pending,cod,"Số 12 Trần Hưng Đạo, Q5, TP.HCM",Ít cay,,
154,34,2025-11-25 19:31:00,"13,28,44,132",245000,completed,cod,"Số 5 Lê Lợi, Q1, TP.HCM",Ít cay,,
155,9,2024-11-04 13:49:00,"13,48,49,119",290000,completed,cod,"Số 12 Trần Hưng Đạo, Q5, TP.HCM",,,
156,25,2025-03-16 12:08:00,"13,28,48,132",235000,pending,cod,"Số 8 Hai Bà Trưng, Q1, TP.HCM",Không hành,,
157,5,2025-03-22 10:29:00,"4,48,74,132",299000,completed,zalopay,"Số 20 Đinh Tiên Hoàng, Q1, TP.HCM",Không hành,,
158,26,2025-03-03 14:07:00,"12,48,76,132",319000,completed,bank,"Số 5 Lê Lợi, Q1, TP.HCM",Không hành,,
159,7,2025-01-05 11:27:00,"44,102,105,132",590000,completed,bank,"Số 8 Hai Bà Trưng, Q1, TP.HCM",Ít cay,,
160,22,2026-02-02 15:14:00,"43,44,48,119,132",425000,completed,cod,"Số 8 Hai Bà Trưng, Q1, TP.HCM",,,
161,47,2026-03-05 15:22:00,"43,48,119,132",360000,completed,cod,"Số 1 Nguyễn Huệ, Q1, TP.HCM",,,
162,5,2026-02-17 22:41:00,"44,49,96,132",360000,completed,bank,"Số 20 Đinh Tiên Hoàng, Q1, TP.HCM",Không hành,,
163,40,2025-08-01 20:40:00,"13,48,74",210000,completed,bank,"Số 5 Lê Lợi, Q1, TP.HCM",Ít cay,,
164,18,2025-10-08 14:50:00,"13,27,48,132",195000,cancelled,cod,"Số 12 Trần Hưng Đạo, Q5, TP.HCM",Không hành,,
165,24,2025-04-07 10:03:00,"13,27,48,132",195000,completed,cod,"Số 3 Nguyễn Đình Chiểu, Q3, TP.HCM",,,
166,36,2025-01-28 17:37:00,"13,49,118",255000,completed,bank,"Số 8 Hai Bà Trưng, Q1, TP.HCM",,,
167,29,2025-05-28 12:03:00,"1,48,61,132",330000,completed,bank,"Số 3 Nguyễn Đình Chiểu, Q3, TP.HCM",,,
168,29,2024-02-10 13:45:00,"38,49,118,132",415000,cooking,momo,"Số 8 Hai Bà Trưng, Q1, TP.HCM",Không hành,,
169,50,2024-10-16 16:26:00,"13,43,48,132",215000,completed,zalopay,"Số 1 Nguyễn Huệ, Q1, TP.HCM",,,
170,19,2025-07-25 20:24:00,"13,27,48,132",195000,completed,zalopay,"Số 5 Lê Lợi, Q1, TP.HCM",,,
171,42,2024-05-24 15:19:00,"13,26,49,132",240000,delivering,cod,"Số 8 Hai Bà Trưng, Q1, TP.HCM",,,
172,9,2025-10-20 22:21:00,"48,49,92,132",430000,pending,cod,"Số 3 Nguyễn Đình Chiểu, Q3, TP.HCM",Ít cay,,
173,14,2025-01-06 14:11:00,"38,49,118,132",415000,completed,bank,"Số 5 Lê Lợi, Q1, TP.HCM",,,
174,35,2024-04-13 18:49:00,"14,27,44,132",208000,pending,cod,"Số 3 Nguyễn Đình Chiểu, Q3, TP.HCM",,,
175,45,2024-06-06 12:11:00,"13,49,118,132",270000,cancelled,cod,"Số 3 Nguyễn Đình Chiểu, Q3, TP.HCM",Ít cay,,
176,29,2025-11-23 21:15:00,"13,27,48,132",195000,cancelled,cod,"Số 3 Nguyễn Đình Chiểu, Q3, TP.HCM",Ít cay,,
177,31,2024-11-12 22:50:00,"48,49,95,132",410000,completed,bank,"Số 3 Nguyễn Đình Chiểu, Q3, TP.HCM",Không hành,,
178,33,2024-10-15 22:24:00,"48,105,111,132",370000,pending,bank,"Số 5 Lê Lợi, Q1, TP.HCM",,,
179,24,2024-02-23 20:30:00,"13,44,66",210000,pending,cod,"Số 3 Nguyễn Đình Chiểu, Q3, TP.HCM",Không hành,,
180,29,2026-02-20 12:17:00,"13,28,44,132",245000,pending,cod,"Số 20 Đinh Tiên Hoàng, Q1, TP.HCM",,,
181,4,2024-12-23 10:26:00,"44,48,94,132",485000,delivering,momo,"Số 12 Trần Hưng Đạo, Q5, TP.HCM",,,
182,21,2025-01-18 13:01:00,"11,44,66,132",350000,completed,bank,"Số 5 Lê Lợi, Q1, TP.HCM",,,
183,9,2025-04-28 21:53:00,"13,28,48,132",235000,cooking,bank,"Số 8 Hai Bà Trưng, Q1, TP.HCM",,,
184,39,2024-06-02 18:46:00,"13,26,49,132",240000,pending,bank,"Số 1 Nguyễn Huệ, Q1, TP.HCM",,,
185,41,2024-02-18 13:26:00,"48,49,95,132",410000,cancelled,bank,"Số 1 Nguyễn Huệ, Q1, TP.HCM",,,
186,37,2024-01-17 20:32:00,"34,48,117,132",410000,completed,cod,"Số 12 Trần Hưng Đạo, Q5, TP.HCM",Ít cay,,
187,12,2024-09-03 19:26:00,"13,28,48,132",235000,completed,momo,"Số 12 Trần Hưng Đạo, Q5, TP.HCM",,,
188,25,2025-06-03 18:01:00,"43,48,119,132",360000,cooking,cod,"Số 3 Nguyễn Đình Chiểu, Q3, TP.HCM",Ít cay,,
189,5,2024-01-17 15:50:00,"10,48,119,132",319000,completed,cod,"Số 3 Nguyễn Đình Chiểu, Q3, TP.HCM",,,
190,23,2024-12-06 12:02:00,"13,48,74",210000,pending,bank,"Số 3 Nguyễn Đình Chiểu, Q3, TP.HCM",,,
191,9,2025-05-05 20:11:00,"44,102,105,132",590000,completed,bank,"Số 1 Nguyễn Huệ, Q1, TP.HCM",,,
192,20,2024-02-12 15:59:00,"48,49,93,132",450000,pending,bank,"Số 8 Hai Bà Trưng, Q1, TP.HCM",Ít cay,,
193,50,2024-10-19 15:55:00,"48,49,95,132",410000,completed,bank,"Số 12 Trần Hưng Đạo, Q5, TP.HCM",,,
194,25,2025-02-13 21:28:00,"10,48,119,132",319000,completed,cod,"Số 20 Đinh Tiên Hoàng, Q1, TP.HCM",Ít cay,,
195,6,2025-06-15 14:51:00,"10,48,119,132",319000,delivering,cod,"Số 20 Đinh Tiên Hoàng, Q1, TP.HCM",Không hành,,
196,21,2024-11-24 11:05:00,"48,49,93,132",450000,completed,cod,"Số 20 Đinh Tiên Hoàng, Q1, TP.HCM",Không hành,,
197,47,2024-12-25 17:02:00,"49,109,110,132",395000,completed,zalopay,"Số 20 Đinh Tiên Hoàng, Q1, TP.HCM",,,
198,48,2025-01-07 18:51:00,"13,27,48,132",195000,completed,cod,"Số 5 Lê Lợi, Q1, TP.HCM",Không hành,,
199,24,2024-08-29 22:41:00,"48,49,109,110,132",450000,completed,bank,"Số 8 Hai Bà Trưng, Q1, TP.HCM",,,
200,49,2025-01-14 15:28:00,"13,44,66,132",225000,completed,zalopay,"Số 5 Lê Lợi, Q1, TP.HCM",Không hành,,
201,8,2025-10-27 14:15:00,"10,48,119,132",319000,completed,cod,"Số 20 Đinh Tiên Hoàng, Q1, TP.HCM",Không hành,,
202,17,2024-04-30 14:49:00,"11,44,66,132",350000,cooking,cod,"Số 8 Hai Bà Trưng, Q1, TP.HCM",,,
203,46,2024-03-16 17:11:00,"34,48,49,117,132",470000,cooking,cod,"Số 3 Nguyễn Đình Chiểu, Q3, TP.HCM",,,
204,20,2025-07-17 18:18:00,"2,49,65,132",375000,completed,cod,"Số 12 Trần Hưng Đạo, Q5, TP.HCM",Không hành,,
205,32,2024-05-22 13:50:00,"44,48,49,94,132",545000,completed,bank,"Số 8 Hai Bà Trưng, Q1, TP.HCM",Không hành,,
206,6,2025-07-18 12:39:00,"10,48,119,132",319000,completed,cod,"Số 20 Đinh Tiên Hoàng, Q1, TP.HCM",Ít cay,,
207,9,2025-02-23 19:04:00,"43,48,119,132",360000,completed,cod,"Số 20 Đinh Tiên Hoàng, Q1, TP.HCM",Ít cay,,
208,38,2026-03-09 18:40:00,"43,48,119,132",360000,completed,cod,"Số 20 Đinh Tiên Hoàng, Q1, TP.HCM",Không hành,,
209,11,2025-06-14 12:19:00,"13,27,48,132",195000,completed,bank,"Số 3 Nguyễn Đình Chiểu, Q3, TP.HCM",,,
210,6,2025-06-15 14:54:00,"2,49,65,132",375000,completed,cod,"Số 3 Nguyễn Đình Chiểu, Q3, TP.HCM",Không hành,,
211,33,2025-09-21 18:05:00,"44,49,96,132",360000,completed,zalopay,"Số 8 Hai Bà Trưng, Q1, TP.HCM",,,
212,37,2026-01-07 19:21:00,"13,43,48,132",215000,completed,cod,"Số 1 Nguyễn Huệ, Q1, TP.HCM",,,
213,27,2024-08-03 22:36:00,"13,48,74",210000,cancelled,cod,"Số 20 Đinh Tiên Hoàng, Q1, TP.HCM",Không hành,,
214,44,2024-11-05 17:15:00,"44,48,97,132",415000,delivering,cod,"Số 20 Đinh Tiên Hoàng, Q1, TP.HCM",,,
215,22,2025-05-10 17:13:00,"13,27,48,132",195000,cancelled,cod,"Số 12 Trần Hưng Đạo, Q5, TP.HCM",,,
216,33,2024-05-13 22:23:00,"2,49,65,132",375000,pending,cod,"Số 12 Trần Hưng Đạo, Q5, TP.HCM",,,
217,4,2024-09-10 12:06:00,"44,102,105,132",590000,completed,bank,"Số 8 Hai Bà Trưng, Q1, TP.HCM",Ít cay,,
218,37,2024-06-12 15:59:00,"48,49,95,132",410000,completed,cod,"Số 5 Lê Lợi, Q1, TP.HCM",Ít cay,,
219,6,2024-11-11 17:01:00,"38,49,118,132",415000,delivering,momo,"Số 20 Đinh Tiên Hoàng, Q1, TP.HCM",,,
220,32,2024-02-19 10:18:00,"44,48,94,132",485000,cancelled,bank,"Số 12 Trần Hưng Đạo, Q5, TP.HCM",Không hành,,
221,17,2025-03-17 12:56:00,"13,28,48,132",235000,completed,bank,"Số 12 Trần Hưng Đạo, Q5, TP.HCM",,,
222,5,2025-01-06 18:18:00,"12,48,49,76,132",379000,delivering,momo,"Số 20 Đinh Tiên Hoàng, Q1, TP.HCM",Không hành,,
223,8,2025-09-30 20:39:00,"44,48,97,132",415000,completed,cod,"Số 20 Đinh Tiên Hoàng, Q1, TP.HCM",,,
224,13,2025-01-09 22:09:00,"2,49,65,132",375000,cancelled,momo,"Số 20 Đinh Tiên Hoàng, Q1, TP.HCM",Không hành,,
225,31,2025-12-31 15:51:00,"13,27,48,49,132",255000,pending,bank,"Số 5 Lê Lợi, Q1, TP.HCM",Không hành,,
226,48,2024-06-15 16:39:00,"38,44,49,118,132",480000,completed,zalopay,"Số 12 Trần Hưng Đạo, Q5, TP.HCM",Không hành,,
227,31,2025-12-26 19:19:00,"38,49,118,132",415000,completed,bank,"Số 12 Trần Hưng Đạo, Q5, TP.HCM",,,
228,2,2026-01-12 21:40:00,"48,103,105,132",420000,cancelled,bank,"Số 12 Trần Hưng Đạo, Q5, TP.HCM",Không hành,,
229,34,2025-08-20 17:10:00,"13,48,74",210000,cancelled,bank,"Số 5 Lê Lợi, Q1, TP.HCM",,,
230,2,2025-12-18 11:12:00,"13,28,48,132",235000,cooking,bank,"Số 20 Đinh Tiên Hoàng, Q1, TP.HCM",,,
231,40,2025-02-24 18:49:00,"48,103,105,132",420000,cooking,cod,"Số 3 Nguyễn Đình Chiểu, Q3, TP.HCM",,,
232,25,2025-11-09 17:33:00,"43,44,48,119,132",425000,completed,cod,"Số 20 Đinh Tiên Hoàng, Q1, TP.HCM",Không hành,,
233,47,2025-11-23 22:55:00,"2,49,65,132",375000,completed,zalopay,"Số 20 Đinh Tiên Hoàng, Q1, TP.HCM",,,
234,50,2024-11-01 13:19:00,"48,49,95,132",410000,completed,cod,"Số 3 Nguyễn Đình Chiểu, Q3, TP.HCM",Ít cay,,
235,18,2025-07-27 22:46:00,"1,48,61,132",330000,completed,cod,"Số 8 Hai Bà Trưng, Q1, TP.HCM",Không hành,,
236,10,2025-02-08 15:49:00,"11,44,66,132",350000,completed,cod,"Số 12 Trần Hưng Đạo, Q5, TP.HCM",,,
237,31,2025-11-02 14:47:00,"2,49,65,132",375000,completed,cod,"Số 8 Hai Bà Trưng, Q1, TP.HCM",,,
238,48,2024-05-20 11:39:00,"13,48,61",180000,cancelled,cod,"Số 5 Lê Lợi, Q1, TP.HCM",,,
239,22,2024-02-23 11:26:00,"43,48,49,119,132",420000,cooking,cod,"Số 3 Nguyễn Đình Chiểu, Q3, TP.HCM",,,
240,31,2024-06-10 16:41:00,"13,28,48,132",235000,cooking,cod,"Số 12 Trần Hưng Đạo, Q5, TP.HCM",,,
241,37,2026-02-26 11:41:00,"44,48,97,132",415000,completed,momo,"Số 3 Nguyễn Đình Chiểu, Q3, TP.HCM",,,
242,26,2024-06-29 10:53:00,"13,43,48,132",215000,cooking,cod,"Số 3 Nguyễn Đình Chiểu, Q3, TP.HCM",,,
243,42,2024-12-09 14:29:00,"13,28,48,132",235000,pending,momo,"Số 20 Đinh Tiên Hoàng, Q1, TP.HCM",,,
244,22,2024-07-16 22:07:00,"38,49,118,132",415000,completed,bank,"Số 3 Nguyễn Đình Chiểu, Q3, TP.HCM",,,
245,49,2024-10-29 19:43:00,"44,48,49,93,132",515000,completed,cod,"Số 8 Hai Bà Trưng, Q1, TP.HCM",Ít cay,,
246,7,2024-03-29 16:42:00,"49,109,110,132",395000,completed,cod,"Số 20 Đinh Tiên Hoàng, Q1, TP.HCM",,,
247,18,2024-08-29 17:48:00,"48,49,95,132",410000,completed,cod,"Số 8 Hai Bà Trưng, Q1, TP.HCM",Không hành,,
248,4,2025-01-03 21:15:00,"13,28,48,132",235000,completed,bank,"Số 12 Trần Hưng Đạo, Q5, TP.HCM",,,
249,45,2025-12-21 22:19:00,"12,48,76,132",319000,completed,cod,"Số 12 Trần Hưng Đạo, Q5, TP.HCM",Không hành,,
250,48,2025-05-04 12:29:00,"44,48,49,94,132",545000,cancelled,bank,"Số 20 Đinh Tiên Hoàng, Q1, TP.HCM",Không hành,,
251,16,2025-11-11 13:48:00,"48,106,108,132",500000,cancelled,cod,"Số 8 Hai Bà Trưng, Q1, TP.HCM",Ít cay,,
252,4,2024-03-20 19:07:00,"43,48,119,132",360000,pending,momo,"Số 5 Lê Lợi, Q1, TP.HCM",Không hành,,
253,44,2025-06-16 17:07:00,"40,44,123,132",325000,completed,zalopay,"Số 20 Đinh Tiên Hoàng, Q1, TP.HCM",,,
254,33,2024-02-26 17:08:00,"38,49,118,132",415000,delivering,bank,"Số 8 Hai Bà Trưng, Q1, TP.HCM",,,
255,26,2024-11-11 21:01:00,"13,48,61",180000,completed,cod,"Số 3 Nguyễn Đình Chiểu, Q3, TP.HCM",,,
256,35,2024-12-18 21:04:00,"13,48,74,132",225000,completed,cod,"Số 20 Đinh Tiên Hoàng, Q1, TP.HCM",,,
257,42,2026-02-26 12:49:00,"44,48,97,132",415000,delivering,bank,"Số 20 Đinh Tiên Hoàng, Q1, TP.HCM",Ít cay,,
258,35,2025-11-30 20:55:00,"10,48,119,132",319000,completed,bank,"Số 1 Nguyễn Huệ, Q1, TP.HCM",,,
259,1,2024-05-10 21:14:00,"40,44,123,132",325000,completed,cod,"Số 20 Đinh Tiên Hoàng, Q1, TP.HCM",Không hành,,
260,23,2024-08-23 13:29:00,"49,109,110,132",395000,completed,cod,"Số 5 Lê Lợi, Q1, TP.HCM",,,
261,2,2025-03-05 19:49:00,"13,28,48,132",235000,completed,cod,"Số 1 Nguyễn Huệ, Q1, TP.HCM",,,
262,26,2024-09-07 21:02:00,"13,48,119",230000,cooking,cod,"Số 8 Hai Bà Trưng, Q1, TP.HCM",,,
263,21,2024-08-27 21:36:00,"13,27,44,48,132",260000,cancelled,zalopay,"Số 3 Nguyễn Đình Chiểu, Q3, TP.HCM",,,
264,15,2024-05-26 20:33:00,"48,49,95,132",410000,delivering,cod,"Số 12 Trần Hưng Đạo, Q5, TP.HCM",,,
265,44,2026-01-22 12:40:00,"27,48,125,132",320000,delivering,momo,"Số 20 Đinh Tiên Hoàng, Q1, TP.HCM",,,
266,34,2025-11-18 16:50:00,"2,49,65,132",375000,completed,bank,"Số 20 Đinh Tiên Hoàng, Q1, TP.HCM",,,
267,16,2026-02-11 18:30:00,"48,49,92,132",430000,completed,cod,"Số 3 Nguyễn Đình Chiểu, Q3, TP.HCM",,,
268,36,2025-07-29 16:26:00,"44,102,105,132",590000,pending,cod,"Số 20 Đinh Tiên Hoàng, Q1, TP.HCM",,,
269,35,2025-04-05 15:05:00,"48,49,95,132",410000,completed,cod,"Số 12 Trần Hưng Đạo, Q5, TP.HCM",Ít cay,,
270,49,2024-03-15 13:51:00,"13,44,66",210000,cancelled,momo,"Số 5 Lê Lợi, Q1, TP.HCM",Ít cay,,
271,1,2024-12-06 14:58:00,"44,48,94,132",485000,completed,cod,"Số 3 Nguyễn Đình Chiểu, Q3, TP.HCM",,,
272,14,2025-12-13 19:45:00,"48,106,108,132",500000,delivering,cod,"Số 8 Hai Bà Trưng, Q1, TP.HCM",,,
273,20,2025-06-30 20:22:00,"44,48,97,132",415000,completed,bank,"Số 8 Hai Bà Trưng, Q1, TP.HCM",Ít cay,,
274,14,2026-02-18 15:58:00,"44,102,105,132",590000,completed,bank,"Số 20 Đinh Tiên Hoàng, Q1, TP.HCM",,,
275,17,2026-01-29 12:01:00,"13,48,61",180000,pending,zalopay,"Số 8 Hai Bà Trưng, Q1, TP.HCM",Ít cay,,
276,16,2024-08-23 16:36:00,"44,48,49,92,132",495000,cooking,momo,"Số 3 Nguyễn Đình Chiểu, Q3, TP.HCM",,,
277,48,2025-05-15 21:41:00,"44,49,96,132",360000,cooking,bank,"Số 5 Lê Lợi, Q1, TP.HCM",,,
278,4,2024-07-07 18:41:00,"13,43,48,132",215000,pending,cod,"Số 1 Nguyễn Huệ, Q1, TP.HCM",,,
279,46,2025-10-07 13:04:00,"13,28,48,132",235000,completed,cod,"Số 5 Lê Lợi, Q1, TP.HCM",Không hành,,
280,40,2025-09-24 20:42:00,"44,102,105,132",590000,cooking,bank,"Số 1 Nguyễn Huệ, Q1, TP.HCM",,,
281,47,2024-01-13 10:33:00,"40,44,123,132",325000,completed,momo,"Số 12 Trần Hưng Đạo, Q5, TP.HCM",,,
282,12,2025-11-21 16:51:00,"38,49,118,132",415000,completed,cod,"Số 8 Hai Bà Trưng, Q1, TP.HCM",,,
283,26,2024-12-28 14:50:00,"44,48,49,95,132",475000,completed,bank,"Số 20 Đinh Tiên Hoàng, Q1, TP.HCM",Ít cay,,
284,6,2024-11-03 20:52:00,"13,48,49,61",240000,completed,cod,"Số 20 Đinh Tiên Hoàng, Q1, TP.HCM",Ít cay,,
285,45,2024-02-27 20:00:00,"10,48,119,132",319000,completed,cod,"Số 20 Đinh Tiên Hoàng, Q1, TP.HCM",Ít cay,,
286,3,2024-04-07 18:58:00,"2,49,65,132",375000,completed,cod,"Số 3 Nguyễn Đình Chiểu, Q3, TP.HCM",Không hành,,
287,18,2024-03-17 20:59:00,"48,106,108,132",500000,pending,zalopay,"Số 3 Nguyễn Đình Chiểu, Q3, TP.HCM",,,
288,38,2024-11-18 10:13:00,"48,49,93,132",450000,completed,bank,"Số 1 Nguyễn Huệ, Q1, TP.HCM",,,
289,35,2025-08-03 16:43:00,"13,43,48,132",215000,completed,bank,"Số 3 Nguyễn Đình Chiểu, Q3, TP.HCM",,,
290,28,2024-12-20 10:06:00,"13,26,49,132",240000,completed,cod,"Số 12 Trần Hưng Đạo, Q5, TP.HCM",Không hành,,
291,2,2025-02-10 22:20:00,"13,49,118",255000,completed,bank,"Số 20 Đinh Tiên Hoàng, Q1, TP.HCM",,,
292,44,2025-01-19 16:11:00,"4,48,74,132",299000,cancelled,bank,"Số 1 Nguyễn Huệ, Q1, TP.HCM",Không hành,,
293,18,2025-12-31 11:05:00,"48,49,92,132",430000,completed,bank,"Số 3 Nguyễn Đình Chiểu, Q3, TP.HCM",,,
294,20,2024-04-19 11:00:00,"11,44,66,132",350000,cooking,bank,"Số 12 Trần Hưng Đạo, Q5, TP.HCM",,,
295,33,2025-04-04 18:35:00,"13,28,44,132",245000,delivering,cod,"Số 1 Nguyễn Huệ, Q1, TP.HCM",,,
296,21,2025-09-03 19:50:00,"4,48,74,132",299000,delivering,cod,"Số 12 Trần Hưng Đạo, Q5, TP.HCM",Ít cay,,
297,16,2026-01-12 18:57:00,"11,44,66,132",350000,cancelled,momo,"Số 5 Lê Lợi, Q1, TP.HCM",Ít cay,,
298,5,2024-10-01 17:09:00,"13,43,44,48,132",280000,completed,bank,"Số 12 Trần Hưng Đạo, Q5, TP.HCM",Ít cay,,
299,16,2024-03-19 15:16:00,"48,49,92,132",430000,cooking,zalopay,"Số 8 Hai Bà Trưng, Q1, TP.HCM",,,
300,40,2024-01-07 16:21:00,"44,102,105,132",590000,delivering,bank,"Số 20 Đinh Tiên Hoàng, Q1, TP.HCM",,,
301,20,2025-10-28 19:08:00,"49,109,110,132",395000,completed,zalopay,"Số 3 Nguyễn Đình Chiểu, Q3, TP.HCM",,,
302,48,2025-02-11 15:18:00,"48,106,108,132",500000,cooking,zalopay,"Số 5 Lê Lợi, Q1, TP.HCM",,,
303,37,2025-02-06 15:07:00,"10,48,119,132",319000,completed,zalopay,"Số 8 Hai Bà Trưng, Q1, TP.HCM",,,
304,19,2025-12-26 13:28:00,"27,48,125,132",320000,completed,bank,"Số 3 Nguyễn Đình Chiểu, Q3, TP.HCM",Ít cay,,
305,10,2024-09-04 14:42:00,"14,27,44,132",208000,delivering,bank,"Số 1 Nguyễn Huệ, Q1, TP.HCM",Ít cay,,
306,45,2025-02-14 18:32:00,"13,48,119",230000,delivering,momo,"Số 1 Nguyễn Huệ, Q1, TP.HCM",,,
307,16,2024-03-28 11:49:00,"40,44,123,132",325000,completed,cod,"Số 3 Nguyễn Đình Chiểu, Q3, TP.HCM",Không hành,,
308,26,2025-10-22 20:41:00,"13,27,48,132",195000,completed,bank,"Số 1 Nguyễn Huệ, Q1, TP.HCM",,,
309,36,2025-06-06 21:33:00,"13,26,49,132",240000,cancelled,zalopay,"Số 5 Lê Lợi, Q1, TP.HCM",Ít cay,,
310,45,2026-03-01 20:37:00,"10,48,119,132",319000,pending,cod,"Số 12 Trần Hưng Đạo, Q5, TP.HCM",,,
311,47,2024-03-28 11:53:00,"34,48,117,132",410000,completed,bank,"Số 12 Trần Hưng Đạo, Q5, TP.HCM",,,
312,31,2025-06-17 17:22:00,"44,102,105,132",590000,completed,bank,"Số 3 Nguyễn Đình Chiểu, Q3, TP.HCM",Ít cay,,
313,22,2025-12-28 11:01:00,"1,48,61,132",330000,completed,cod,"Số 3 Nguyễn Đình Chiểu, Q3, TP.HCM",,,
314,30,2024-12-04 18:27:00,"43,48,49,119,132",420000,completed,bank,"Số 3 Nguyễn Đình Chiểu, Q3, TP.HCM",,,
315,48,2025-03-18 16:01:00,"48,49,93,132",450000,cancelled,cod,"Số 20 Đinh Tiên Hoàng, Q1, TP.HCM",Không hành,,
316,18,2025-12-22 13:13:00,"49,109,110,132",395000,completed,zalopay,"Số 1 Nguyễn Huệ, Q1, TP.HCM",Không hành,,
317,17,2024-07-20 17:07:00,"48,49,93,132",450000,cooking,momo,"Số 3 Nguyễn Đình Chiểu, Q3, TP.HCM",,,
318,23,2025-02-05 19:07:00,"13,48,119",230000,completed,bank,"Số 8 Hai Bà Trưng, Q1, TP.HCM",,,
319,9,2025-08-27 11:43:00,"48,49,92,132",430000,completed,cod,"Số 5 Lê Lợi, Q1, TP.HCM",,,
320,39,2025-06-07 16:26:00,"13,28,44,49,132",305000,completed,zalopay,"Số 20 Đinh Tiên Hoàng, Q1, TP.HCM",Ít cay,,
321,42,2025-07-04 21:58:00,"48,49,93,132",450000,completed,momo,"Số 5 Lê Lợi, Q1, TP.HCM",Ít cay,,
322,23,2025-04-06 19:03:00,"44,48,97,132",415000,completed,bank,"Số 5 Lê Lợi, Q1, TP.HCM",,,
323,27,2025-06-01 20:31:00,"11,44,66,132",350000,cooking,bank,"Số 3 Nguyễn Đình Chiểu, Q3, TP.HCM",Ít cay,,
324,3,2026-02-18 13:18:00,"34,48,117,132",410000,completed,cod,"Số 8 Hai Bà Trưng, Q1, TP.HCM",,,
325,50,2025-08-02 21:49:00,"13,43,48,132",215000,cooking,momo,"Số 8 Hai Bà Trưng, Q1, TP.HCM",,,
326,49,2025-07-09 22:02:00,"13,44,48,61",245000,cooking,momo,"Số 5 Lê Lợi, Q1, TP.HCM",Ít cay,,
327,20,2025-10-31 22:15:00,"13,26,49,132",240000,completed,bank,"Số 12 Trần Hưng Đạo, Q5, TP.HCM",,,
328,16,2024-04-30 22:51:00,"13,26,49,132",240000,completed,zalopay,"Số 3 Nguyễn Đình Chiểu, Q3, TP.HCM",,,
329,14,2024-06-18 19:08:00,"13,44,66",210000,completed,cod,"Số 8 Hai Bà Trưng, Q1, TP.HCM",,,
330,46,2025-07-05 12:20:00,"40,44,123,132",325000,completed,cod,"Số 8 Hai Bà Trưng, Q1, TP.HCM",,,
331,49,2025-11-26 11:08:00,"38,49,118,132",415000,delivering,cod,"Số 12 Trần Hưng Đạo, Q5, TP.HCM",,,
332,44,2024-09-10 22:53:00,"13,28,44,132",245000,delivering,bank,"Số 5 Lê Lợi, Q1, TP.HCM",Không hành,,
333,41,2025-01-19 17:04:00,"44,49,96,132",360000,completed,bank,"Số 8 Hai Bà Trưng, Q1, TP.HCM",,,
334,1,2025-05-14 15:37:00,"10,48,119,132",319000,completed,bank,"Số 3 Nguyễn Đình Chiểu, Q3, TP.HCM",,,
335,14,2025-02-11 13:27:00,"13,27,48,132",195000,cooking,cod,"Số 12 Trần Hưng Đạo, Q5, TP.HCM",,,
336,32,2024-05-13 19:54:00,"2,49,65,132",375000,completed,cod,"Số 1 Nguyễn Huệ, Q1, TP.HCM",,,
337,28,2025-03-27 17:00:00,"44,49,102,105,132",650000,completed,cod,"Số 3 Nguyễn Đình Chiểu, Q3, TP.HCM",,,
338,24,2024-10-07 11:41:00,"13,43,48,132",215000,completed,cod,"Số 12 Trần Hưng Đạo, Q5, TP.HCM",,,
339,49,2024-11-08 21:44:00,"13,27,48,132",195000,completed,bank,"Số 3 Nguyễn Đình Chiểu, Q3, TP.HCM",,,
340,15,2024-03-20 12:37:00,"13,26,49,132",240000,pending,bank,"Số 1 Nguyễn Huệ, Q1, TP.HCM",,,
341,31,2025-03-08 21:08:00,"2,49,65,132",375000,completed,cod,"Số 20 Đinh Tiên Hoàng, Q1, TP.HCM",,,
342,50,2024-11-02 12:24:00,"13,26,44,49,132",305000,completed,cod,"Số 1 Nguyễn Huệ, Q1, TP.HCM",Không hành,,
343,14,2025-03-26 15:46:00,"13,48,49,61",240000,completed,bank,"Số 8 Hai Bà Trưng, Q1, TP.HCM",Ít cay,,
344,38,2024-05-23 22:07:00,"44,48,94,132",485000,delivering,bank,"Số 20 Đinh Tiên Hoàng, Q1, TP.HCM",,,
345,39,2024-09-11 18:38:00,"14,27,44,48,132",263000,cancelled,cod,"Số 3 Nguyễn Đình Chiểu, Q3, TP.HCM",,,
346,42,2026-02-04 16:18:00,"48,49,92,132",430000,completed,cod,"Số 20 Đinh Tiên Hoàng, Q1, TP.HCM",Ít cay,,
347,21,2025-06-24 10:23:00,"13,28,44,48,132",300000,completed,bank,"Số 8 Hai Bà Trưng, Q1, TP.HCM",Ít cay,,
348,50,2024-06-25 22:30:00,"10,48,119,132",319000,completed,cod,"Số 8 Hai Bà Trưng, Q1, TP.HCM",,,
349,26,2024-02-10 10:50:00,"13,28,48,132",235000,pending,cod,"Số 3 Nguyễn Đình Chiểu, Q3, TP.HCM",Không hành,,
350,35,2025-02-15 11:40:00,"48,103,105,132",420000,pending,zalopay,"Số 5 Lê Lợi, Q1, TP.HCM",,,
351,10,2025-06-07 13:51:00,"13,26,49,132",240000,pending,bank,"Số 20 Đinh Tiên Hoàng, Q1, TP.HCM",Không hành,,
352,16,2025-03-23 21:54:00,"13,27,48,132",195000,completed,cod,"Số 1 Nguyễn Huệ, Q1, TP.HCM",Ít cay,,
353,43,2025-09-15 10:19:00,"13,28,44,132",245000,completed,cod,"Số 1 Nguyễn Huệ, Q1, TP.HCM",,,
354,47,2025-06-19 18:50:00,"13,28,44,48,132",300000,completed,cod,"Số 12 Trần Hưng Đạo, Q5, TP.HCM",,,
355,2,2024-04-30 22:57:00,"44,49,96,132",360000,completed,bank,"Số 12 Trần Hưng Đạo, Q5, TP.HCM",Không hành,,
356,32,2025-08-13 20:04:00,"13,27,48,132",195000,cooking,momo,"Số 12 Trần Hưng Đạo, Q5, TP.HCM",,,
357,17,2024-06-19 15:10:00,"34,48,117,132",410000,completed,zalopay,"Số 3 Nguyễn Đình Chiểu, Q3, TP.HCM",,,
358,1,2024-01-03 10:54:00,"44,48,94,132",485000,completed,cod,"Số 20 Đinh Tiên Hoàng, Q1, TP.HCM",,,
359,46,2024-07-02 10:35:00,"11,44,66,132",350000,delivering,cod,"Số 12 Trần Hưng Đạo, Q5, TP.HCM",,,
360,5,2024-11-23 14:52:00,"48,103,105,132",420000,cancelled,bank,"Số 1 Nguyễn Huệ, Q1, TP.HCM",Không hành,,
361,30,2025-02-14 11:56:00,"13,27,48,132",195000,completed,cod,"Số 12 Trần Hưng Đạo, Q5, TP.HCM",,,
362,37,2025-01-12 13:18:00,"27,48,125,132",320000,completed,zalopay,"Số 5 Lê Lợi, Q1, TP.HCM",Ít cay,,
363,13,2025-05-20 22:49:00,"10,48,119,132",319000,pending,cod,"Số 5 Lê Lợi, Q1, TP.HCM",,,
364,1,2025-10-13 21:56:00,"44,48,103,105,132",485000,completed,cod,"Số 3 Nguyễn Đình Chiểu, Q3, TP.HCM",Ít cay,,
365,10,2025-03-05 17:03:00,"48,49,92,132",430000,completed,cod,"Số 1 Nguyễn Huệ, Q1, TP.HCM",,,
366,6,2025-01-16 17:47:00,"43,48,119,132",360000,cancelled,cod,"Số 8 Hai Bà Trưng, Q1, TP.HCM",,,
367,16,2025-03-21 20:08:00,"12,48,76,132",319000,completed,cod,"Số 12 Trần Hưng Đạo, Q5, TP.HCM",Ít cay,,
368,13,2024-10-05 13:04:00,"1,48,61,132",330000,completed,zalopay,"Số 1 Nguyễn Huệ, Q1, TP.HCM",,,
369,35,2024-11-17 16:07:00,"13,28,44,132",245000,completed,cod,"Số 20 Đinh Tiên Hoàng, Q1, TP.HCM",,,
370,44,2024-05-02 11:10:00,"44,102,105,132",590000,completed,zalopay,"Số 1 Nguyễn Huệ, Q1, TP.HCM",,,
371,4,2024-12-30 16:32:00,"1,48,49,61,132",390000,completed,cod,"Số 5 Lê Lợi, Q1, TP.HCM",,,
372,16,2025-07-23 21:35:00,"12,48,76,132",319000,completed,bank,"Số 1 Nguyễn Huệ, Q1, TP.HCM",,,
373,26,2024-05-13 13:52:00,"13,28,44,49,132",305000,completed,cod,"Số 8 Hai Bà Trưng, Q1, TP.HCM",Không hành,,
374,13,2024-03-17 10:04:00,"44,49,96,132",360000,cooking,cod,"Số 1 Nguyễn Huệ, Q1, TP.HCM",,,
375,37,2024-02-21 12:59:00,"13,28,44,132",245000,delivering,bank,"Số 20 Đinh Tiên Hoàng, Q1, TP.HCM",,,
376,12,2024-06-25 15:13:00,"11,44,66,132",350000,completed,cod,"Số 20 Đinh Tiên Hoàng, Q1, TP.HCM",,,
377,19,2025-09-23 13:41:00,"13,28,48,132",235000,cooking,bank,"Số 8 Hai Bà Trưng, Q1, TP.HCM",Ít cay,,
378,42,2024-05-20 16:12:00,"13,27,48,132",195000,pending,cod,"Số 3 Nguyễn Đình Chiểu, Q3, TP.HCM",Không hành,,
379,31,2026-03-11 21:22:00,"13,28,48,132",235000,pending,bank,"Số 12 Trần Hưng Đạo, Q5, TP.HCM",Không hành,,
380,21,2024-10-03 12:01:00,"38,49,118,132",415000,cancelled,cod,"Số 1 Nguyễn Huệ, Q1, TP.HCM",,,
381,50,2025-04-28 18:22:00,"13,27,48,132",195000,cancelled,cod,"Số 5 Lê Lợi, Q1, TP.HCM",,,
382,48,2024-09-29 18:52:00,"48,49,95,132",410000,completed,cod,"Số 8 Hai Bà Trưng, Q1, TP.HCM",Ít cay,,
383,38,2024-06-26 12:15:00,"4,48,74,132",299000,completed,bank,"Số 8 Hai Bà Trưng, Q1, TP.HCM",,,
384,13,2025-07-31 12:36:00,"4,48,74,132",299000,cooking,momo,"Số 12 Trần Hưng Đạo, Q5, TP.HCM",,,
385,2,2024-08-26 19:14:00,"34,48,117,132",410000,pending,bank,"Số 1 Nguyễn Huệ, Q1, TP.HCM",,,
386,21,2024-12-14 21:11:00,"13,49,118",255000,completed,cod,"Số 5 Lê Lợi, Q1, TP.HCM",Không hành,,
387,24,2025-06-22 15:04:00,"14,27,44,132",208000,delivering,zalopay,"Số 1 Nguyễn Huệ, Q1, TP.HCM",,,
388,41,2024-06-10 21:27:00,"48,49,92,132",430000,cooking,bank,"Số 5 Lê Lợi, Q1, TP.HCM",Không hành,,
389,12,2024-08-16 20:37:00,"13,49,118",255000,delivering,cod,"Số 3 Nguyễn Đình Chiểu, Q3, TP.HCM",,,
390,50,2025-12-19 19:25:00,"13,28,44,48,132",300000,cancelled,cod,"Số 5 Lê Lợi, Q1, TP.HCM",Không hành,,
391,37,2025-09-18 13:40:00,"1,48,61,132",330000,completed,bank,"Số 5 Lê Lợi, Q1, TP.HCM",,,
392,6,2024-06-20 20:56:00,"13,26,44,49,132",305000,completed,bank,"Số 1 Nguyễn Huệ, Q1, TP.HCM",,,
393,7,2024-12-24 14:50:00,"44,48,94,132",485000,completed,cod,"Số 20 Đinh Tiên Hoàng, Q1, TP.HCM",Ít cay,,
394,25,2025-02-27 17:56:00,"48,103,105,132",420000,completed,momo,"Số 20 Đinh Tiên Hoàng, Q1, TP.HCM",,,
395,44,2025-08-14 20:48:00,"48,106,108,132",500000,completed,cod,"Số 20 Đinh Tiên Hoàng, Q1, TP.HCM",,,
396,5,2024-11-22 14:06:00,"13,28,48,132",235000,completed,cod,"Số 20 Đinh Tiên Hoàng, Q1, TP.HCM",,,
397,40,2024-04-05 15:38:00,"13,26,49,132",240000,cooking,cod,"Số 20 Đinh Tiên Hoàng, Q1, TP.HCM",,,
398,22,2024-06-09 10:06:00,"13,44,66",210000,completed,cod,"Số 20 Đinh Tiên Hoàng, Q1, TP.HCM",Không hành,,
399,7,2024-10-15 14:15:00,"40,44,123,132",325000,completed,bank,"Số 8 Hai Bà Trưng, Q1, TP.HCM",Không hành,,
400,19,2024-01-04 16:05:00,"34,44,48,117,132",475000,cancelled,bank,"Số 5 Lê Lợi, Q1, TP.HCM",,,
401,8,2024-03-24 17:54:00,"13,28,44,48,132",300000,completed,bank,"Số 20 Đinh Tiên Hoàng, Q1, TP.HCM",Ít cay,,
402,25,2024-07-08 15:56:00,"44,49,96,132",360000,completed,cod,"Số 20 Đinh Tiên Hoàng, Q1, TP.HCM",,,
403,18,2024-09-26 13:53:00,"44,49,96,132",360000,cancelled,cod,"Số 5 Lê Lợi, Q1, TP.HCM",,,
404,38,2025-07-08 16:48:00,"13,26,49,132",240000,completed,momo,"Số 1 Nguyễn Huệ, Q1, TP.HCM",Ít cay,,
405,31,2025-07-02 20:55:00,"43,48,119,132",360000,cancelled,cod,"Số 20 Đinh Tiên Hoàng, Q1, TP.HCM",,,
406,37,2026-01-01 10:32:00,"13,26,49,132",240000,pending,zalopay,"Số 3 Nguyễn Đình Chiểu, Q3, TP.HCM",Không hành,,
407,13,2024-06-26 12:13:00,"14,27,44,132",208000,completed,cod,"Số 20 Đinh Tiên Hoàng, Q1, TP.HCM",,,
408,47,2025-09-01 14:20:00,"49,109,110,132",395000,completed,cod,"Số 20 Đinh Tiên Hoàng, Q1, TP.HCM",Không hành,,
409,1,2024-10-09 18:29:00,"12,48,76,132",319000,cancelled,zalopay,"Số 8 Hai Bà Trưng, Q1, TP.HCM",Ít cay,,
410,38,2024-05-31 19:37:00,"13,28,44,132",245000,completed,cod,"Số 8 Hai Bà Trưng, Q1, TP.HCM",,,
411,25,2024-12-18 16:16:00,"44,48,97,132",415000,cooking,zalopay,"Số 8 Hai Bà Trưng, Q1, TP.HCM",Ít cay,,
412,44,2024-05-27 19:38:00,"13,28,48,132",235000,delivering,cod,"Số 20 Đinh Tiên Hoàng, Q1, TP.HCM",,,
413,22,2024-10-02 15:01:00,"48,49,95,132",410000,completed,cod,"Số 12 Trần Hưng Đạo, Q5, TP.HCM",Ít cay,,
414,48,2024-08-21 12:19:00,"13,26,49,132",240000,cooking,bank,"Số 12 Trần Hưng Đạo, Q5, TP.HCM",Ít cay,,
415,27,2024-07-11 17:13:00,"13,44,66",210000,cooking,momo,"Số 12 Trần Hưng Đạo, Q5, TP.HCM",,,
416,33,2024-03-08 14:45:00,"38,49,118,132",415000,delivering,cod,"Số 8 Hai Bà Trưng, Q1, TP.HCM",Không hành,,
417,30,2024-02-29 13:02:00,"13,28,48,49,132",295000,completed,bank,"Số 3 Nguyễn Đình Chiểu, Q3, TP.HCM",,,
418,41,2025-04-20 18:25:00,"44,49,96,132",360000,completed,cod,"Số 5 Lê Lợi, Q1, TP.HCM",,,
419,36,2024-06-30 17:37:00,"34,48,117,132",410000,completed,bank,"Số 5 Lê Lợi, Q1, TP.HCM",,,
420,37,2025-01-30 10:10:00,"13,26,49,132",240000,completed,cod,"Số 3 Nguyễn Đình Chiểu, Q3, TP.HCM",,,
421,50,2025-02-23 18:01:00,"44,48,94,132",485000,completed,bank,"Số 5 Lê Lợi, Q1, TP.HCM",,,
422,20,2024-08-17 14:38:00,"13,48,119",230000,completed,bank,"Số 20 Đinh Tiên Hoàng, Q1, TP.HCM",,,
423,34,2025-04-22 14:43:00,"44,102,105,132",590000,cancelled,bank,"Số 8 Hai Bà Trưng, Q1, TP.HCM",,,
424,42,2025-11-09 15:35:00,"13,28,48,132",235000,cancelled,zalopay,"Số 12 Trần Hưng Đạo, Q5, TP.HCM",,,
425,21,2024-12-10 14:40:00,"13,28,44,132",245000,completed,cod,"Số 3 Nguyễn Đình Chiểu, Q3, TP.HCM",,,
426,39,2024-02-28 22:54:00,"48,49,93,132",450000,delivering,bank,"Số 3 Nguyễn Đình Chiểu, Q3, TP.HCM",,,
427,27,2024-10-29 14:58:00,"13,28,48,132",235000,delivering,bank,"Số 3 Nguyễn Đình Chiểu, Q3, TP.HCM",,,
428,47,2025-08-08 13:21:00,"13,48,74",210000,completed,momo,"Số 3 Nguyễn Đình Chiểu, Q3, TP.HCM",Ít cay,,
429,36,2024-06-23 20:56:00,"4,48,74,132",299000,completed,cod,"Số 1 Nguyễn Huệ, Q1, TP.HCM",Ít cay,,
430,49,2026-01-12 22:35:00,"13,28,44,132",245000,completed,bank,"Số 3 Nguyễn Đình Chiểu, Q3, TP.HCM",,,
431,22,2026-02-01 14:26:00,"44,48,94,132",485000,completed,cod,"Số 8 Hai Bà Trưng, Q1, TP.HCM",,,
432,41,2025-04-26 10:55:00,"44,102,105,132",590000,cancelled,zalopay,"Số 8 Hai Bà Trưng, Q1, TP.HCM",,,
433,44,2025-05-27 11:55:00,"48,106,108,132",500000,delivering,momo,"Số 12 Trần Hưng Đạo, Q5, TP.HCM",Ít cay,,
434,22,2024-06-03 12:12:00,"13,27,48,132",195000,delivering,zalopay,"Số 20 Đinh Tiên Hoàng, Q1, TP.HCM",,,
435,32,2024-07-03 22:05:00,"1,48,61,132",330000,completed,cod,"Số 12 Trần Hưng Đạo, Q5, TP.HCM",,,
436,11,2024-08-02 22:49:00,"13,28,48,132",235000,cancelled,cod,"Số 20 Đinh Tiên Hoàng, Q1, TP.HCM",,,
437,28,2025-10-10 16:25:00,"13,28,44,132",245000,cooking,bank,"Số 1 Nguyễn Huệ, Q1, TP.HCM",,,
438,34,2024-01-15 15:48:00,"40,44,123,132",325000,completed,cod,"Số 3 Nguyễn Đình Chiểu, Q3, TP.HCM",,,
439,25,2024-11-15 12:06:00,"44,48,49,95,132",475000,pending,zalopay,"Số 12 Trần Hưng Đạo, Q5, TP.HCM",,,
440,47,2024-11-01 14:29:00,"13,27,48,132",195000,pending,zalopay,"Số 8 Hai Bà Trưng, Q1, TP.HCM",,,
441,32,2024-05-17 15:57:00,"49,109,110,132",395000,completed,cod,"Số 5 Lê Lợi, Q1, TP.HCM",Ít cay,,
442,38,2024-08-04 21:01:00,"13,28,48,49,132",295000,pending,cod,"Số 1 Nguyễn Huệ, Q1, TP.HCM",,,
443,35,2025-10-17 14:49:00,"13,28,48,132",235000,cancelled,cod,"Số 8 Hai Bà Trưng, Q1, TP.HCM",,,
444,8,2024-01-21 10:44:00,"13,28,44,132",245000,delivering,bank,"Số 20 Đinh Tiên Hoàng, Q1, TP.HCM",,,
445,45,2025-12-19 12:13:00,"27,48,125,132",320000,completed,cod,"Số 20 Đinh Tiên Hoàng, Q1, TP.HCM",,,
446,27,2025-09-12 21:08:00,"43,48,119,132",360000,completed,momo,"Số 3 Nguyễn Đình Chiểu, Q3, TP.HCM",Không hành,,
447,39,2024-04-18 17:12:00,"13,28,44,132",245000,completed,cod,"Số 8 Hai Bà Trưng, Q1, TP.HCM",,,
448,36,2024-10-29 12:02:00,"4,48,74,132",299000,cooking,cod,"Số 3 Nguyễn Đình Chiểu, Q3, TP.HCM",Ít cay,,
449,8,2025-11-18 11:58:00,"2,48,49,65,132",430000,cancelled,bank,"Số 5 Lê Lợi, Q1, TP.HCM",,,
450,30,2024-09-19 20:14:00,"38,48,49,118,132",470000,completed,cod,"Số 20 Đinh Tiên Hoàng, Q1, TP.HCM",,,
451,44,2024-02-10 14:23:00,"13,26,49,132",240000,completed,bank,"Số 3 Nguyễn Đình Chiểu, Q3, TP.HCM",,,
452,9,2024-02-16 10:54:00,"13,26,49,132",240000,completed,bank,"Số 12 Trần Hưng Đạo, Q5, TP.HCM",Ít cay,,
453,22,2026-01-20 11:23:00,"13,49,118",255000,completed,cod,"Số 20 Đinh Tiên Hoàng, Q1, TP.HCM",Ít cay,,
454,31,2025-01-29 21:54:00,"44,102,105,132",590000,delivering,cod,"Số 1 Nguyễn Huệ, Q1, TP.HCM",,,
455,38,2024-06-12 11:26:00,"13,27,48,132",195000,cooking,zalopay,"Số 3 Nguyễn Đình Chiểu, Q3, TP.HCM",Ít cay,,
456,2,2026-03-08 15:39:00,"48,49,93,132",450000,completed,bank,"Số 20 Đinh Tiên Hoàng, Q1, TP.HCM",,,
457,21,2024-03-05 14:41:00,"48,103,105,132",420000,completed,momo,"Số 3 Nguyễn Đình Chiểu, Q3, TP.HCM",Không hành,,
458,45,2025-06-15 18:44:00,"13,44,48,61",245000,cancelled,cod,"Số 20 Đinh Tiên Hoàng, Q1, TP.HCM",,,
459,10,2025-11-23 20:24:00,"48,106,108,132",500000,pending,zalopay,"Số 1 Nguyễn Huệ, Q1, TP.HCM",,,
460,11,2025-04-25 17:55:00,"13,43,48,132",215000,completed,bank,"Số 12 Trần Hưng Đạo, Q5, TP.HCM",,,
461,36,2024-02-21 18:14:00,"2,49,65,132",375000,delivering,bank,"Số 5 Lê Lợi, Q1, TP.HCM",,,
462,32,2025-08-09 17:05:00,"44,102,105,132",590000,cooking,bank,"Số 1 Nguyễn Huệ, Q1, TP.HCM",Ít cay,,
463,1,2024-02-06 18:35:00,"13,28,48,132",235000,completed,zalopay,"Số 8 Hai Bà Trưng, Q1, TP.HCM",,,
464,22,2025-11-01 20:29:00,"38,49,118,132",415000,completed,cod,"Số 5 Lê Lợi, Q1, TP.HCM",Ít cay,,
465,46,2025-09-26 19:30:00,"2,49,65,132",375000,completed,bank,"Số 1 Nguyễn Huệ, Q1, TP.HCM",,,
466,36,2025-10-10 22:18:00,"44,48,94,132",485000,pending,bank,"Số 3 Nguyễn Đình Chiểu, Q3, TP.HCM",,,
467,46,2025-05-19 12:52:00,"13,27,48,132",195000,delivering,cod,"Số 12 Trần Hưng Đạo, Q5, TP.HCM",Không hành,,
468,13,2024-08-08 17:52:00,"48,49,93,132",450000,completed,cod,"Số 20 Đinh Tiên Hoàng, Q1, TP.HCM",,,
469,33,2025-04-13 20:37:00,"13,48,119,132",245000,completed,bank,"Số 1 Nguyễn Huệ, Q1, TP.HCM",Không hành,,
470,33,2025-03-19 19:30:00,"13,27,48,132",195000,completed,zalopay,"Số 5 Lê Lợi, Q1, TP.HCM",,,
471,21,2025-09-06 19:56:00,"13,26,49,132",240000,pending,bank,"Số 20 Đinh Tiên Hoàng, Q1, TP.HCM",Không hành,,
472,9,2024-12-17 14:28:00,"48,49,95,132",410000,completed,bank,"Số 8 Hai Bà Trưng, Q1, TP.HCM",Không hành,,
473,48,2025-07-14 15:45:00,"48,49,92,132",430000,pending,cod,"Số 5 Lê Lợi, Q1, TP.HCM",,,
474,44,2025-12-04 15:58:00,"13,49,118",255000,completed,cod,"Số 8 Hai Bà Trưng, Q1, TP.HCM",Không hành,,
475,31,2026-02-18 15:35:00,"1,48,61,132",330000,cancelled,zalopay,"Số 3 Nguyễn Đình Chiểu, Q3, TP.HCM",Ít cay,,
476,34,2025-03-08 22:00:00,"40,44,123,132",325000,completed,cod,"Số 20 Đinh Tiên Hoàng, Q1, TP.HCM",,,
477,11,2024-07-23 14:48:00,"13,27,48,132",195000,completed,cod,"Số 5 Lê Lợi, Q1, TP.HCM",,,
478,40,2025-01-02 17:06:00,"48,49,92,132",430000,pending,cod,"Số 3 Nguyễn Đình Chiểu, Q3, TP.HCM",Không hành,,
479,25,2025-12-10 20:03:00,"11,44,66,132",350000,delivering,bank,"Số 3 Nguyễn Đình Chiểu, Q3, TP.HCM",,,
480,50,2024-07-26 19:55:00,"27,44,48,125,132",385000,cooking,cod,"Số 3 Nguyễn Đình Chiểu, Q3, TP.HCM",,,
481,47,2025-09-09 13:49:00,"13,48,119",230000,completed,cod,"Số 20 Đinh Tiên Hoàng, Q1, TP.HCM",,,
482,25,2026-01-22 18:07:00,"13,26,49,132",240000,completed,bank,"Số 12 Trần Hưng Đạo, Q5, TP.HCM",Không hành,,
483,46,2024-01-06 15:29:00,"44,49,96,132",360000,completed,cod,"Số 5 Lê Lợi, Q1, TP.HCM",,,
484,36,2025-05-17 22:36:00,"13,44,48,119",295000,completed,cod,"Số 3 Nguyễn Đình Chiểu, Q3, TP.HCM",,,
485,33,2025-06-17 11:50:00,"43,48,49,119,132",420000,completed,bank,"Số 8 Hai Bà Trưng, Q1, TP.HCM",Không hành,,
486,22,2024-08-06 20:21:00,"12,48,49,76,132",379000,completed,cod,"Số 5 Lê Lợi, Q1, TP.HCM",Không hành,,
487,1,2025-07-28 22:41:00,"43,48,119,132",360000,completed,bank,"Số 20 Đinh Tiên Hoàng, Q1, TP.HCM",,,
488,21,2024-09-06 10:43:00,"13,49,118",255000,delivering,cod,"Số 20 Đinh Tiên Hoàng, Q1, TP.HCM",,,
489,50,2024-01-26 18:52:00,"40,44,123,132",325000,completed,momo,"Số 8 Hai Bà Trưng, Q1, TP.HCM",Ít cay,,
490,7,2024-11-24 18:05:00,"34,48,49,117,132",470000,completed,momo,"Số 8 Hai Bà Trưng, Q1, TP.HCM",,,
491,7,2025-12-02 16:53:00,"13,27,48,49,132",255000,completed,momo,"Số 3 Nguyễn Đình Chiểu, Q3, TP.HCM",Ít cay,,
492,46,2024-06-06 10:29:00,"13,27,48,132",195000,completed,cod,"Số 1 Nguyễn Huệ, Q1, TP.HCM",,,
493,15,2025-07-25 11:36:00,"13,27,44,48,132",260000,completed,bank,"Số 20 Đinh Tiên Hoàng, Q1, TP.HCM",Ít cay,,
494,8,2024-01-18 16:43:00,"12,48,76,132",319000,pending,cod,"Số 3 Nguyễn Đình Chiểu, Q3, TP.HCM",Không hành,,
495,5,2025-08-22 10:44:00,"13,27,48,132",195000,completed,momo,"Số 1 Nguyễn Huệ, Q1, TP.HCM",,,
496,29,2024-10-15 22:59:00,"48,49,92,132",430000,delivering,bank,"Số 3 Nguyễn Đình Chiểu, Q3, TP.HCM",,,
497,35,2024-05-19 21:25:00,"48,49,106,108,132",560000,completed,cod,"Số 12 Trần Hưng Đạo, Q5, TP.HCM",,,
498,3,2025-07-22 12:07:00,"13,28,48,132",235000,completed,zalopay,"Số 8 Hai Bà Trưng, Q1, TP.HCM",Ít cay,,
499,48,2024-03-28 14:13:00,"40,44,123,132",325000,completed,cod,"Số 20 Đinh Tiên Hoàng, Q1, TP.HCM",Không hành,,
500,8,2025-09-23 14:12:00,"14,27,44,49,132",268000,completed,zalopay,"Số 1 Nguyễn Huệ, Q1, TP.HCM",Không hành,,
501,5,2024-03-15 14:42:00,"44,102,105,132",590000,completed,cod,"Số 5 Lê Lợi, Q1, TP.HCM",Không hành,,
502,42,2024-12-31 12:42:00,"34,48,117,132",410000,completed,cod,"Số 12 Trần Hưng Đạo, Q5, TP.HCM",Không hành,,
503,22,2024-11-21 17:28:00,"13,27,48,132",195000,cancelled,cod,"Số 3 Nguyễn Đình Chiểu, Q3, TP.HCM",Không hành,,
504,28,2025-01-08 22:20:00,"14,27,44,132",208000,completed,cod,"Số 12 Trần Hưng Đạo, Q5, TP.HCM",,,
505,24,2025-10-18 16:17:00,"44,48,94,132",485000,completed,bank,"Số 20 Đinh Tiên Hoàng, Q1, TP.HCM",Ít cay,,
506,7,2024-11-08 17:35:00,"48,105,111,132",370000,completed,zalopay,"Số 1 Nguyễn Huệ, Q1, TP.HCM",,,
507,41,2024-07-20 14:46:00,"14,27,44,132",208000,completed,cod,"Số 1 Nguyễn Huệ, Q1, TP.HCM",Không hành,,
508,38,2025-08-15 16:49:00,"13,28,48,132",235000,completed,cod,"Số 8 Hai Bà Trưng, Q1, TP.HCM",,,
509,50,2025-07-06 17:41:00,"40,44,123,132",325000,completed,bank,"Số 20 Đinh Tiên Hoàng, Q1, TP.HCM",,,
510,33,2024-10-24 12:29:00,"13,48,119",230000,pending,cod,"Số 20 Đinh Tiên Hoàng, Q1, TP.HCM",,,
511,49,2025-09-20 20:10:00,"38,49,118,132",415000,pending,cod,"Số 20 Đinh Tiên Hoàng, Q1, TP.HCM",,,
512,10,2025-08-02 20:55:00,"48,49,93,132",450000,cooking,bank,"Số 1 Nguyễn Huệ, Q1, TP.HCM",,,
513,43,2025-01-13 13:02:00,"34,44,48,117,132",475000,completed,momo,"Số 12 Trần Hưng Đạo, Q5, TP.HCM",Ít cay,,
514,21,2024-02-17 10:41:00,"48,106,108,132",500000,completed,momo,"Số 3 Nguyễn Đình Chiểu, Q3, TP.HCM",,,
515,42,2025-08-06 12:24:00,"44,49,96,132",360000,delivering,bank,"Số 8 Hai Bà Trưng, Q1, TP.HCM",,,
516,23,2024-08-16 18:25:00,"43,48,119,132",360000,completed,bank,"Số 20 Đinh Tiên Hoàng, Q1, TP.HCM",Không hành,,
517,15,2024-05-22 17:10:00,"13,28,48,132",235000,completed,momo,"Số 3 Nguyễn Đình Chiểu, Q3, TP.HCM",,,
518,8,2025-01-05 19:45:00,"44,48,49,94,132",545000,completed,bank,"Số 12 Trần Hưng Đạo, Q5, TP.HCM",,,
519,11,2025-05-05 13:37:00,"48,106,108,132",500000,delivering,cod,"Số 5 Lê Lợi, Q1, TP.HCM",,,
520,33,2024-06-13 12:40:00,"13,28,44,132",245000,completed,zalopay,"Số 5 Lê Lợi, Q1, TP.HCM",,,
521,39,2024-07-03 18:25:00,"13,43,48,132",215000,cancelled,cod,"Số 3 Nguyễn Đình Chiểu, Q3, TP.HCM",,,
522,27,2025-05-08 12:14:00,"13,26,49,132",240000,cancelled,cod,"Số 8 Hai Bà Trưng, Q1, TP.HCM",,,
523,44,2024-09-27 12:46:00,"13,49,118",255000,completed,bank,"Số 8 Hai Bà Trưng, Q1, TP.HCM",Không hành,,
524,13,2024-05-15 11:01:00,"13,27,48,132",195000,pending,momo,"Số 3 Nguyễn Đình Chiểu, Q3, TP.HCM",Ít cay,,
525,40,2024-06-30 17:57:00,"14,27,44,132",208000,cancelled,cod,"Số 8 Hai Bà Trưng, Q1, TP.HCM",Không hành,,
526,1,2025-09-09 18:52:00,"13,28,44,49,132",305000,delivering,momo,"Số 20 Đinh Tiên Hoàng, Q1, TP.HCM",,,
527,31,2025-03-15 13:51:00,"13,27,48,132",195000,delivering,bank,"Số 8 Hai Bà Trưng, Q1, TP.HCM",Không hành,,
528,15,2024-09-17 17:49:00,"13,26,49,132",240000,completed,cod,"Số 8 Hai Bà Trưng, Q1, TP.HCM",Không hành,,
529,1,2024-01-06 21:47:00,"48,103,105,132",420000,cancelled,momo,"Số 1 Nguyễn Huệ, Q1, TP.HCM",Không hành,,
530,21,2024-07-29 21:51:00,"13,28,48,132",235000,delivering,bank,"Số 1 Nguyễn Huệ, Q1, TP.HCM",,,
531,35,2024-09-16 14:54:00,"49,109,110,132",395000,delivering,zalopay,"Số 12 Trần Hưng Đạo, Q5, TP.HCM",Không hành,,
532,27,2025-02-10 22:13:00,"44,48,97,132",415000,pending,momo,"Số 20 Đinh Tiên Hoàng, Q1, TP.HCM",,,
533,37,2025-05-10 14:19:00,"10,48,119,132",319000,completed,bank,"Số 3 Nguyễn Đình Chiểu, Q3, TP.HCM",,,
534,11,2025-04-02 22:44:00,"13,28,44,132",245000,completed,cod,"Số 8 Hai Bà Trưng, Q1, TP.HCM",Ít cay,,
535,46,2025-09-20 21:43:00,"2,49,65,132",375000,completed,cod,"Số 20 Đinh Tiên Hoàng, Q1, TP.HCM",,,
536,6,2025-04-27 19:27:00,"13,26,49,132",240000,completed,cod,"Số 5 Lê Lợi, Q1, TP.HCM",,,
537,26,2026-01-11 16:59:00,"13,26,49,132",240000,cancelled,momo,"Số 12 Trần Hưng Đạo, Q5, TP.HCM",Không hành,,
538,29,2024-06-28 20:31:00,"13,27,48,132",195000,completed,cod,"Số 3 Nguyễn Đình Chiểu, Q3, TP.HCM",Không hành,,
539,3,2025-09-21 12:43:00,"44,48,49,97,132",475000,completed,cod,"Số 3 Nguyễn Đình Chiểu, Q3, TP.HCM",,,
540,43,2026-03-09 16:22:00,"13,43,44,48,132",280000,delivering,bank,"Số 8 Hai Bà Trưng, Q1, TP.HCM",,,
541,47,2024-04-02 18:18:00,"43,48,119,132",360000,pending,zalopay,"Số 12 Trần Hưng Đạo, Q5, TP.HCM",,,
542,1,2025-04-10 16:36:00,"44,48,49,97,132",475000,completed,cod,"Số 20 Đinh Tiên Hoàng, Q1, TP.HCM",Không hành,,
543,8,2025-05-30 14:21:00,"13,28,44,132",245000,pending,cod,"Số 8 Hai Bà Trưng, Q1, TP.HCM",Không hành,,
544,50,2025-01-21 19:30:00,"48,49,95,132",410000,completed,bank,"Số 20 Đinh Tiên Hoàng, Q1, TP.HCM",Ít cay,,
545,5,2025-05-08 11:16:00,"13,48,74",210000,delivering,cod,"Số 3 Nguyễn Đình Chiểu, Q3, TP.HCM",,,
546,1,2024-12-27 18:34:00,"1,48,61,132",330000,completed,cod,"Số 12 Trần Hưng Đạo, Q5, TP.HCM",,,
547,12,2024-12-16 11:35:00,"12,48,76,132",319000,cooking,bank,"Số 12 Trần Hưng Đạo, Q5, TP.HCM",,,
548,13,2026-02-03 20:59:00,"13,48,61",180000,cooking,cod,"Số 5 Lê Lợi, Q1, TP.HCM",,,
549,10,2024-09-12 19:22:00,"44,49,96,132",360000,completed,cod,"Số 1 Nguyễn Huệ, Q1, TP.HCM",Ít cay,,
550,21,2025-05-08 15:39:00,"13,48,49,118",310000,cooking,zalopay,"Số 12 Trần Hưng Đạo, Q5, TP.HCM",Ít cay,,
551,15,2025-06-07 14:25:00,"48,49,93,132",450000,cancelled,cod,"Số 1 Nguyễn Huệ, Q1, TP.HCM",Không hành,,
552,23,2025-07-07 10:32:00,"48,103,105,132",420000,delivering,cod,"Số 20 Đinh Tiên Hoàng, Q1, TP.HCM",,,
553,44,2025-12-06 10:00:00,"43,48,119,132",360000,completed,bank,"Số 8 Hai Bà Trưng, Q1, TP.HCM",,,
554,17,2024-09-22 12:35:00,"1,48,61,132",330000,completed,cod,"Số 20 Đinh Tiên Hoàng, Q1, TP.HCM",Không hành,,
555,27,2025-05-25 16:13:00,"2,49,65,132",375000,completed,bank,"Số 20 Đinh Tiên Hoàng, Q1, TP.HCM",,,
556,7,2025-08-12 20:14:00,"48,49,105,111,132",430000,completed,cod,"Số 8 Hai Bà Trưng, Q1, TP.HCM",Ít cay,,
557,12,2025-04-29 22:00:00,"11,44,49,66,132",410000,delivering,bank,"Số 5 Lê Lợi, Q1, TP.HCM",Không hành,,
558,36,2025-05-13 14:16:00,"40,44,123,132",325000,cancelled,cod,"Số 20 Đinh Tiên Hoàng, Q1, TP.HCM",,,
559,29,2025-05-02 20:06:00,"13,43,44,48,132",280000,completed,cod,"Số 12 Trần Hưng Đạo, Q5, TP.HCM",,,
560,27,2024-09-20 15:01:00,"13,48,61",180000,completed,bank,"Số 3 Nguyễn Đình Chiểu, Q3, TP.HCM",Không hành,,
561,12,2025-10-27 20:34:00,"48,49,93,132",450000,completed,bank,"Số 12 Trần Hưng Đạo, Q5, TP.HCM",Không hành,,
562,40,2025-04-02 11:24:00,"34,48,117,132",410000,completed,bank,"Số 3 Nguyễn Đình Chiểu, Q3, TP.HCM",,,
563,40,2024-12-11 16:40:00,"13,43,48,132",215000,cancelled,bank,"Số 1 Nguyễn Huệ, Q1, TP.HCM",,,
564,19,2024-11-17 15:41:00,"13,43,48,132",215000,completed,zalopay,"Số 3 Nguyễn Đình Chiểu, Q3, TP.HCM",Ít cay,,
565,38,2026-03-10 15:47:00,"44,49,96,132",360000,pending,bank,"Số 20 Đinh Tiên Hoàng, Q1, TP.HCM",,,
566,43,2024-05-08 21:15:00,"48,49,93,132",450000,completed,cod,"Số 5 Lê Lợi, Q1, TP.HCM",,,
567,2,2025-04-29 18:03:00,"12,48,76,132",319000,delivering,momo,"Số 1 Nguyễn Huệ, Q1, TP.HCM",,,
568,25,2024-03-27 20:59:00,"44,49,96,132",360000,completed,cod,"Số 5 Lê Lợi, Q1, TP.HCM",,,
569,11,2024-05-14 18:53:00,"48,105,111,132",370000,completed,cod,"Số 3 Nguyễn Đình Chiểu, Q3, TP.HCM",,,
570,18,2025-04-23 18:59:00,"1,48,61,132",330000,pending,bank,"Số 5 Lê Lợi, Q1, TP.HCM",Không hành,,
571,41,2025-04-12 20:47:00,"48,49,93,132",450000,cancelled,bank,"Số 8 Hai Bà Trưng, Q1, TP.HCM",Không hành,,
572,6,2025-05-08 18:14:00,"48,49,92,132",430000,cooking,cod,"Số 12 Trần Hưng Đạo, Q5, TP.HCM",Ít cay,,
573,49,2024-01-01 18:52:00,"44,48,49,96,132",415000,completed,bank,"Số 12 Trần Hưng Đạo, Q5, TP.HCM",Ít cay,,
574,1,2026-02-12 17:19:00,"40,44,123,132",325000,delivering,cod,"Số 8 Hai Bà Trưng, Q1, TP.HCM",,,
575,36,2024-07-12 16:56:00,"13,28,48,132",235000,delivering,bank,"Số 5 Lê Lợi, Q1, TP.HCM",,,
576,28,2024-08-13 14:05:00,"11,44,66,132",350000,completed,momo,"Số 8 Hai Bà Trưng, Q1, TP.HCM",,,
577,27,2025-06-28 22:17:00,"44,48,97,132",415000,completed,cod,"Số 5 Lê Lợi, Q1, TP.HCM",,,
578,45,2025-09-24 17:17:00,"44,48,97,132",415000,cancelled,bank,"Số 5 Lê Lợi, Q1, TP.HCM",,,
579,18,2024-07-09 11:18:00,"13,28,48,132",235000,completed,bank,"Số 3 Nguyễn Đình Chiểu, Q3, TP.HCM",,,
580,27,2025-05-20 13:21:00,"48,49,95,132",410000,completed,bank,"Số 12 Trần Hưng Đạo, Q5, TP.HCM",Ít cay,,
581,18,2026-02-07 12:03:00,"13,28,48,132",235000,delivering,cod,"Số 8 Hai Bà Trưng, Q1, TP.HCM",Ít cay,,
582,50,2025-01-25 10:07:00,"44,48,49,93,132",515000,completed,bank,"Số 20 Đinh Tiên Hoàng, Q1, TP.HCM",,,
583,31,2025-06-17 20:13:00,"13,28,48,132",235000,delivering,cod,"Số 12 Trần Hưng Đạo, Q5, TP.HCM",,,
584,17,2025-07-16 18:07:00,"13,27,48,132",195000,cooking,cod,"Số 5 Lê Lợi, Q1, TP.HCM",,,
585,41,2024-08-11 11:15:00,"13,27,48,132",195000,delivering,bank,"Số 1 Nguyễn Huệ, Q1, TP.HCM",,,
586,1,2025-02-09 22:15:00,"44,48,97,132",415000,completed,zalopay,"Số 3 Nguyễn Đình Chiểu, Q3, TP.HCM",Ít cay,,
587,6,2024-09-11 12:31:00,"13,48,119",230000,cancelled,bank,"Số 3 Nguyễn Đình Chiểu, Q3, TP.HCM",,,
588,7,2024-06-06 21:34:00,"13,27,48,132",195000,completed,bank,"Số 5 Lê Lợi, Q1, TP.HCM",,,
589,29,2026-02-13 15:51:00,"27,48,125,132",320000,completed,cod,"Số 3 Nguyễn Đình Chiểu, Q3, TP.HCM",Ít cay,,
590,46,2024-09-13 10:31:00,"4,48,74,132",299000,cooking,momo,"Số 12 Trần Hưng Đạo, Q5, TP.HCM",Không hành,,
591,47,2025-07-10 15:20:00,"34,48,49,117,132",470000,cooking,cod,"Số 8 Hai Bà Trưng, Q1, TP.HCM",Không hành,,
592,17,2025-04-05 14:52:00,"13,43,48,49,132",275000,pending,bank,"Số 20 Đinh Tiên Hoàng, Q1, TP.HCM",,,
593,24,2024-07-08 10:39:00,"38,49,118,132",415000,cancelled,cod,"Số 12 Trần Hưng Đạo, Q5, TP.HCM",,,
594,32,2024-07-13 18:43:00,"40,44,123,132",325000,pending,cod,"Số 8 Hai Bà Trưng, Q1, TP.HCM",,,
595,34,2024-11-25 11:06:00,"1,48,61,132",330000,completed,cod,"Số 5 Lê Lợi, Q1, TP.HCM",,,
596,37,2024-07-15 11:02:00,"13,28,48,132",235000,delivering,bank,"Số 8 Hai Bà Trưng, Q1, TP.HCM",Không hành,,
597,46,2025-01-10 13:38:00,"13,48,119",230000,completed,cod,"Số 5 Lê Lợi, Q1, TP.HCM",Ít cay,,
598,36,2025-10-16 10:23:00,"13,26,49,132",240000,delivering,bank,"Số 3 Nguyễn Đình Chiểu, Q3, TP.HCM",,,
599,20,2024-02-11 21:04:00,"13,49,118",255000,completed,cod,"Số 8 Hai Bà Trưng, Q1, TP.HCM",,,
600,13,2025-06-28 16:12:00,"13,26,49,132",240000,pending,cod,"Số 8 Hai Bà Trưng, Q1, TP.HCM",,,
601,50,2025-03-01 21:06:00,"27,48,125,132",320000,cancelled,bank,"Số 3 Nguyễn Đình Chiểu, Q3, TP.HCM",Ít cay,,
602,36,2024-06-19 22:11:00,"49,109,110,132",395000,delivering,momo,"Số 12 Trần Hưng Đạo, Q5, TP.HCM",,,
603,21,2025-03-29 15:57:00,"40,44,123,132",325000,pending,bank,"Số 12 Trần Hưng Đạo, Q5, TP.HCM",Ít cay,,
604,37,2024-11-27 19:15:00,"49,109,110,132",395000,pending,cod,"Số 20 Đinh Tiên Hoàng, Q1, TP.HCM",Không hành,,
605,1,2025-04-08 17:25:00,"48,49,95,132",410000,completed,cod,"Số 8 Hai Bà Trưng, Q1, TP.HCM",,,
606,14,2024-01-07 14:14:00,"43,44,48,119,132",425000,completed,cod,"Số 3 Nguyễn Đình Chiểu, Q3, TP.HCM",,,
607,7,2025-08-07 19:09:00,"27,48,125,132",320000,completed,bank,"Số 12 Trần Hưng Đạo, Q5, TP.HCM",,,
608,17,2025-08-19 13:14:00,"14,27,44,132",208000,completed,cod,"Số 8 Hai Bà Trưng, Q1, TP.HCM",Ít cay,,
609,21,2026-01-21 11:46:00,"13,48,61",180000,cooking,cod,"Số 20 Đinh Tiên Hoàng, Q1, TP.HCM",Không hành,,
610,37,2024-11-03 10:46:00,"13,26,49,132",240000,delivering,cod,"Số 1 Nguyễn Huệ, Q1, TP.HCM",,,
611,8,2025-03-20 16:59:00,"4,48,74,132",299000,completed,zalopay,"Số 1 Nguyễn Huệ, Q1, TP.HCM",Ít cay,,
612,37,2024-02-12 15:34:00,"13,27,48,132",195000,completed,bank,"Số 8 Hai Bà Trưng, Q1, TP.HCM",,,
613,37,2025-04-01 22:38:00,"14,27,44,132",208000,pending,cod,"Số 5 Lê Lợi, Q1, TP.HCM",Ít cay,,
614,6,2024-05-31 12:21:00,"44,48,97,132",415000,cooking,zalopay,"Số 3 Nguyễn Đình Chiểu, Q3, TP.HCM",,,
615,28,2024-03-28 16:32:00,"27,48,125,132",320000,completed,cod,"Số 20 Đinh Tiên Hoàng, Q1, TP.HCM",Không hành,,
616,36,2025-10-29 19:12:00,"48,49,93,132",450000,cancelled,momo,"Số 5 Lê Lợi, Q1, TP.HCM",,,
617,37,2025-03-16 15:43:00,"13,27,48,132",195000,completed,cod,"Số 3 Nguyễn Đình Chiểu, Q3, TP.HCM",Ít cay,,
618,39,2024-07-14 15:22:00,"48,103,105,132",420000,completed,cod,"Số 5 Lê Lợi, Q1, TP.HCM",,,
619,29,2025-03-28 19:09:00,"13,49,118",255000,completed,cod,"Số 5 Lê Lợi, Q1, TP.HCM",,,
620,4,2024-03-28 11:47:00,"14,27,44,132",208000,completed,zalopay,"Số 5 Lê Lợi, Q1, TP.HCM",,,
621,31,2024-04-23 14:28:00,"13,28,48,132",235000,completed,bank,"Số 5 Lê Lợi, Q1, TP.HCM",Không hành,,
622,47,2025-07-15 17:39:00,"44,48,94,132",485000,completed,cod,"Số 20 Đinh Tiên Hoàng, Q1, TP.HCM",Không hành,,
623,45,2024-03-02 14:12:00,"43,48,49,119,132",420000,cancelled,cod,"Số 1 Nguyễn Huệ, Q1, TP.HCM",Ít cay,,
624,7,2025-11-09 20:23:00,"13,28,44,48,132",300000,completed,cod,"Số 3 Nguyễn Đình Chiểu, Q3, TP.HCM",Ít cay,,
625,21,2025-06-04 21:06:00,"44,48,94,132",485000,cooking,zalopay,"Số 8 Hai Bà Trưng, Q1, TP.HCM",,,
626,3,2025-07-28 21:01:00,"48,49,93,132",450000,completed,momo,"Số 12 Trần Hưng Đạo, Q5, TP.HCM",,,
627,44,2024-06-09 10:22:00,"34,48,117,132",410000,completed,bank,"Số 3 Nguyễn Đình Chiểu, Q3, TP.HCM",,,
628,4,2025-05-28 14:51:00,"48,49,95,132",410000,completed,bank,"Số 1 Nguyễn Huệ, Q1, TP.HCM",Không hành,,
629,6,2025-02-06 20:08:00,"44,48,97,132",415000,delivering,momo,"Số 3 Nguyễn Đình Chiểu, Q3, TP.HCM",Không hành,,
630,20,2025-08-09 12:27:00,"44,48,94,132",485000,cancelled,bank,"Số 20 Đinh Tiên Hoàng, Q1, TP.HCM",Không hành,,
631,13,2025-08-17 18:43:00,"13,28,44,49,132",305000,completed,cod,"Số 3 Nguyễn Đình Chiểu, Q3, TP.HCM",Không hành,,
632,37,2026-02-27 12:41:00,"14,27,44,132",208000,completed,bank,"Số 1 Nguyễn Huệ, Q1, TP.HCM",Không hành,,
633,10,2024-05-01 12:20:00,"40,44,123,132",325000,completed,bank,"Số 20 Đinh Tiên Hoàng, Q1, TP.HCM",Ít cay,,
634,10,2025-10-14 21:17:00,"48,49,92,132",430000,completed,cod,"Số 5 Lê Lợi, Q1, TP.HCM",,,
635,39,2025-09-18 19:17:00,"13,28,48,132",235000,cancelled,zalopay,"Số 5 Lê Lợi, Q1, TP.HCM",Không hành,,
636,50,2025-01-02 11:44:00,"44,48,94,132",485000,cooking,cod,"Số 8 Hai Bà Trưng, Q1, TP.HCM",Không hành,,
637,25,2025-01-17 12:54:00,"48,106,108,132",500000,cooking,bank,"Số 5 Lê Lợi, Q1, TP.HCM",,,
638,18,2026-02-21 10:59:00,"48,49,93,132",450000,delivering,cod,"Số 3 Nguyễn Đình Chiểu, Q3, TP.HCM",,,
639,21,2025-09-23 17:44:00,"48,49,93,132",450000,cooking,cod,"Số 20 Đinh Tiên Hoàng, Q1, TP.HCM",Ít cay,,
640,26,2025-01-24 21:20:00,"13,27,48,132",195000,cancelled,zalopay,"Số 8 Hai Bà Trưng, Q1, TP.HCM",Không hành,,
641,34,2025-12-22 22:02:00,"43,48,119,132",360000,completed,bank,"Số 20 Đinh Tiên Hoàng, Q1, TP.HCM",,,
642,36,2025-02-09 21:02:00,"48,49,95,132",410000,delivering,momo,"Số 3 Nguyễn Đình Chiểu, Q3, TP.HCM",,,
643,19,2025-02-11 14:49:00,"48,49,93,132",450000,cooking,cod,"Số 20 Đinh Tiên Hoàng, Q1, TP.HCM",,,
644,10,2025-12-07 18:57:00,"13,44,66",210000,cooking,bank,"Số 1 Nguyễn Huệ, Q1, TP.HCM",Không hành,,
645,29,2025-02-06 16:20:00,"13,28,44,49,132",305000,completed,cod,"Số 20 Đinh Tiên Hoàng, Q1, TP.HCM",Không hành,,
646,45,2024-04-02 14:20:00,"48,49,93,132",450000,completed,cod,"Số 1 Nguyễn Huệ, Q1, TP.HCM",,,
647,25,2024-03-28 18:45:00,"48,105,111,132",370000,pending,zalopay,"Số 5 Lê Lợi, Q1, TP.HCM",Ít cay,,
648,22,2026-02-25 12:58:00,"27,48,125,132",320000,cancelled,cod,"Số 5 Lê Lợi, Q1, TP.HCM",,,
649,20,2024-02-22 16:19:00,"48,49,93,132",450000,cooking,cod,"Số 3 Nguyễn Đình Chiểu, Q3, TP.HCM",,,
650,49,2024-07-26 10:39:00,"13,28,44,132",245000,completed,cod,"Số 20 Đinh Tiên Hoàng, Q1, TP.HCM",Ít cay,,
651,32,2024-01-06 19:56:00,"34,48,117,132",410000,completed,cod,"Số 8 Hai Bà Trưng, Q1, TP.HCM",Ít cay,,
652,1,2024-03-22 19:38:00,"48,105,111,132",370000,completed,momo,"Số 12 Trần Hưng Đạo, Q5, TP.HCM",Không hành,,
653,10,2024-07-31 10:11:00,"27,48,125,132",320000,completed,bank,"Số 1 Nguyễn Huệ, Q1, TP.HCM",,,
654,6,2025-09-09 14:21:00,"13,28,48,132",235000,completed,cod,"Số 20 Đinh Tiên Hoàng, Q1, TP.HCM",,,
655,45,2025-09-17 20:44:00,"13,43,48,132",215000,cancelled,zalopay,"Số 8 Hai Bà Trưng, Q1, TP.HCM",,,
656,50,2025-01-03 10:05:00,"44,102,105,132",590000,completed,bank,"Số 12 Trần Hưng Đạo, Q5, TP.HCM",Ít cay,,
657,31,2025-07-17 11:18:00,"13,27,48,132",195000,completed,cod,"Số 3 Nguyễn Đình Chiểu, Q3, TP.HCM",,,
658,14,2025-06-21 13:44:00,"1,48,61,132",330000,cancelled,cod,"Số 1 Nguyễn Huệ, Q1, TP.HCM",Không hành,,
659,39,2025-05-10 21:44:00,"43,48,119,132",360000,completed,bank,"Số 8 Hai Bà Trưng, Q1, TP.HCM",,,
660,9,2025-09-30 15:59:00,"44,49,96,132",360000,cancelled,zalopay,"Số 20 Đinh Tiên Hoàng, Q1, TP.HCM",Không hành,,
661,46,2024-07-03 19:14:00,"34,48,117,132",410000,completed,cod,"Số 1 Nguyễn Huệ, Q1, TP.HCM",,,
662,14,2024-04-30 21:54:00,"13,28,48,132",235000,cancelled,bank,"Số 20 Đinh Tiên Hoàng, Q1, TP.HCM",,,
663,41,2025-10-14 13:00:00,"2,49,65,132",375000,completed,cod,"Số 12 Trần Hưng Đạo, Q5, TP.HCM",,,
664,1,2025-07-17 15:49:00,"48,49,92,132",430000,completed,bank,"Số 12 Trần Hưng Đạo, Q5, TP.HCM",Ít cay,,
665,22,2024-01-30 12:12:00,"13,48,61",180000,completed,bank,"Số 20 Đinh Tiên Hoàng, Q1, TP.HCM",,,
666,35,2025-10-04 17:57:00,"14,27,44,132",208000,completed,bank,"Số 20 Đinh Tiên Hoàng, Q1, TP.HCM",,,
667,36,2026-01-12 20:20:00,"43,48,119,132",360000,pending,cod,"Số 5 Lê Lợi, Q1, TP.HCM",Không hành,,
668,18,2024-12-28 11:09:00,"2,49,65,132",375000,completed,bank,"Số 20 Đinh Tiên Hoàng, Q1, TP.HCM",Không hành,,
669,8,2025-02-02 12:38:00,"13,43,48,132",215000,completed,bank,"Số 3 Nguyễn Đình Chiểu, Q3, TP.HCM",,,
670,29,2025-05-23 13:23:00,"44,49,96,132",360000,completed,cod,"Số 8 Hai Bà Trưng, Q1, TP.HCM",,,
671,6,2026-03-07 13:58:00,"13,43,48,132",215000,cooking,momo,"Số 1 Nguyễn Huệ, Q1, TP.HCM",Ít cay,,
672,34,2025-05-10 21:55:00,"38,44,49,118,132",480000,completed,bank,"Số 5 Lê Lợi, Q1, TP.HCM",,,
673,3,2024-05-15 13:46:00,"43,48,119,132",360000,cooking,bank,"Số 3 Nguyễn Đình Chiểu, Q3, TP.HCM",Không hành,,
674,6,2025-12-04 19:55:00,"13,28,44,48,132",300000,completed,bank,"Số 1 Nguyễn Huệ, Q1, TP.HCM",,,
675,37,2026-02-02 14:01:00,"43,48,119,132",360000,completed,cod,"Số 12 Trần Hưng Đạo, Q5, TP.HCM",,,
676,29,2025-06-29 15:49:00,"48,49,93,132",450000,completed,cod,"Số 5 Lê Lợi, Q1, TP.HCM",,,
677,36,2024-07-30 18:22:00,"44,48,49,96,132",415000,completed,cod,"Số 5 Lê Lợi, Q1, TP.HCM",,,
678,22,2024-11-14 19:57:00,"13,48,61",180000,pending,bank,"Số 1 Nguyễn Huệ, Q1, TP.HCM",,,
679,25,2025-11-22 10:06:00,"13,28,48,132",235000,completed,cod,"Số 20 Đinh Tiên Hoàng, Q1, TP.HCM",Ít cay,,
680,45,2025-08-29 20:53:00,"48,49,93,132",450000,cooking,zalopay,"Số 12 Trần Hưng Đạo, Q5, TP.HCM",,,
681,35,2025-12-31 22:42:00,"2,49,65,132",375000,completed,bank,"Số 8 Hai Bà Trưng, Q1, TP.HCM",,,
682,30,2025-12-16 17:06:00,"13,26,49,132",240000,completed,bank,"Số 20 Đinh Tiên Hoàng, Q1, TP.HCM",,,
683,45,2025-01-07 16:11:00,"44,48,94,132",485000,completed,bank,"Số 20 Đinh Tiên Hoàng, Q1, TP.HCM",Ít cay,,
684,11,2024-12-25 17:29:00,"13,28,48,132",235000,completed,bank,"Số 8 Hai Bà Trưng, Q1, TP.HCM",Không hành,,
685,7,2025-02-19 21:50:00,"13,28,44,132",245000,completed,momo,"Số 3 Nguyễn Đình Chiểu, Q3, TP.HCM",,,
686,16,2025-02-14 19:26:00,"48,49,92,132",430000,cancelled,cod,"Số 8 Hai Bà Trưng, Q1, TP.HCM",,,
687,45,2024-12-14 13:52:00,"48,106,108,132",500000,cancelled,bank,"Số 20 Đinh Tiên Hoàng, Q1, TP.HCM",Không hành,,
688,43,2024-08-29 12:42:00,"2,49,65,132",375000,completed,zalopay,"Số 20 Đinh Tiên Hoàng, Q1, TP.HCM",,,
689,29,2024-11-29 18:06:00,"13,48,119",230000,completed,cod,"Số 20 Đinh Tiên Hoàng, Q1, TP.HCM",,,
690,43,2024-12-01 17:41:00,"13,48,119,132",245000,completed,cod,"Số 5 Lê Lợi, Q1, TP.HCM",,,
691,49,2025-10-13 22:00:00,"13,48,74",210000,completed,cod,"Số 20 Đinh Tiên Hoàng, Q1, TP.HCM",Không hành,,
692,14,2025-08-14 17:12:00,"44,48,97,132",415000,completed,cod,"Số 8 Hai Bà Trưng, Q1, TP.HCM",,,
693,1,2024-12-18 11:37:00,"49,109,110,132",395000,cancelled,momo,"Số 20 Đinh Tiên Hoàng, Q1, TP.HCM",,,
694,23,2024-01-01 21:35:00,"44,48,97,132",415000,completed,cod,"Số 1 Nguyễn Huệ, Q1, TP.HCM",,,
695,46,2025-02-07 20:20:00,"49,109,110,132",395000,delivering,bank,"Số 20 Đinh Tiên Hoàng, Q1, TP.HCM",Ít cay,,
696,36,2025-05-01 12:12:00,"27,48,49,125,132",380000,delivering,bank,"Số 20 Đinh Tiên Hoàng, Q1, TP.HCM",,,
697,1,2025-11-17 12:08:00,"44,48,97,132",415000,completed,cod,"Số 5 Lê Lợi, Q1, TP.HCM",Ít cay,,
698,42,2024-05-19 11:08:00,"49,109,110,132",395000,delivering,bank,"Số 3 Nguyễn Đình Chiểu, Q3, TP.HCM",Không hành,,
699,36,2025-04-10 18:27:00,"49,109,110,132",395000,cooking,bank,"Số 12 Trần Hưng Đạo, Q5, TP.HCM",,,
700,47,2024-01-08 19:31:00,"48,49,93,132",450000,completed,momo,"Số 12 Trần Hưng Đạo, Q5, TP.HCM",Ít cay,,
701,31,2024-02-04 10:36:00,"27,48,125,132",320000,completed,cod,"Số 8 Hai Bà Trưng, Q1, TP.HCM",Ít cay,,
702,34,2025-04-21 18:05:00,"13,26,44,49,132",305000,cancelled,cod,"Số 5 Lê Lợi, Q1, TP.HCM",Ít cay,,
703,20,2025-07-06 22:37:00,"13,26,49,132",240000,cancelled,cod,"Số 12 Trần Hưng Đạo, Q5, TP.HCM",Không hành,,
704,47,2025-06-08 17:36:00,"13,28,48,132",235000,completed,bank,"Số 12 Trần Hưng Đạo, Q5, TP.HCM",,,
705,17,2026-01-14 22:36:00,"44,48,97,132",415000,completed,bank,"Số 8 Hai Bà Trưng, Q1, TP.HCM",,,
706,19,2026-01-25 19:01:00,"13,44,48,61",245000,cooking,cod,"Số 5 Lê Lợi, Q1, TP.HCM",Không hành,,
707,40,2024-10-11 14:08:00,"13,26,49,132",240000,completed,cod,"Số 12 Trần Hưng Đạo, Q5, TP.HCM",,,
708,43,2025-08-28 21:09:00,"13,28,44,132",245000,cooking,bank,"Số 5 Lê Lợi, Q1, TP.HCM",,,
709,6,2025-06-24 10:21:00,"48,49,95,132",410000,completed,zalopay,"Số 5 Lê Lợi, Q1, TP.HCM",Ít cay,,
710,47,2024-08-31 20:28:00,"48,103,105,132",420000,completed,cod,"Số 8 Hai Bà Trưng, Q1, TP.HCM",,,
711,11,2026-02-12 11:03:00,"13,27,48,132",195000,cooking,bank,"Số 20 Đinh Tiên Hoàng, Q1, TP.HCM",,,
712,25,2026-02-09 18:14:00,"48,106,108,132",500000,delivering,bank,"Số 12 Trần Hưng Đạo, Q5, TP.HCM",,,
713,29,2024-01-13 14:59:00,"43,48,119,132",360000,delivering,bank,"Số 8 Hai Bà Trưng, Q1, TP.HCM",,,
714,28,2025-10-14 15:54:00,"13,26,49,132",240000,cancelled,cod,"Số 12 Trần Hưng Đạo, Q5, TP.HCM",,,
715,26,2024-09-18 20:37:00,"44,49,96,132",360000,cooking,cod,"Số 3 Nguyễn Đình Chiểu, Q3, TP.HCM",Không hành,,
716,21,2025-11-24 21:11:00,"48,49,93,132",450000,pending,cod,"Số 3 Nguyễn Đình Chiểu, Q3, TP.HCM",,,
717,29,2025-06-21 11:43:00,"13,27,48,132",195000,completed,cod,"Số 3 Nguyễn Đình Chiểu, Q3, TP.HCM",,,
718,39,2025-09-26 11:03:00,"48,49,95,132",410000,completed,zalopay,"Số 3 Nguyễn Đình Chiểu, Q3, TP.HCM",,,
719,42,2025-01-19 20:48:00,"13,28,44,49,132",305000,cancelled,cod,"Số 1 Nguyễn Huệ, Q1, TP.HCM",,,
720,30,2025-11-07 11:40:00,"48,49,95,132",410000,completed,bank,"Số 3 Nguyễn Đình Chiểu, Q3, TP.HCM",,,
721,25,2024-10-10 22:03:00,"44,48,49,96,132",415000,delivering,bank,"Số 1 Nguyễn Huệ, Q1, TP.HCM",,,
722,26,2025-05-18 13:39:00,"44,48,49,96,132",415000,completed,bank,"Số 1 Nguyễn Huệ, Q1, TP.HCM",,,
723,7,2024-08-11 19:41:00,"40,44,123,132",325000,cooking,cod,"Số 1 Nguyễn Huệ, Q1, TP.HCM",,,
724,32,2026-03-06 17:01:00,"13,27,44,48,132",260000,completed,cod,"Số 1 Nguyễn Huệ, Q1, TP.HCM",Ít cay,,
725,33,2025-02-04 19:00:00,"44,49,96,132",360000,cooking,bank,"Số 20 Đinh Tiên Hoàng, Q1, TP.HCM",Ít cay,,
726,50,2024-01-04 16:44:00,"13,27,48,132",195000,cooking,cod,"Số 8 Hai Bà Trưng, Q1, TP.HCM",Không hành,,
727,41,2024-11-06 16:03:00,"4,48,74,132",299000,completed,bank,"Số 8 Hai Bà Trưng, Q1, TP.HCM",,,
728,42,2026-02-17 22:18:00,"13,26,49,132",240000,completed,cod,"Số 8 Hai Bà Trưng, Q1, TP.HCM",,,
729,7,2024-11-02 21:24:00,"11,44,66,132",350000,completed,bank,"Số 1 Nguyễn Huệ, Q1, TP.HCM",Ít cay,,
730,16,2024-01-26 21:37:00,"48,49,93,132",450000,cooking,bank,"Số 1 Nguyễn Huệ, Q1, TP.HCM",Không hành,,
731,22,2025-04-05 10:02:00,"48,49,92,132",430000,completed,bank,"Số 3 Nguyễn Đình Chiểu, Q3, TP.HCM",,,
732,48,2025-11-25 18:09:00,"12,48,76,132",319000,cancelled,cod,"Số 1 Nguyễn Huệ, Q1, TP.HCM",,,
733,40,2024-01-20 17:58:00,"14,27,44,132",208000,completed,cod,"Số 3 Nguyễn Đình Chiểu, Q3, TP.HCM",,,
734,30,2024-11-10 22:06:00,"13,28,48,132",235000,cancelled,cod,"Số 8 Hai Bà Trưng, Q1, TP.HCM",,,
735,28,2024-03-05 22:12:00,"13,28,44,49,132",305000,completed,bank,"Số 12 Trần Hưng Đạo, Q5, TP.HCM",,,
736,49,2024-11-25 22:13:00,"13,48,74",210000,completed,zalopay,"Số 5 Lê Lợi, Q1, TP.HCM",,,
737,45,2026-02-14 16:10:00,"13,27,48,49,132",255000,completed,momo,"Số 5 Lê Lợi, Q1, TP.HCM",Ít cay,,
738,41,2024-02-11 12:06:00,"48,49,95,132",410000,cancelled,bank,"Số 5 Lê Lợi, Q1, TP.HCM",,,
739,42,2024-07-02 11:45:00,"34,48,117,132",410000,cancelled,cod,"Số 20 Đinh Tiên Hoàng, Q1, TP.HCM",Ít cay,,
740,16,2025-06-19 17:26:00,"13,28,44,132",245000,completed,zalopay,"Số 3 Nguyễn Đình Chiểu, Q3, TP.HCM",,,
741,20,2025-09-18 11:40:00,"13,48,119,132",245000,completed,bank,"Số 1 Nguyễn Huệ, Q1, TP.HCM",Không hành,,
742,49,2025-09-25 15:55:00,"48,49,95,132",410000,pending,momo,"Số 5 Lê Lợi, Q1, TP.HCM",Ít cay,,
743,10,2024-07-17 11:50:00,"44,48,94,132",485000,cooking,bank,"Số 5 Lê Lợi, Q1, TP.HCM",,,
744,17,2024-10-18 13:27:00,"13,27,44,48,132",260000,completed,zalopay,"Số 20 Đinh Tiên Hoàng, Q1, TP.HCM",,,
745,2,2025-07-04 12:10:00,"13,26,49,132",240000,cooking,momo,"Số 1 Nguyễn Huệ, Q1, TP.HCM",,,
746,27,2025-08-29 19:20:00,"48,49,95,132",410000,completed,bank,"Số 5 Lê Lợi, Q1, TP.HCM",,,
747,13,2026-01-25 16:55:00,"1,48,49,61,132",390000,delivering,cod,"Số 1 Nguyễn Huệ, Q1, TP.HCM",Ít cay,,
748,40,2025-03-22 12:13:00,"13,48,74",210000,cooking,cod,"Số 20 Đinh Tiên Hoàng, Q1, TP.HCM",,,
749,18,2024-07-17 20:22:00,"14,27,44,132",208000,completed,bank,"Số 5 Lê Lợi, Q1, TP.HCM",,,
750,27,2024-04-23 17:29:00,"13,48,49,61",240000,completed,bank,"Số 5 Lê Lợi, Q1, TP.HCM",,,
751,15,2025-08-14 18:54:00,"13,44,49,66",270000,completed,bank,"Số 8 Hai Bà Trưng, Q1, TP.HCM",Ít cay,,
752,47,2025-04-18 14:00:00,"44,48,94,132",485000,delivering,cod,"Số 5 Lê Lợi, Q1, TP.HCM",,,
753,37,2025-08-28 12:58:00,"49,109,110,132",395000,completed,bank,"Số 1 Nguyễn Huệ, Q1, TP.HCM",,,
754,34,2025-05-31 10:27:00,"48,106,108,132",500000,delivering,bank,"Số 3 Nguyễn Đình Chiểu, Q3, TP.HCM",,,
755,1,2024-03-26 18:48:00,"48,105,111,132",370000,delivering,cod,"Số 5 Lê Lợi, Q1, TP.HCM",,,
756,20,2024-01-17 17:42:00,"48,49,92,132",430000,completed,bank,"Số 8 Hai Bà Trưng, Q1, TP.HCM",Không hành,,
757,46,2025-04-19 22:08:00,"13,28,48,132",235000,delivering,cod,"Số 12 Trần Hưng Đạo, Q5, TP.HCM",Ít cay,,
758,45,2024-03-13 16:57:00,"13,28,48,132",235000,completed,momo,"Số 1 Nguyễn Huệ, Q1, TP.HCM",,,
759,37,2025-12-15 19:34:00,"49,109,110,132",395000,completed,cod,"Số 8 Hai Bà Trưng, Q1, TP.HCM",,,
760,4,2025-11-21 15:56:00,"13,27,48,132",195000,completed,bank,"Số 12 Trần Hưng Đạo, Q5, TP.HCM",Ít cay,,
761,46,2024-06-28 20:35:00,"13,44,49,118",320000,completed,momo,"Số 3 Nguyễn Đình Chiểu, Q3, TP.HCM",,,
762,42,2024-09-01 18:07:00,"14,27,44,132",208000,cooking,zalopay,"Số 3 Nguyễn Đình Chiểu, Q3, TP.HCM",,,
763,28,2024-09-30 18:43:00,"44,48,94,132",485000,completed,cod,"Số 1 Nguyễn Huệ, Q1, TP.HCM",,,
764,8,2025-05-28 18:53:00,"2,49,65,132",375000,cooking,momo,"Số 3 Nguyễn Đình Chiểu, Q3, TP.HCM",Không hành,,
765,45,2025-01-11 22:43:00,"44,48,97,132",415000,completed,cod,"Số 20 Đinh Tiên Hoàng, Q1, TP.HCM",,,
766,7,2024-07-02 14:04:00,"13,26,49,132",240000,completed,cod,"Số 1 Nguyễn Huệ, Q1, TP.HCM",,,
767,19,2025-06-17 20:01:00,"34,48,49,117,132",470000,delivering,momo,"Số 5 Lê Lợi, Q1, TP.HCM",Ít cay,,
768,19,2026-01-25 20:01:00,"2,49,65,132",375000,completed,cod,"Số 1 Nguyễn Huệ, Q1, TP.HCM",,,
769,42,2025-02-25 19:21:00,"43,48,119,132",360000,completed,bank,"Số 8 Hai Bà Trưng, Q1, TP.HCM",Không hành,,
770,20,2024-11-07 19:08:00,"27,48,125,132",320000,completed,cod,"Số 5 Lê Lợi, Q1, TP.HCM",Ít cay,,
771,23,2026-02-27 10:09:00,"10,48,119,132",319000,completed,bank,"Số 5 Lê Lợi, Q1, TP.HCM",Không hành,,
772,46,2024-10-19 12:11:00,"13,43,48,132",215000,completed,cod,"Số 5 Lê Lợi, Q1, TP.HCM",,,
773,17,2025-08-11 12:28:00,"13,27,48,132",195000,completed,cod,"Số 5 Lê Lợi, Q1, TP.HCM",Không hành,,
774,29,2024-12-18 12:23:00,"13,28,48,132",235000,pending,cod,"Số 8 Hai Bà Trưng, Q1, TP.HCM",,,
775,10,2025-02-18 17:49:00,"13,28,44,132",245000,cooking,bank,"Số 5 Lê Lợi, Q1, TP.HCM",,,
776,19,2024-12-05 20:45:00,"27,48,125,132",320000,cooking,cod,"Số 8 Hai Bà Trưng, Q1, TP.HCM",,,
777,8,2025-03-28 15:44:00,"13,48,61",180000,cooking,cod,"Số 5 Lê Lợi, Q1, TP.HCM",Không hành,,
778,15,2025-02-15 19:53:00,"13,28,44,132",245000,cooking,bank,"Số 1 Nguyễn Huệ, Q1, TP.HCM",,,
779,15,2024-07-18 19:33:00,"13,27,48,132",195000,completed,cod,"Số 1 Nguyễn Huệ, Q1, TP.HCM",,,
780,33,2025-11-24 20:05:00,"40,44,123,132",325000,delivering,cod,"Số 20 Đinh Tiên Hoàng, Q1, TP.HCM",,,
781,26,2024-02-27 20:23:00,"13,44,66",210000,completed,bank,"Số 12 Trần Hưng Đạo, Q5, TP.HCM",Ít cay,,
782,36,2024-12-25 14:28:00,"10,44,48,119,132",384000,completed,cod,"Số 3 Nguyễn Đình Chiểu, Q3, TP.HCM",Ít cay,,
783,47,2024-10-22 12:51:00,"48,103,105,132",420000,delivering,bank,"Số 5 Lê Lợi, Q1, TP.HCM",Không hành,,
784,34,2024-11-06 17:55:00,"13,48,49,119",290000,completed,cod,"Số 8 Hai Bà Trưng, Q1, TP.HCM",Ít cay,,
785,30,2025-02-28 12:35:00,"13,26,44,49,132",305000,cancelled,cod,"Số 5 Lê Lợi, Q1, TP.HCM",,,
786,20,2025-05-17 10:52:00,"11,44,66,132",350000,cancelled,cod,"Số 20 Đinh Tiên Hoàng, Q1, TP.HCM",Không hành,,
787,41,2024-06-06 14:19:00,"44,48,102,105,132",645000,cooking,cod,"Số 3 Nguyễn Đình Chiểu, Q3, TP.HCM",,,
788,18,2024-01-30 11:48:00,"48,49,103,105,132",480000,cooking,cod,"Số 8 Hai Bà Trưng, Q1, TP.HCM",,,
789,44,2025-03-22 14:40:00,"13,48,74",210000,cooking,cod,"Số 12 Trần Hưng Đạo, Q5, TP.HCM",Không hành,,
790,10,2024-06-15 19:03:00,"13,44,48,74",275000,completed,bank,"Số 3 Nguyễn Đình Chiểu, Q3, TP.HCM",,,
791,23,2025-01-04 16:40:00,"4,44,48,74,132",364000,completed,cod,"Số 12 Trần Hưng Đạo, Q5, TP.HCM",Không hành,,
792,49,2026-02-23 20:11:00,"13,26,49,132",240000,completed,zalopay,"Số 5 Lê Lợi, Q1, TP.HCM",Không hành,,
793,18,2025-12-02 22:19:00,"1,48,61,132",330000,completed,cod,"Số 8 Hai Bà Trưng, Q1, TP.HCM",Không hành,,
794,19,2024-01-14 12:33:00,"4,48,74,132",299000,completed,bank,"Số 20 Đinh Tiên Hoàng, Q1, TP.HCM",,,
795,13,2025-05-30 13:53:00,"13,43,48,49,132",275000,pending,zalopay,"Số 3 Nguyễn Đình Chiểu, Q3, TP.HCM",Không hành,,
796,8,2025-12-20 22:51:00,"40,44,123,132",325000,delivering,bank,"Số 1 Nguyễn Huệ, Q1, TP.HCM",,,
797,45,2025-05-06 15:19:00,"13,28,44,132",245000,completed,cod,"Số 20 Đinh Tiên Hoàng, Q1, TP.HCM",Không hành,,
798,20,2024-12-16 12:45:00,"43,48,119,132",360000,completed,cod,"Số 5 Lê Lợi, Q1, TP.HCM",,,
799,9,2024-11-10 12:13:00,"14,27,44,132",208000,completed,bank,"Số 3 Nguyễn Đình Chiểu, Q3, TP.HCM",,,
800,13,2026-02-14 16:02:00,"13,26,49,132",240000,completed,cod,"Số 3 Nguyễn Đình Chiểu, Q3, TP.HCM",Không hành,,
801,20,2024-09-16 10:04:00,"13,48,119",230000,completed,cod,"Số 1 Nguyễn Huệ, Q1, TP.HCM",Không hành,,
802,23,2024-07-23 12:42:00,"44,48,94,132",485000,completed,cod,"Số 5 Lê Lợi, Q1, TP.HCM",,,
803,47,2024-06-13 18:49:00,"13,48,74",210000,cancelled,cod,"Số 8 Hai Bà Trưng, Q1, TP.HCM",Không hành,,
804,13,2025-06-25 13:45:00,"13,27,48,132",195000,completed,cod,"Số 8 Hai Bà Trưng, Q1, TP.HCM",,,
805,24,2025-05-31 21:30:00,"13,26,49,132",240000,cancelled,cod,"Số 20 Đinh Tiên Hoàng, Q1, TP.HCM",,,
806,33,2025-01-23 16:13:00,"48,49,93,132",450000,completed,bank,"Số 1 Nguyễn Huệ, Q1, TP.HCM",,,
807,49,2025-06-16 12:31:00,"13,28,44,132",245000,completed,cod,"Số 8 Hai Bà Trưng, Q1, TP.HCM",,,
808,30,2024-04-28 16:18:00,"13,26,49,132",240000,cancelled,cod,"Số 3 Nguyễn Đình Chiểu, Q3, TP.HCM",Ít cay,,
809,5,2024-10-24 16:12:00,"44,48,94,132",485000,cooking,bank,"Số 5 Lê Lợi, Q1, TP.HCM",,,
810,43,2025-02-09 17:33:00,"34,48,117,132",410000,completed,cod,"Số 5 Lê Lợi, Q1, TP.HCM",Ít cay,,
811,11,2024-04-14 21:59:00,"12,48,76,132",319000,completed,bank,"Số 5 Lê Lợi, Q1, TP.HCM",,,
812,28,2025-02-17 11:14:00,"48,49,93,132",450000,cooking,cod,"Số 3 Nguyễn Đình Chiểu, Q3, TP.HCM",Không hành,,
813,31,2025-10-21 16:22:00,"13,48,119",230000,cancelled,bank,"Số 20 Đinh Tiên Hoàng, Q1, TP.HCM",Không hành,,
814,32,2024-04-20 11:16:00,"44,48,97,132",415000,cooking,cod,"Số 3 Nguyễn Đình Chiểu, Q3, TP.HCM",,,
815,2,2024-03-10 17:43:00,"13,28,48,132",235000,completed,bank,"Số 8 Hai Bà Trưng, Q1, TP.HCM",,,
816,5,2025-09-30 11:48:00,"14,27,44,132",208000,pending,bank,"Số 20 Đinh Tiên Hoàng, Q1, TP.HCM",,,
817,35,2025-05-17 18:16:00,"44,48,97,132",415000,completed,momo,"Số 8 Hai Bà Trưng, Q1, TP.HCM",,,
818,21,2024-05-01 16:28:00,"13,28,48,132",235000,delivering,bank,"Số 20 Đinh Tiên Hoàng, Q1, TP.HCM",,,
819,28,2025-12-24 12:31:00,"13,28,44,48,132",300000,completed,cod,"Số 3 Nguyễn Đình Chiểu, Q3, TP.HCM",Ít cay,,
820,43,2025-08-05 20:31:00,"34,48,117,132",410000,pending,momo,"Số 8 Hai Bà Trưng, Q1, TP.HCM",Ít cay,,
821,26,2024-06-09 18:03:00,"48,106,108,132",500000,completed,bank,"Số 8 Hai Bà Trưng, Q1, TP.HCM",Ít cay,,
822,4,2026-02-23 14:20:00,"13,49,118",255000,completed,zalopay,"Số 1 Nguyễn Huệ, Q1, TP.HCM",,,
823,49,2026-01-29 19:01:00,"10,48,119,132",319000,completed,bank,"Số 1 Nguyễn Huệ, Q1, TP.HCM",Ít cay,,
824,43,2025-02-25 15:03:00,"2,49,65,132",375000,completed,cod,"Số 5 Lê Lợi, Q1, TP.HCM",,,
825,11,2024-11-08 11:21:00,"13,48,119",230000,completed,momo,"Số 12 Trần Hưng Đạo, Q5, TP.HCM",,,
826,27,2025-03-08 19:32:00,"44,102,105,132",590000,completed,cod,"Số 3 Nguyễn Đình Chiểu, Q3, TP.HCM",Ít cay,,
827,21,2025-01-21 19:24:00,"13,44,48,119",295000,cancelled,cod,"Số 20 Đinh Tiên Hoàng, Q1, TP.HCM",,,
828,43,2025-05-29 22:48:00,"44,48,94,132",485000,completed,cod,"Số 8 Hai Bà Trưng, Q1, TP.HCM",,,
829,5,2024-07-25 17:40:00,"10,48,119,132",319000,pending,cod,"Số 12 Trần Hưng Đạo, Q5, TP.HCM",,,
830,15,2025-08-10 16:51:00,"13,27,48,132",195000,cancelled,cod,"Số 3 Nguyễn Đình Chiểu, Q3, TP.HCM",Không hành,,
831,34,2024-10-06 11:36:00,"13,26,49,132",240000,cooking,bank,"Số 5 Lê Lợi, Q1, TP.HCM",,,
832,20,2024-11-05 18:51:00,"13,26,49,132",240000,delivering,momo,"Số 12 Trần Hưng Đạo, Q5, TP.HCM",,,
833,43,2025-10-01 18:29:00,"48,103,105,132",420000,pending,cod,"Số 1 Nguyễn Huệ, Q1, TP.HCM",Không hành,,
834,48,2024-08-06 20:52:00,"48,49,93,132",450000,cooking,cod,"Số 3 Nguyễn Đình Chiểu, Q3, TP.HCM",Không hành,,
835,41,2025-03-20 19:46:00,"13,49,118",255000,completed,momo,"Số 5 Lê Lợi, Q1, TP.HCM",,,
836,20,2026-02-03 20:48:00,"44,49,102,105,132",650000,delivering,bank,"Số 12 Trần Hưng Đạo, Q5, TP.HCM",,,
837,11,2024-09-30 14:41:00,"48,49,93,132",450000,completed,zalopay,"Số 5 Lê Lợi, Q1, TP.HCM",Ít cay,,
838,20,2024-01-29 13:51:00,"48,49,95,132",410000,cooking,bank,"Số 8 Hai Bà Trưng, Q1, TP.HCM",Ít cay,,
839,18,2024-02-07 13:10:00,"48,103,105,132",420000,completed,cod,"Số 12 Trần Hưng Đạo, Q5, TP.HCM",,,
840,2,2026-01-09 17:50:00,"27,48,125,132",320000,completed,cod,"Số 12 Trần Hưng Đạo, Q5, TP.HCM",Không hành,,
841,43,2025-02-20 15:42:00,"48,49,92,132",430000,completed,bank,"Số 3 Nguyễn Đình Chiểu, Q3, TP.HCM",,,
842,38,2025-06-18 20:53:00,"48,49,95,132",410000,pending,cod,"Số 20 Đinh Tiên Hoàng, Q1, TP.HCM",,,
843,22,2026-03-02 22:20:00,"48,49,95,132",410000,cancelled,bank,"Số 3 Nguyễn Đình Chiểu, Q3, TP.HCM",,,
844,29,2024-06-28 13:17:00,"48,103,105,132",420000,delivering,cod,"Số 8 Hai Bà Trưng, Q1, TP.HCM",,,
845,35,2025-12-17 11:20:00,"34,48,117,132",410000,delivering,bank,"Số 3 Nguyễn Đình Chiểu, Q3, TP.HCM",,,
846,46,2024-05-28 15:30:00,"44,48,97,132",415000,completed,cod,"Số 1 Nguyễn Huệ, Q1, TP.HCM",Không hành,,
847,45,2025-11-09 22:03:00,"13,28,48,132",235000,completed,cod,"Số 8 Hai Bà Trưng, Q1, TP.HCM",Ít cay,,
848,44,2025-12-18 15:57:00,"48,49,92,132",430000,completed,momo,"Số 5 Lê Lợi, Q1, TP.HCM",Ít cay,,
849,49,2024-09-18 14:05:00,"11,44,66,132",350000,completed,cod,"Số 5 Lê Lợi, Q1, TP.HCM",,,
850,3,2026-02-24 20:26:00,"49,109,110,132",395000,completed,cod,"Số 20 Đinh Tiên Hoàng, Q1, TP.HCM",Ít cay,,
851,7,2024-12-06 21:27:00,"48,103,105,132",420000,completed,cod,"Số 8 Hai Bà Trưng, Q1, TP.HCM",,,
852,21,2026-01-16 18:47:00,"4,48,74,132",299000,cooking,cod,"Số 1 Nguyễn Huệ, Q1, TP.HCM",,,
853,13,2024-05-19 10:25:00,"48,105,111,132",370000,completed,bank,"Số 8 Hai Bà Trưng, Q1, TP.HCM",,,
854,21,2025-08-31 20:26:00,"13,28,44,49,132",305000,cooking,bank,"Số 3 Nguyễn Đình Chiểu, Q3, TP.HCM",,,
855,27,2024-10-15 13:05:00,"44,49,96,132",360000,completed,cod,"Số 20 Đinh Tiên Hoàng, Q1, TP.HCM",Ít cay,,
856,41,2025-07-25 20:39:00,"13,48,61",180000,completed,cod,"Số 20 Đinh Tiên Hoàng, Q1, TP.HCM",,,
857,40,2024-06-21 10:25:00,"44,49,96,132",360000,delivering,zalopay,"Số 12 Trần Hưng Đạo, Q5, TP.HCM",,,
858,1,2024-06-23 19:07:00,"13,26,49,132",240000,pending,bank,"Số 20 Đinh Tiên Hoàng, Q1, TP.HCM",Ít cay,,
859,19,2024-07-14 22:17:00,"13,28,44,49,132",305000,cooking,bank,"Số 5 Lê Lợi, Q1, TP.HCM",Ít cay,,
860,13,2024-10-16 21:43:00,"44,48,94,132",485000,delivering,cod,"Số 20 Đinh Tiên Hoàng, Q1, TP.HCM",,,
861,29,2024-09-25 13:39:00,"13,28,48,132",235000,completed,bank,"Số 8 Hai Bà Trưng, Q1, TP.HCM",Ít cay,,
862,44,2024-11-27 21:25:00,"13,26,49,132",240000,completed,bank,"Số 3 Nguyễn Đình Chiểu, Q3, TP.HCM",Ít cay,,
863,4,2024-04-07 18:03:00,"13,48,119",230000,completed,cod,"Số 20 Đinh Tiên Hoàng, Q1, TP.HCM",,,
864,3,2025-09-04 21:47:00,"13,44,66",210000,completed,cod,"Số 8 Hai Bà Trưng, Q1, TP.HCM",Không hành,,
865,9,2025-02-08 20:23:00,"11,44,66,132",350000,pending,cod,"Số 8 Hai Bà Trưng, Q1, TP.HCM",,,
866,6,2024-12-13 17:08:00,"44,49,96,132",360000,completed,momo,"Số 20 Đinh Tiên Hoàng, Q1, TP.HCM",,,
867,18,2024-05-10 17:55:00,"44,48,49,96,132",415000,completed,bank,"Số 12 Trần Hưng Đạo, Q5, TP.HCM",,,
868,28,2024-09-27 18:20:00,"13,44,66",210000,completed,bank,"Số 3 Nguyễn Đình Chiểu, Q3, TP.HCM",Ít cay,,
869,29,2025-11-04 20:51:00,"14,27,44,132",208000,completed,cod,"Số 5 Lê Lợi, Q1, TP.HCM",,,
870,30,2024-09-23 12:45:00,"44,48,94,132",485000,delivering,cod,"Số 20 Đinh Tiên Hoàng, Q1, TP.HCM",,,
871,30,2025-12-27 18:31:00,"48,105,111,132",370000,cooking,cod,"Số 3 Nguyễn Đình Chiểu, Q3, TP.HCM",,,
872,11,2024-07-27 14:11:00,"13,28,44,132",245000,pending,cod,"Số 8 Hai Bà Trưng, Q1, TP.HCM",Không hành,,
873,37,2024-01-05 18:49:00,"44,48,94,132",485000,completed,bank,"Số 1 Nguyễn Huệ, Q1, TP.HCM",,,
874,44,2024-12-02 10:18:00,"34,48,117,132",410000,completed,bank,"Số 12 Trần Hưng Đạo, Q5, TP.HCM",Không hành,,
875,30,2024-06-06 10:05:00,"13,28,44,132",245000,cooking,bank,"Số 3 Nguyễn Đình Chiểu, Q3, TP.HCM",,,
876,40,2024-12-03 10:41:00,"13,48,119",230000,cooking,bank,"Số 3 Nguyễn Đình Chiểu, Q3, TP.HCM",Không hành,,
877,4,2025-10-21 14:20:00,"13,28,44,48,132",300000,completed,momo,"Số 8 Hai Bà Trưng, Q1, TP.HCM",Ít cay,,
878,26,2024-07-01 13:49:00,"13,26,49,132",240000,completed,cod,"Số 5 Lê Lợi, Q1, TP.HCM",,,
879,42,2024-10-18 20:48:00,"11,44,66,132",350000,completed,cod,"Số 12 Trần Hưng Đạo, Q5, TP.HCM",Ít cay,,
880,9,2024-11-13 20:38:00,"49,109,110,132",395000,completed,cod,"Số 12 Trần Hưng Đạo, Q5, TP.HCM",Không hành,,
881,37,2025-02-01 17:17:00,"48,49,93,132",450000,cancelled,bank,"Số 1 Nguyễn Huệ, Q1, TP.HCM",Ít cay,,
882,6,2025-03-20 20:27:00,"10,48,119,132",319000,completed,momo,"Số 12 Trần Hưng Đạo, Q5, TP.HCM",Ít cay,,
883,32,2025-12-31 12:59:00,"44,48,94,132",485000,pending,momo,"Số 1 Nguyễn Huệ, Q1, TP.HCM",,,
884,9,2025-05-04 14:09:00,"44,102,105,132",590000,completed,cod,"Số 8 Hai Bà Trưng, Q1, TP.HCM",Ít cay,,
885,3,2025-07-18 11:58:00,"48,49,92,132",430000,pending,cod,"Số 8 Hai Bà Trưng, Q1, TP.HCM",Ít cay,,
886,6,2024-12-29 14:37:00,"44,48,103,105,132",485000,pending,cod,"Số 1 Nguyễn Huệ, Q1, TP.HCM",Ít cay,,
887,27,2025-02-06 10:05:00,"48,49,93,132",450000,completed,bank,"Số 8 Hai Bà Trưng, Q1, TP.HCM",Ít cay,,
888,12,2024-09-28 15:58:00,"48,105,111,132",370000,completed,cod,"Số 1 Nguyễn Huệ, Q1, TP.HCM",Không hành,,
889,2,2024-04-18 16:34:00,"44,49,96,132",360000,completed,bank,"Số 1 Nguyễn Huệ, Q1, TP.HCM",,,
890,43,2025-04-16 21:25:00,"13,43,48,132",215000,cancelled,bank,"Số 12 Trần Hưng Đạo, Q5, TP.HCM",Không hành,,
891,26,2025-11-20 21:43:00,"13,49,118",255000,completed,cod,"Số 5 Lê Lợi, Q1, TP.HCM",,,
892,2,2025-12-13 13:54:00,"13,28,48,132",235000,completed,bank,"Số 3 Nguyễn Đình Chiểu, Q3, TP.HCM",,,
893,13,2025-10-03 22:34:00,"48,49,95,132",410000,completed,cod,"Số 20 Đinh Tiên Hoàng, Q1, TP.HCM",,,
894,10,2024-04-29 12:57:00,"48,106,108,132",500000,cooking,bank,"Số 20 Đinh Tiên Hoàng, Q1, TP.HCM",,,
895,26,2024-07-25 14:36:00,"48,105,111,132",370000,completed,bank,"Số 1 Nguyễn Huệ, Q1, TP.HCM",,,
896,39,2025-05-22 21:37:00,"49,109,110,132",395000,pending,cod,"Số 1 Nguyễn Huệ, Q1, TP.HCM",Ít cay,,
897,44,2025-08-28 21:39:00,"12,48,76,132",319000,cooking,cod,"Số 3 Nguyễn Đình Chiểu, Q3, TP.HCM",,,
898,42,2025-07-20 11:17:00,"43,44,48,119,132",425000,delivering,bank,"Số 1 Nguyễn Huệ, Q1, TP.HCM",Ít cay,,
899,28,2024-12-21 17:44:00,"13,49,118",255000,completed,cod,"Số 12 Trần Hưng Đạo, Q5, TP.HCM",,,
900,38,2024-08-25 18:14:00,"48,106,108,132",500000,completed,zalopay,"Số 3 Nguyễn Đình Chiểu, Q3, TP.HCM",Ít cay,,
901,27,2026-01-10 21:24:00,"13,28,44,132",245000,completed,bank,"Số 5 Lê Lợi, Q1, TP.HCM",Không hành,,
902,31,2026-02-06 11:42:00,"44,48,94,132",485000,completed,cod,"Số 5 Lê Lợi, Q1, TP.HCM",,,
903,16,2025-03-01 17:19:00,"13,44,66",210000,completed,momo,"Số 1 Nguyễn Huệ, Q1, TP.HCM",,,
904,12,2024-12-31 20:10:00,"4,48,74,132",299000,pending,cod,"Số 1 Nguyễn Huệ, Q1, TP.HCM",,,
905,32,2024-05-03 18:14:00,"49,109,110,132",395000,completed,bank,"Số 12 Trần Hưng Đạo, Q5, TP.HCM",,,
906,33,2024-06-03 21:55:00,"27,48,125,132",320000,cancelled,cod,"Số 3 Nguyễn Đình Chiểu, Q3, TP.HCM",,,
907,40,2026-02-12 11:06:00,"49,109,110,132",395000,cancelled,cod,"Số 8 Hai Bà Trưng, Q1, TP.HCM",,,
908,47,2024-07-29 15:10:00,"38,48,49,118,132",470000,completed,bank,"Số 8 Hai Bà Trưng, Q1, TP.HCM",Ít cay,,
909,13,2024-12-08 12:07:00,"13,26,44,49,132",305000,cooking,bank,"Số 1 Nguyễn Huệ, Q1, TP.HCM",,,
910,18,2025-06-01 12:05:00,"48,106,108,132",500000,completed,bank,"Số 12 Trần Hưng Đạo, Q5, TP.HCM",,,
911,15,2025-06-26 16:50:00,"14,27,44,132",208000,completed,bank,"Số 20 Đinh Tiên Hoàng, Q1, TP.HCM",Ít cay,,
912,24,2025-06-12 22:43:00,"44,102,105,132",590000,completed,bank,"Số 5 Lê Lợi, Q1, TP.HCM",,,
913,26,2024-03-27 15:20:00,"43,48,119,132",360000,completed,bank,"Số 1 Nguyễn Huệ, Q1, TP.HCM",Ít cay,,
914,37,2025-10-18 12:57:00,"13,28,48,132",235000,completed,momo,"Số 12 Trần Hưng Đạo, Q5, TP.HCM",Ít cay,,
915,20,2025-12-18 18:55:00,"12,48,76,132",319000,completed,bank,"Số 1 Nguyễn Huệ, Q1, TP.HCM",,,
916,29,2024-05-30 21:25:00,"43,48,119,132",360000,completed,momo,"Số 8 Hai Bà Trưng, Q1, TP.HCM",Không hành,,
917,50,2026-03-11 20:25:00,"48,105,111,132",370000,completed,cod,"Số 1 Nguyễn Huệ, Q1, TP.HCM",,,
918,9,2026-01-12 21:47:00,"40,44,123,132",325000,pending,momo,"Số 12 Trần Hưng Đạo, Q5, TP.HCM",,,
919,49,2024-11-15 18:21:00,"13,26,49,132",240000,completed,cod,"Số 1 Nguyễn Huệ, Q1, TP.HCM",Không hành,,
920,28,2026-03-03 14:46:00,"13,48,119",230000,pending,cod,"Số 3 Nguyễn Đình Chiểu, Q3, TP.HCM",,,
921,4,2025-06-03 15:07:00,"10,48,119,132",319000,completed,bank,"Số 12 Trần Hưng Đạo, Q5, TP.HCM",Không hành,,
922,38,2024-08-29 22:47:00,"13,28,48,132",235000,cancelled,momo,"Số 8 Hai Bà Trưng, Q1, TP.HCM",,,
923,46,2025-11-13 22:52:00,"4,48,74,132",299000,cancelled,cod,"Số 3 Nguyễn Đình Chiểu, Q3, TP.HCM",Ít cay,,
924,38,2024-04-17 15:33:00,"43,48,119,132",360000,completed,bank,"Số 20 Đinh Tiên Hoàng, Q1, TP.HCM",,,
925,4,2025-02-25 11:05:00,"14,27,44,132",208000,delivering,cod,"Số 20 Đinh Tiên Hoàng, Q1, TP.HCM",,,
926,50,2025-08-25 18:33:00,"48,105,111,132",370000,delivering,cod,"Số 8 Hai Bà Trưng, Q1, TP.HCM",Ít cay,,
927,27,2025-12-06 17:46:00,"48,103,105,132",420000,completed,cod,"Số 8 Hai Bà Trưng, Q1, TP.HCM",,,
928,34,2024-05-12 21:32:00,"34,48,117,132",410000,completed,cod,"Số 20 Đinh Tiên Hoàng, Q1, TP.HCM",Ít cay,,
929,8,2025-07-26 15:58:00,"13,28,48,132",235000,cancelled,bank,"Số 1 Nguyễn Huệ, Q1, TP.HCM",,,
930,8,2024-02-11 18:09:00,"10,48,119,132",319000,completed,cod,"Số 12 Trần Hưng Đạo, Q5, TP.HCM",,,
931,38,2024-05-26 12:50:00,"44,48,97,132",415000,delivering,cod,"Số 12 Trần Hưng Đạo, Q5, TP.HCM",,,
932,23,2024-01-03 11:35:00,"44,48,94,132",485000,completed,cod,"Số 20 Đinh Tiên Hoàng, Q1, TP.HCM",Ít cay,,
933,25,2025-04-08 15:50:00,"13,48,61",180000,cooking,zalopay,"Số 5 Lê Lợi, Q1, TP.HCM",,,
934,29,2026-02-18 17:42:00,"38,49,118,132",415000,completed,bank,"Số 1 Nguyễn Huệ, Q1, TP.HCM",Không hành,,
935,35,2024-08-26 16:21:00,"13,49,118",255000,completed,bank,"Số 3 Nguyễn Đình Chiểu, Q3, TP.HCM",,,
936,41,2025-12-25 10:36:00,"13,26,49,132",240000,completed,momo,"Số 3 Nguyễn Đình Chiểu, Q3, TP.HCM",,,
937,49,2025-08-06 18:12:00,"13,48,61",180000,cooking,momo,"Số 1 Nguyễn Huệ, Q1, TP.HCM",,,
938,16,2024-10-08 22:13:00,"40,44,48,123,132",380000,cancelled,bank,"Số 1 Nguyễn Huệ, Q1, TP.HCM",Không hành,,
939,2,2025-08-26 10:31:00,"13,44,66",210000,completed,bank,"Số 5 Lê Lợi, Q1, TP.HCM",Ít cay,,
940,6,2024-11-20 16:16:00,"13,28,48,132",235000,completed,cod,"Số 8 Hai Bà Trưng, Q1, TP.HCM",,,
941,20,2026-02-25 11:09:00,"44,48,97,132",415000,delivering,cod,"Số 1 Nguyễn Huệ, Q1, TP.HCM",Không hành,,
942,21,2024-11-01 16:06:00,"1,48,61,132",330000,completed,bank,"Số 12 Trần Hưng Đạo, Q5, TP.HCM",,,
943,16,2024-05-03 10:12:00,"10,48,119,132",319000,cancelled,zalopay,"Số 5 Lê Lợi, Q1, TP.HCM",Ít cay,,
944,4,2025-01-29 11:17:00,"38,49,118,132",415000,completed,bank,"Số 8 Hai Bà Trưng, Q1, TP.HCM",Ít cay,,
945,2,2025-02-21 20:14:00,"13,27,48,132",195000,completed,momo,"Số 8 Hai Bà Trưng, Q1, TP.HCM",,,
946,20,2025-10-29 22:08:00,"48,49,95,132",410000,cancelled,bank,"Số 20 Đinh Tiên Hoàng, Q1, TP.HCM",,,
947,16,2025-01-17 18:10:00,"38,49,118,132",415000,pending,bank,"Số 8 Hai Bà Trưng, Q1, TP.HCM",Ít cay,,
948,11,2025-09-27 14:41:00,"13,27,48,132",195000,completed,cod,"Số 20 Đinh Tiên Hoàng, Q1, TP.HCM",,,
949,41,2025-11-27 16:22:00,"13,48,119",230000,completed,zalopay,"Số 8 Hai Bà Trưng, Q1, TP.HCM",,,
950,45,2024-11-03 11:25:00,"13,27,48,132",195000,completed,cod,"Số 3 Nguyễn Đình Chiểu, Q3, TP.HCM",Không hành,,
951,21,2024-08-03 19:32:00,"44,48,97,132",415000,completed,cod,"Số 3 Nguyễn Đình Chiểu, Q3, TP.HCM",Ít cay,,
952,39,2024-12-15 13:29:00,"44,49,96,132",360000,completed,cod,"Số 3 Nguyễn Đình Chiểu, Q3, TP.HCM",,,
953,12,2024-01-05 10:43:00,"13,28,48,132",235000,delivering,momo,"Số 3 Nguyễn Đình Chiểu, Q3, TP.HCM",Ít cay,,
954,35,2025-10-26 20:04:00,"12,48,76,132",319000,completed,bank,"Số 3 Nguyễn Đình Chiểu, Q3, TP.HCM",,,
955,25,2025-01-20 19:22:00,"4,48,74,132",299000,completed,cod,"Số 1 Nguyễn Huệ, Q1, TP.HCM",Ít cay,,
956,48,2025-03-31 10:14:00,"10,48,119,132",319000,completed,cod,"Số 3 Nguyễn Đình Chiểu, Q3, TP.HCM",,,
957,32,2026-01-05 13:14:00,"44,48,49,93,132",515000,completed,cod,"Số 12 Trần Hưng Đạo, Q5, TP.HCM",Ít cay,,
958,18,2025-10-15 16:07:00,"13,44,49,66",270000,cancelled,momo,"Số 20 Đinh Tiên Hoàng, Q1, TP.HCM",,,
959,48,2024-03-07 19:08:00,"27,48,49,125,132",380000,completed,cod,"Số 12 Trần Hưng Đạo, Q5, TP.HCM",Không hành,,
960,13,2026-01-16 22:17:00,"44,48,94,132",485000,completed,momo,"Số 8 Hai Bà Trưng, Q1, TP.HCM",,,
961,44,2024-01-03 16:41:00,"13,48,61",180000,completed,bank,"Số 20 Đinh Tiên Hoàng, Q1, TP.HCM",Ít cay,,
962,49,2025-05-22 15:33:00,"44,49,96,132",360000,completed,cod,"Số 1 Nguyễn Huệ, Q1, TP.HCM",,,
963,13,2024-11-19 10:25:00,"48,103,105,132",420000,completed,cod,"Số 8 Hai Bà Trưng, Q1, TP.HCM",,,
964,16,2025-03-09 11:58:00,"44,48,94,132",485000,completed,cod,"Số 12 Trần Hưng Đạo, Q5, TP.HCM",,,
965,28,2024-04-09 10:30:00,"13,27,48,132",195000,completed,zalopay,"Số 3 Nguyễn Đình Chiểu, Q3, TP.HCM",,,
966,4,2024-09-01 15:53:00,"48,49,95,132",410000,completed,momo,"Số 5 Lê Lợi, Q1, TP.HCM",,,
967,29,2026-02-21 11:40:00,"13,48,119",230000,cancelled,cod,"Số 1 Nguyễn Huệ, Q1, TP.HCM",,,
968,9,2025-12-11 11:50:00,"13,28,48,132",235000,completed,bank,"Số 1 Nguyễn Huệ, Q1, TP.HCM",,,
969,4,2024-03-08 11:43:00,"13,44,66",210000,pending,cod,"Số 12 Trần Hưng Đạo, Q5, TP.HCM",Ít cay,,
970,43,2024-08-26 19:50:00,"12,48,76,132",319000,cancelled,cod,"Số 20 Đinh Tiên Hoàng, Q1, TP.HCM",Ít cay,,
971,22,2025-09-27 19:06:00,"44,102,105,132",590000,completed,bank,"Số 8 Hai Bà Trưng, Q1, TP.HCM",,,
972,5,2024-01-13 19:45:00,"13,48,74",210000,cancelled,cod,"Số 8 Hai Bà Trưng, Q1, TP.HCM",,,
973,40,2025-03-07 17:46:00,"38,49,118,132",415000,cooking,cod,"Số 5 Lê Lợi, Q1, TP.HCM",,,
974,42,2025-08-21 16:32:00,"13,27,44,48,132",260000,completed,cod,"Số 8 Hai Bà Trưng, Q1, TP.HCM",Không hành,,
975,24,2025-09-09 15:18:00,"14,27,44,132",208000,completed,momo,"Số 8 Hai Bà Trưng, Q1, TP.HCM",,,
976,13,2025-03-08 15:12:00,"13,27,48,132",195000,completed,cod,"Số 12 Trần Hưng Đạo, Q5, TP.HCM",,,
977,22,2025-04-23 19:44:00,"48,106,108,132",500000,cancelled,zalopay,"Số 12 Trần Hưng Đạo, Q5, TP.HCM",Không hành,,
978,3,2024-06-15 11:29:00,"48,49,92,132",430000,cooking,cod,"Số 1 Nguyễn Huệ, Q1, TP.HCM",,,
979,48,2024-08-06 13:30:00,"44,48,94,132",485000,completed,bank,"Số 5 Lê Lợi, Q1, TP.HCM",Ít cay,,
980,5,2024-01-07 15:00:00,"48,49,93,132",450000,completed,cod,"Số 8 Hai Bà Trưng, Q1, TP.HCM",,,
981,49,2024-07-18 20:37:00,"14,27,44,132",208000,completed,cod,"Số 1 Nguyễn Huệ, Q1, TP.HCM",,,
982,12,2024-08-12 14:46:00,"48,49,93,132",450000,completed,momo,"Số 5 Lê Lợi, Q1, TP.HCM",,,
983,44,2024-04-13 10:53:00,"44,48,49,93,132",515000,completed,bank,"Số 3 Nguyễn Đình Chiểu, Q3, TP.HCM",,,
984,24,2024-11-08 17:15:00,"2,49,65,132",375000,completed,cod,"Số 8 Hai Bà Trưng, Q1, TP.HCM",Không hành,,
985,9,2024-03-07 11:09:00,"49,109,110,132",395000,completed,cod,"Số 8 Hai Bà Trưng, Q1, TP.HCM",Ít cay,,
986,3,2025-03-15 20:15:00,"10,48,119,132",319000,cancelled,zalopay,"Số 5 Lê Lợi, Q1, TP.HCM",Không hành,,
987,41,2024-12-01 13:03:00,"44,48,97,132",415000,completed,cod,"Số 8 Hai Bà Trưng, Q1, TP.HCM",Không hành,,
988,40,2025-04-26 22:42:00,"34,48,117,132",410000,completed,cod,"Số 8 Hai Bà Trưng, Q1, TP.HCM",Ít cay,,
989,21,2025-06-15 17:11:00,"38,49,118,132",415000,completed,momo,"Số 3 Nguyễn Đình Chiểu, Q3, TP.HCM",Ít cay,,
990,38,2025-08-18 16:40:00,"34,48,117,132",410000,completed,cod,"Số 5 Lê Lợi, Q1, TP.HCM",,,
991,28,2025-02-09 13:19:00,"48,105,111,132",370000,delivering,zalopay,"Số 5 Lê Lợi, Q1, TP.HCM",,,
992,19,2024-05-17 22:05:00,"48,49,95,132",410000,cooking,momo,"Số 12 Trần Hưng Đạo, Q5, TP.HCM",,,
993,28,2025-03-12 17:29:00,"13,44,48,74",275000,delivering,bank,"Số 20 Đinh Tiên Hoàng, Q1, TP.HCM",,,
994,17,2024-07-02 17:14:00,"44,49,96,132",360000,completed,bank,"Số 1 Nguyễn Huệ, Q1, TP.HCM",,,
995,18,2025-10-21 11:50:00,"38,49,118,132",415000,completed,cod,"Số 1 Nguyễn Huệ, Q1, TP.HCM",,,
996,22,2024-12-07 13:43:00,"4,48,49,74,132",359000,completed,cod,"Số 3 Nguyễn Đình Chiểu, Q3, TP.HCM",,,
997,48,2024-05-21 22:45:00,"48,49,93,132",450000,pending,cod,"Số 1 Nguyễn Huệ, Q1, TP.HCM",,,
998,38,2025-02-17 16:52:00,"44,48,97,132",415000,completed,bank,"Số 3 Nguyễn Đình Chiểu, Q3, TP.HCM",Không hành,,
999,48,2024-08-21 13:46:00,"14,27,44,132",208000,completed,bank,"Số 5 Lê Lợi, Q1, TP.HCM",Không hành,,
1000,30,2026-02-14 17:46:00,"13,48,74",210000,completed,cod,"Số 12 Trần Hưng Đạo, Q5, TP.HCM",,,
1001,29,2025-12-15 16:13:00,"49,109,110,132",395000,cooking,momo,"Số 1 Nguyễn Huệ, Q1, TP.HCM",,,
1002,1,2024-05-11 14:47:00,"14,27,44,132",208000,cooking,bank,"Số 12 Trần Hưng Đạo, Q5, TP.HCM",,,
1003,50,2026-02-09 16:48:00,"48,103,105,132",420000,pending,cod,"Số 12 Trần Hưng Đạo, Q5, TP.HCM",Không hành,,
1004,22,2024-02-02 12:09:00,"13,28,48,132",235000,cancelled,zalopay,"Số 8 Hai Bà Trưng, Q1, TP.HCM",Không hành,,
1005,35,2024-07-28 16:04:00,"11,44,66,132",350000,delivering,cod,"Số 20 Đinh Tiên Hoàng, Q1, TP.HCM",,,
1006,20,2025-04-07 20:57:00,"1,48,61,132",330000,completed,cod,"Số 1 Nguyễn Huệ, Q1, TP.HCM",Không hành,,
1007,5,2024-01-28 12:12:00,"48,49,93,132",450000,delivering,cod,"Số 5 Lê Lợi, Q1, TP.HCM",,,
1008,24,2024-03-12 17:03:00,"44,48,97,132",415000,pending,cod,"Số 5 Lê Lợi, Q1, TP.HCM",,,
1009,27,2024-04-23 12:34:00,"48,103,105,132",420000,cooking,cod,"Số 20 Đinh Tiên Hoàng, Q1, TP.HCM",,,
1010,46,2024-11-13 16:52:00,"13,28,44,132",245000,cooking,cod,"Số 8 Hai Bà Trưng, Q1, TP.HCM",Không hành,,
1011,30,2025-05-29 21:43:00,"48,49,92,132",430000,completed,cod,"Số 1 Nguyễn Huệ, Q1, TP.HCM",,,
1012,34,2025-09-11 22:15:00,"48,105,111,132",370000,completed,zalopay,"Số 20 Đinh Tiên Hoàng, Q1, TP.HCM",Ít cay,,
1013,42,2026-01-24 11:18:00,"44,102,105,132",590000,cooking,bank,"Số 3 Nguyễn Đình Chiểu, Q3, TP.HCM",,,
1014,12,2024-06-28 16:15:00,"11,44,66,132",350000,cancelled,bank,"Số 20 Đinh Tiên Hoàng, Q1, TP.HCM",Ít cay,,
1015,3,2024-04-07 16:44:00,"48,49,93,132",450000,completed,cod,"Số 12 Trần Hưng Đạo, Q5, TP.HCM",Không hành,,
1016,47,2024-03-09 21:46:00,"44,48,97,132",415000,completed,bank,"Số 20 Đinh Tiên Hoàng, Q1, TP.HCM",Không hành,,
1017,33,2024-03-19 22:06:00,"13,28,44,132",245000,completed,bank,"Số 20 Đinh Tiên Hoàng, Q1, TP.HCM",,,
1018,41,2025-04-18 10:04:00,"48,49,95,132",410000,cooking,bank,"Số 12 Trần Hưng Đạo, Q5, TP.HCM",Ít cay,,
1019,46,2024-01-11 14:07:00,"48,49,93,132",450000,completed,bank,"Số 3 Nguyễn Đình Chiểu, Q3, TP.HCM",Ít cay,,
1020,16,2024-03-25 18:42:00,"34,48,117,132",410000,cooking,cod,"Số 20 Đinh Tiên Hoàng, Q1, TP.HCM",,,
1021,19,2025-09-13 11:11:00,"13,43,48,132",215000,completed,momo,"Số 3 Nguyễn Đình Chiểu, Q3, TP.HCM",Ít cay,,
1022,29,2025-11-24 14:09:00,"13,43,48,132",215000,completed,cod,"Số 5 Lê Lợi, Q1, TP.HCM",,,
1023,42,2025-10-12 22:33:00,"40,44,48,123,132",380000,completed,bank,"Số 3 Nguyễn Đình Chiểu, Q3, TP.HCM",,,
1024,50,2024-02-19 22:24:00,"48,105,111,132",370000,completed,cod,"Số 12 Trần Hưng Đạo, Q5, TP.HCM",,,
1025,13,2024-01-29 10:21:00,"48,49,93,132",450000,completed,cod,"Số 1 Nguyễn Huệ, Q1, TP.HCM",,,
1026,41,2024-11-30 15:35:00,"13,43,48,132",215000,completed,zalopay,"Số 5 Lê Lợi, Q1, TP.HCM",Không hành,,
1027,7,2024-05-03 13:13:00,"12,48,76,132",319000,completed,bank,"Số 5 Lê Lợi, Q1, TP.HCM",,,
1028,30,2024-01-13 16:13:00,"12,48,76,132",319000,completed,cod,"Số 3 Nguyễn Đình Chiểu, Q3, TP.HCM",,,
1029,20,2024-03-09 13:26:00,"13,49,118",255000,cancelled,bank,"Số 1 Nguyễn Huệ, Q1, TP.HCM",Không hành,,
1030,45,2025-09-06 15:40:00,"13,48,61",180000,delivering,cod,"Số 12 Trần Hưng Đạo, Q5, TP.HCM",,,
1031,22,2025-11-13 17:04:00,"1,48,61,132",330000,completed,zalopay,"Số 8 Hai Bà Trưng, Q1, TP.HCM",Ít cay,,
1032,38,2026-01-29 13:32:00,"11,44,66,132",350000,completed,cod,"Số 1 Nguyễn Huệ, Q1, TP.HCM",Không hành,,
1033,16,2026-01-25 16:48:00,"13,28,44,132",245000,cancelled,cod,"Số 1 Nguyễn Huệ, Q1, TP.HCM",,,
1034,14,2024-07-25 12:24:00,"10,48,119,132",319000,completed,cod,"Số 3 Nguyễn Đình Chiểu, Q3, TP.HCM",Không hành,,
1035,21,2024-12-02 12:17:00,"48,105,111,132",370000,completed,momo,"Số 20 Đinh Tiên Hoàng, Q1, TP.HCM",,,
1036,35,2024-12-16 13:13:00,"13,28,44,48,132",300000,completed,cod,"Số 3 Nguyễn Đình Chiểu, Q3, TP.HCM",,,
1037,29,2025-06-17 15:11:00,"13,44,66",210000,completed,cod,"Số 20 Đinh Tiên Hoàng, Q1, TP.HCM",,,
1038,12,2024-07-28 12:05:00,"48,49,93,132",450000,cancelled,momo,"Số 5 Lê Lợi, Q1, TP.HCM",,,
1039,13,2024-11-14 12:46:00,"38,49,118,132",415000,completed,bank,"Số 5 Lê Lợi, Q1, TP.HCM",Không hành,,
1040,13,2025-08-13 17:40:00,"48,49,95,132",410000,completed,bank,"Số 1 Nguyễn Huệ, Q1, TP.HCM",,,
1041,33,2025-04-27 17:27:00,"12,48,76,132",319000,cancelled,bank,"Số 5 Lê Lợi, Q1, TP.HCM",Ít cay,,
1042,20,2025-03-13 11:48:00,"13,28,48,132",235000,cancelled,momo,"Số 5 Lê Lợi, Q1, TP.HCM",Không hành,,
1043,19,2025-04-19 14:29:00,"13,43,48,132",215000,delivering,momo,"Số 8 Hai Bà Trưng, Q1, TP.HCM",Ít cay,,
1044,10,2026-01-02 17:12:00,"13,27,48,132",195000,completed,cod,"Số 1 Nguyễn Huệ, Q1, TP.HCM",Không hành,,
1045,24,2025-03-01 16:47:00,"10,48,119,132",319000,delivering,bank,"Số 12 Trần Hưng Đạo, Q5, TP.HCM",Không hành,,
1046,37,2024-02-09 11:24:00,"13,27,48,132",195000,completed,cod,"Số 20 Đinh Tiên Hoàng, Q1, TP.HCM",,,
1047,24,2025-05-15 20:44:00,"4,48,74,132",299000,completed,bank,"Số 20 Đinh Tiên Hoàng, Q1, TP.HCM",,,
1048,44,2025-01-05 20:45:00,"48,49,95,132",410000,completed,cod,"Số 12 Trần Hưng Đạo, Q5, TP.HCM",Không hành,,
1049,39,2024-05-30 14:15:00,"44,102,105,132",590000,cancelled,cod,"Số 1 Nguyễn Huệ, Q1, TP.HCM",,,
1050,38,2025-01-28 16:45:00,"13,26,49,132",240000,completed,momo,"Số 5 Lê Lợi, Q1, TP.HCM",Ít cay,,
1051,33,2024-09-15 21:19:00,"13,43,48,132",215000,pending,bank,"Số 8 Hai Bà Trưng, Q1, TP.HCM",,,
1052,41,2026-01-15 11:06:00,"48,103,105,132",420000,cancelled,bank,"Số 5 Lê Lợi, Q1, TP.HCM",,,
1053,1,2025-02-11 21:19:00,"44,48,94,132",485000,completed,bank,"Số 1 Nguyễn Huệ, Q1, TP.HCM",,,
1054,42,2025-03-03 18:26:00,"13,27,48,132",195000,completed,bank,"Số 5 Lê Lợi, Q1, TP.HCM",,,
1055,33,2024-07-21 17:11:00,"10,48,49,119,132",379000,completed,bank,"Số 8 Hai Bà Trưng, Q1, TP.HCM",,,
1056,27,2026-02-16 13:16:00,"48,49,93,132",450000,cooking,zalopay,"Số 1 Nguyễn Huệ, Q1, TP.HCM",,,
1057,5,2025-01-21 11:17:00,"13,26,49,132",240000,completed,cod,"Số 8 Hai Bà Trưng, Q1, TP.HCM",,,
1058,4,2026-02-17 11:00:00,"48,106,108,132",500000,completed,cod,"Số 3 Nguyễn Đình Chiểu, Q3, TP.HCM",Không hành,,
1059,49,2025-01-19 19:33:00,"13,27,48,132",195000,completed,bank,"Số 20 Đinh Tiên Hoàng, Q1, TP.HCM",,,
1060,22,2025-01-14 20:56:00,"13,44,66",210000,completed,cod,"Số 12 Trần Hưng Đạo, Q5, TP.HCM",Ít cay,,
1061,7,2024-12-30 15:51:00,"10,48,119,132",319000,completed,bank,"Số 3 Nguyễn Đình Chiểu, Q3, TP.HCM",Ít cay,,
1062,49,2025-06-27 14:44:00,"14,27,44,48,132",263000,completed,bank,"Số 20 Đinh Tiên Hoàng, Q1, TP.HCM",Không hành,,
1063,41,2025-11-07 13:00:00,"48,106,108,132",500000,completed,cod,"Số 3 Nguyễn Đình Chiểu, Q3, TP.HCM",,,
1064,29,2026-01-23 15:43:00,"13,27,48,132",195000,completed,zalopay,"Số 20 Đinh Tiên Hoàng, Q1, TP.HCM",Ít cay,,
1065,31,2024-12-22 16:59:00,"13,44,66",210000,completed,bank,"Số 12 Trần Hưng Đạo, Q5, TP.HCM",Không hành,,
1066,46,2025-06-16 19:50:00,"48,49,93,132",450000,pending,cod,"Số 5 Lê Lợi, Q1, TP.HCM",Ít cay,,
1067,30,2025-11-20 18:55:00,"13,26,49,132",240000,completed,bank,"Số 1 Nguyễn Huệ, Q1, TP.HCM",Ít cay,,
1068,45,2024-06-23 22:42:00,"40,44,49,123,132",385000,completed,cod,"Số 20 Đinh Tiên Hoàng, Q1, TP.HCM",,,
1069,18,2024-11-30 16:49:00,"13,43,48,132",215000,completed,cod,"Số 3 Nguyễn Đình Chiểu, Q3, TP.HCM",Ít cay,,
1070,32,2025-07-01 20:46:00,"13,28,44,132",245000,completed,bank,"Số 5 Lê Lợi, Q1, TP.HCM",Không hành,,
1071,48,2025-01-21 21:47:00,"13,44,48,119",295000,delivering,momo,"Số 20 Đinh Tiên Hoàng, Q1, TP.HCM",,,
1072,6,2024-10-24 11:07:00,"44,48,94,132",485000,completed,zalopay,"Số 5 Lê Lợi, Q1, TP.HCM",,,
1073,48,2024-11-16 16:36:00,"13,48,61",180000,completed,cod,"Số 1 Nguyễn Huệ, Q1, TP.HCM",Không hành,,
1074,24,2025-03-09 15:49:00,"40,44,123,132",325000,completed,momo,"Số 3 Nguyễn Đình Chiểu, Q3, TP.HCM",Không hành,,
1075,30,2024-01-10 18:54:00,"13,48,119,132",245000,completed,cod,"Số 12 Trần Hưng Đạo, Q5, TP.HCM",,,
1076,10,2024-05-30 19:18:00,"34,48,117,132",410000,completed,zalopay,"Số 12 Trần Hưng Đạo, Q5, TP.HCM",,,
1077,46,2024-05-06 14:54:00,"38,49,118,132",415000,cancelled,bank,"Số 3 Nguyễn Đình Chiểu, Q3, TP.HCM",,,
1078,22,2025-01-20 10:51:00,"34,48,117,132",410000,completed,cod,"Số 3 Nguyễn Đình Chiểu, Q3, TP.HCM",,,
1079,32,2026-03-05 12:54:00,"13,27,48,132",195000,delivering,cod,"Số 3 Nguyễn Đình Chiểu, Q3, TP.HCM",,,
1080,31,2024-12-11 16:43:00,"13,28,48,132",235000,completed,bank,"Số 20 Đinh Tiên Hoàng, Q1, TP.HCM",,,
1081,13,2024-10-16 21:59:00,"43,48,119,132",360000,pending,bank,"Số 1 Nguyễn Huệ, Q1, TP.HCM",,,
1082,46,2025-08-17 22:03:00,"1,48,61,132",330000,completed,bank,"Số 3 Nguyễn Đình Chiểu, Q3, TP.HCM",,,
1083,14,2024-10-25 12:13:00,"13,48,74,132",225000,completed,cod,"Số 12 Trần Hưng Đạo, Q5, TP.HCM",Không hành,,
1084,44,2024-05-31 16:27:00,"13,26,49,132",240000,completed,cod,"Số 1 Nguyễn Huệ, Q1, TP.HCM",,,
1085,22,2024-04-30 18:41:00,"48,106,108,132",500000,cancelled,bank,"Số 5 Lê Lợi, Q1, TP.HCM",Ít cay,,
1086,45,2025-02-10 17:19:00,"48,49,95,132",410000,cancelled,cod,"Số 3 Nguyễn Đình Chiểu, Q3, TP.HCM",Ít cay,,
1087,41,2025-10-27 16:17:00,"13,26,49,132",240000,cooking,bank,"Số 1 Nguyễn Huệ, Q1, TP.HCM",,,
1088,33,2025-10-18 20:58:00,"13,28,44,132",245000,completed,cod,"Số 8 Hai Bà Trưng, Q1, TP.HCM",Không hành,,
1089,38,2025-12-11 21:06:00,"13,48,61",180000,completed,bank,"Số 20 Đinh Tiên Hoàng, Q1, TP.HCM",Ít cay,,
1090,46,2024-04-11 15:04:00,"48,49,92,132",430000,pending,cod,"Số 20 Đinh Tiên Hoàng, Q1, TP.HCM",,,
1091,34,2025-07-03 22:51:00,"12,48,76,132",319000,cooking,cod,"Số 8 Hai Bà Trưng, Q1, TP.HCM",Không hành,,
1092,49,2025-10-29 11:48:00,"40,44,123,132",325000,completed,cod,"Số 5 Lê Lợi, Q1, TP.HCM",Không hành,,
1093,9,2024-11-17 11:02:00,"48,49,93,132",450000,cancelled,cod,"Số 3 Nguyễn Đình Chiểu, Q3, TP.HCM",,,
1094,8,2026-02-10 10:05:00,"13,26,49,132",240000,pending,cod,"Số 12 Trần Hưng Đạo, Q5, TP.HCM",Không hành,,
1095,20,2025-11-04 10:15:00,"13,43,48,132",215000,completed,momo,"Số 12 Trần Hưng Đạo, Q5, TP.HCM",Không hành,,
1096,23,2025-12-12 15:33:00,"48,105,111,132",370000,cancelled,momo,"Số 8 Hai Bà Trưng, Q1, TP.HCM",,,
1097,13,2024-02-15 13:02:00,"13,26,49,132",240000,completed,cod,"Số 5 Lê Lợi, Q1, TP.HCM",,,
1098,9,2025-08-28 15:17:00,"13,44,66",210000,cancelled,bank,"Số 1 Nguyễn Huệ, Q1, TP.HCM",Không hành,,
1099,30,2025-10-27 12:25:00,"48,49,95,132",410000,completed,cod,"Số 3 Nguyễn Đình Chiểu, Q3, TP.HCM",Ít cay,,
1100,18,2024-03-13 20:46:00,"14,27,44,132",208000,completed,bank,"Số 8 Hai Bà Trưng, Q1, TP.HCM",Không hành,,
1101,25,2024-11-19 22:27:00,"13,44,49,66",270000,completed,zalopay,"Số 5 Lê Lợi, Q1, TP.HCM",,,
1102,5,2025-12-01 18:26:00,"44,48,49,96,132",415000,completed,cod,"Số 12 Trần Hưng Đạo, Q5, TP.HCM",,,
1103,25,2024-10-07 10:06:00,"44,49,96,132",360000,completed,bank,"Số 1 Nguyễn Huệ, Q1, TP.HCM",,,
1104,32,2024-11-09 19:52:00,"13,43,48,132",215000,completed,momo,"Số 12 Trần Hưng Đạo, Q5, TP.HCM",Không hành,,
1105,4,2025-09-14 11:57:00,"44,48,97,132",415000,completed,bank,"Số 20 Đinh Tiên Hoàng, Q1, TP.HCM",,,
1106,36,2025-11-25 22:34:00,"2,49,65,132",375000,cancelled,bank,"Số 20 Đinh Tiên Hoàng, Q1, TP.HCM",Không hành,,
1107,10,2025-12-04 18:45:00,"13,28,44,132",245000,completed,cod,"Số 20 Đinh Tiên Hoàng, Q1, TP.HCM",Không hành,,
1108,44,2025-12-25 22:15:00,"44,49,96,132",360000,cancelled,bank,"Số 3 Nguyễn Đình Chiểu, Q3, TP.HCM",Ít cay,,
1109,33,2024-12-28 22:29:00,"48,49,93,132",450000,completed,cod,"Số 20 Đinh Tiên Hoàng, Q1, TP.HCM",Không hành,,
1110,50,2024-03-30 14:26:00,"44,48,94,132",485000,completed,cod,"Số 3 Nguyễn Đình Chiểu, Q3, TP.HCM",,,
1111,4,2024-04-05 12:36:00,"13,26,49,132",240000,completed,cod,"Số 8 Hai Bà Trưng, Q1, TP.HCM",Ít cay,,
1112,47,2025-03-10 20:32:00,"13,28,48,132",235000,completed,bank,"Số 20 Đinh Tiên Hoàng, Q1, TP.HCM",Không hành,,
1113,13,2025-02-19 10:39:00,"40,44,123,132",325000,completed,bank,"Số 3 Nguyễn Đình Chiểu, Q3, TP.HCM",Không hành,,
1114,44,2025-09-13 17:10:00,"2,48,49,65,132",430000,pending,cod,"Số 5 Lê Lợi, Q1, TP.HCM",,,
1115,28,2025-06-10 15:03:00,"10,48,119,132",319000,cooking,bank,"Số 5 Lê Lợi, Q1, TP.HCM",,,
1116,35,2025-11-26 13:53:00,"13,28,44,132",245000,completed,cod,"Số 12 Trần Hưng Đạo, Q5, TP.HCM",Ít cay,,
1117,37,2024-01-03 21:40:00,"44,48,97,132",415000,delivering,cod,"Số 12 Trần Hưng Đạo, Q5, TP.HCM",Không hành,,
1118,23,2025-09-24 17:03:00,"13,28,48,132",235000,completed,zalopay,"Số 20 Đinh Tiên Hoàng, Q1, TP.HCM",,,
1119,47,2024-01-06 15:56:00,"48,49,92,132",430000,completed,bank,"Số 12 Trần Hưng Đạo, Q5, TP.HCM",,,
1120,33,2024-07-21 11:33:00,"13,26,49,132",240000,completed,bank,"Số 1 Nguyễn Huệ, Q1, TP.HCM",Ít cay,,
1121,24,2024-08-19 17:25:00,"13,28,44,48,132",300000,completed,bank,"Số 20 Đinh Tiên Hoàng, Q1, TP.HCM",,,
1122,29,2024-04-21 17:42:00,"40,44,123,132",325000,completed,cod,"Số 12 Trần Hưng Đạo, Q5, TP.HCM",Ít cay,,
1123,13,2025-12-27 13:07:00,"13,28,48,132",235000,completed,cod,"Số 5 Lê Lợi, Q1, TP.HCM",Ít cay,,
1124,13,2024-02-02 12:42:00,"48,103,105,132",420000,cooking,cod,"Số 1 Nguyễn Huệ, Q1, TP.HCM",Ít cay,,
1125,21,2025-11-29 21:08:00,"34,48,117,132",410000,delivering,momo,"Số 3 Nguyễn Đình Chiểu, Q3, TP.HCM",Ít cay,,
1126,23,2024-01-22 12:09:00,"13,28,44,48,132",300000,pending,cod,"Số 3 Nguyễn Đình Chiểu, Q3, TP.HCM",,,
1127,48,2024-12-16 16:38:00,"13,27,48,132",195000,completed,bank,"Số 20 Đinh Tiên Hoàng, Q1, TP.HCM",,,
1128,40,2026-02-18 16:15:00,"44,48,97,132",415000,completed,momo,"Số 5 Lê Lợi, Q1, TP.HCM",,,
1129,43,2024-09-26 21:15:00,"44,48,97,132",415000,delivering,cod,"Số 20 Đinh Tiên Hoàng, Q1, TP.HCM",,,
1130,41,2024-07-12 19:40:00,"38,49,118,132",415000,completed,cod,"Số 1 Nguyễn Huệ, Q1, TP.HCM",,,
1131,40,2024-05-29 16:01:00,"12,48,49,76,132",379000,completed,cod,"Số 1 Nguyễn Huệ, Q1, TP.HCM",Ít cay,,
1132,15,2025-12-17 20:14:00,"48,103,105,132",420000,completed,bank,"Số 20 Đinh Tiên Hoàng, Q1, TP.HCM",,,
1133,18,2024-02-22 14:07:00,"38,49,118,132",415000,completed,cod,"Số 12 Trần Hưng Đạo, Q5, TP.HCM",Ít cay,,
1134,1,2024-02-18 12:02:00,"48,49,95,132",410000,completed,bank,"Số 5 Lê Lợi, Q1, TP.HCM",,,
1135,12,2025-09-13 11:27:00,"48,106,108,132",500000,completed,bank,"Số 12 Trần Hưng Đạo, Q5, TP.HCM",,,
1136,9,2025-11-30 18:49:00,"48,49,92,132",430000,completed,bank,"Số 3 Nguyễn Đình Chiểu, Q3, TP.HCM",,,
1137,18,2025-01-15 13:41:00,"13,48,119",230000,completed,zalopay,"Số 20 Đinh Tiên Hoàng, Q1, TP.HCM",,,
1138,42,2024-02-12 19:58:00,"13,28,44,48,132",300000,completed,cod,"Số 3 Nguyễn Đình Chiểu, Q3, TP.HCM",Ít cay,,
1139,49,2024-11-04 21:30:00,"13,26,44,49,132",305000,completed,momo,"Số 3 Nguyễn Đình Chiểu, Q3, TP.HCM",,,
1140,49,2025-07-17 21:16:00,"13,27,48,132",195000,pending,bank,"Số 12 Trần Hưng Đạo, Q5, TP.HCM",Ít cay,,
1141,34,2024-03-10 17:26:00,"13,28,44,132",245000,pending,cod,"Số 5 Lê Lợi, Q1, TP.HCM",Không hành,,
1142,37,2024-05-12 14:02:00,"44,49,96,132",360000,completed,cod,"Số 3 Nguyễn Đình Chiểu, Q3, TP.HCM",Ít cay,,
1143,29,2025-06-09 11:10:00,"34,48,117,132",410000,pending,bank,"Số 8 Hai Bà Trưng, Q1, TP.HCM",Ít cay,,
1144,11,2024-07-30 12:00:00,"12,48,76,132",319000,cancelled,cod,"Số 8 Hai Bà Trưng, Q1, TP.HCM",,,
1145,17,2025-12-25 21:33:00,"38,49,118,132",415000,completed,cod,"Số 12 Trần Hưng Đạo, Q5, TP.HCM",,,
1146,19,2024-02-16 18:15:00,"27,48,49,125,132",380000,completed,cod,"Số 12 Trần Hưng Đạo, Q5, TP.HCM",,,
1147,14,2024-02-22 20:15:00,"44,49,96,132",360000,pending,cod,"Số 1 Nguyễn Huệ, Q1, TP.HCM",,,
1148,36,2024-11-28 11:45:00,"13,44,66",210000,completed,cod,"Số 20 Đinh Tiên Hoàng, Q1, TP.HCM",Không hành,,
1149,1,2024-02-28 20:52:00,"44,48,97,132",415000,completed,cod,"Số 3 Nguyễn Đình Chiểu, Q3, TP.HCM",,,
1150,50,2024-01-17 18:42:00,"48,49,93,132",450000,cancelled,cod,"Số 3 Nguyễn Đình Chiểu, Q3, TP.HCM",Ít cay,,
1151,14,2025-10-11 19:35:00,"44,49,96,132",360000,cooking,cod,"Số 12 Trần Hưng Đạo, Q5, TP.HCM",,,
1152,29,2026-02-09 16:09:00,"48,49,93,132",450000,completed,bank,"Số 12 Trần Hưng Đạo, Q5, TP.HCM",,,
1153,12,2025-04-15 12:52:00,"48,49,106,108,132",560000,completed,zalopay,"Số 20 Đinh Tiên Hoàng, Q1, TP.HCM",,,
1154,39,2024-06-30 16:43:00,"44,48,49,97,132",475000,completed,cod,"Số 5 Lê Lợi, Q1, TP.HCM",,,
1155,9,2024-04-12 21:33:00,"49,109,110,132",395000,completed,zalopay,"Số 1 Nguyễn Huệ, Q1, TP.HCM",Ít cay,,
1156,3,2026-02-20 20:59:00,"11,44,48,66,132",405000,completed,cod,"Số 1 Nguyễn Huệ, Q1, TP.HCM",,,
1157,1,2025-09-06 10:50:00,"14,27,44,132",208000,completed,momo,"Số 3 Nguyễn Đình Chiểu, Q3, TP.HCM",,,
1158,29,2026-02-16 19:57:00,"13,26,49,132",240000,completed,cod,"Số 12 Trần Hưng Đạo, Q5, TP.HCM",Ít cay,,
1159,2,2025-10-04 18:07:00,"14,27,44,132",208000,completed,cod,"Số 8 Hai Bà Trưng, Q1, TP.HCM",,,
1160,15,2025-03-01 12:00:00,"13,26,49,132",240000,completed,cod,"Số 20 Đinh Tiên Hoàng, Q1, TP.HCM",Ít cay,,
1161,44,2024-10-20 13:58:00,"14,27,44,132",208000,delivering,cod,"Số 20 Đinh Tiên Hoàng, Q1, TP.HCM",,,
1162,22,2024-12-31 11:39:00,"13,28,44,132",245000,completed,bank,"Số 1 Nguyễn Huệ, Q1, TP.HCM",,,
1163,12,2025-06-27 15:38:00,"13,44,66,132",225000,delivering,cod,"Số 3 Nguyễn Đình Chiểu, Q3, TP.HCM",,,
1164,32,2024-12-22 11:17:00,"13,49,118",255000,completed,cod,"Số 3 Nguyễn Đình Chiểu, Q3, TP.HCM",,,
1165,10,2024-06-01 22:41:00,"13,28,48,132",235000,completed,cod,"Số 20 Đinh Tiên Hoàng, Q1, TP.HCM",Ít cay,,
1166,47,2024-04-25 19:27:00,"48,106,108,132",500000,completed,cod,"Số 1 Nguyễn Huệ, Q1, TP.HCM",,,
1167,28,2024-12-27 15:31:00,"13,28,44,132",245000,cooking,bank,"Số 8 Hai Bà Trưng, Q1, TP.HCM",,,
1168,27,2025-10-31 13:24:00,"14,27,44,132",208000,pending,bank,"Số 8 Hai Bà Trưng, Q1, TP.HCM",Không hành,,
1169,38,2024-08-23 16:05:00,"34,48,117,132",410000,delivering,momo,"Số 8 Hai Bà Trưng, Q1, TP.HCM",,,
1170,36,2024-07-27 10:23:00,"13,26,48,49,132",295000,cooking,cod,"Số 1 Nguyễn Huệ, Q1, TP.HCM",,,
1171,30,2026-03-08 12:18:00,"4,48,74,132",299000,completed,momo,"Số 20 Đinh Tiên Hoàng, Q1, TP.HCM",,,
1172,8,2024-02-27 21:08:00,"44,48,94,132",485000,completed,bank,"Số 3 Nguyễn Đình Chiểu, Q3, TP.HCM",,,
1173,38,2025-12-19 11:42:00,"49,109,110,132",395000,completed,bank,"Số 8 Hai Bà Trưng, Q1, TP.HCM",,,
1174,1,2024-03-21 13:04:00,"13,28,48,49,132",295000,cancelled,bank,"Số 5 Lê Lợi, Q1, TP.HCM",,,
1175,20,2026-02-05 18:44:00,"48,106,108,132",500000,cooking,bank,"Số 3 Nguyễn Đình Chiểu, Q3, TP.HCM",,,
1176,8,2025-12-12 10:18:00,"48,105,111,132",370000,completed,cod,"Số 3 Nguyễn Đình Chiểu, Q3, TP.HCM",,,
1177,26,2025-05-30 12:00:00,"13,44,66",210000,delivering,bank,"Số 8 Hai Bà Trưng, Q1, TP.HCM",,,
1178,11,2025-12-27 13:27:00,"13,48,61",180000,completed,cod,"Số 8 Hai Bà Trưng, Q1, TP.HCM",Ít cay,,
1179,15,2025-02-14 19:03:00,"13,28,44,132",245000,delivering,cod,"Số 3 Nguyễn Đình Chiểu, Q3, TP.HCM",Không hành,,
1180,21,2025-12-10 17:30:00,"13,44,66",210000,delivering,bank,"Số 5 Lê Lợi, Q1, TP.HCM",,,
1181,7,2024-07-18 14:06:00,"10,48,119,132",319000,completed,bank,"Số 8 Hai Bà Trưng, Q1, TP.HCM",,,
1182,14,2025-07-08 11:04:00,"13,28,48,49,132",295000,cancelled,cod,"Số 12 Trần Hưng Đạo, Q5, TP.HCM",,,
1183,37,2024-09-03 14:05:00,"27,48,125,132",320000,cancelled,cod,"Số 8 Hai Bà Trưng, Q1, TP.HCM",Ít cay,,
1184,49,2024-11-12 10:22:00,"13,27,48,132",195000,completed,bank,"Số 8 Hai Bà Trưng, Q1, TP.HCM",,,
1185,45,2026-01-13 15:08:00,"1,48,61,132",330000,completed,bank,"Số 20 Đinh Tiên Hoàng, Q1, TP.HCM",Không hành,,
1186,38,2026-03-04 12:01:00,"13,26,49,132",240000,delivering,bank,"Số 8 Hai Bà Trưng, Q1, TP.HCM",,,
1187,46,2024-03-21 20:05:00,"44,48,97,132",415000,completed,cod,"Số 3 Nguyễn Đình Chiểu, Q3, TP.HCM",,,
1188,39,2025-05-28 18:46:00,"13,43,48,132",215000,pending,bank,"Số 20 Đinh Tiên Hoàng, Q1, TP.HCM",,,
1189,46,2025-09-30 16:02:00,"2,49,65,132",375000,delivering,cod,"Số 5 Lê Lợi, Q1, TP.HCM",Không hành,,
1190,7,2025-08-03 20:31:00,"13,44,49,66",270000,completed,cod,"Số 12 Trần Hưng Đạo, Q5, TP.HCM",Không hành,,
1191,19,2025-04-10 15:10:00,"13,26,49,132",240000,completed,cod,"Số 12 Trần Hưng Đạo, Q5, TP.HCM",Không hành,,
1192,50,2024-03-13 12:45:00,"10,48,119,132",319000,cooking,cod,"Số 20 Đinh Tiên Hoàng, Q1, TP.HCM",,,
1193,32,2024-05-23 11:36:00,"48,105,111,132",370000,completed,bank,"Số 12 Trần Hưng Đạo, Q5, TP.HCM",Ít cay,,
1194,24,2025-11-27 12:28:00,"48,103,105,132",420000,pending,zalopay,"Số 12 Trần Hưng Đạo, Q5, TP.HCM",,,
1195,44,2025-06-02 17:16:00,"13,26,49,132",240000,completed,zalopay,"Số 3 Nguyễn Đình Chiểu, Q3, TP.HCM",,,
1196,7,2025-07-28 10:09:00,"48,49,95,132",410000,completed,bank,"Số 5 Lê Lợi, Q1, TP.HCM",Không hành,,
1197,30,2024-08-16 16:55:00,"12,48,76,132",319000,completed,bank,"Số 20 Đinh Tiên Hoàng, Q1, TP.HCM",Ít cay,,
1198,12,2025-04-21 11:05:00,"40,44,123,132",325000,completed,bank,"Số 20 Đinh Tiên Hoàng, Q1, TP.HCM",,,
1199,32,2024-11-20 15:38:00,"12,48,76,132",319000,completed,bank,"Số 1 Nguyễn Huệ, Q1, TP.HCM",,,
1200,14,2025-04-26 12:40:00,"48,49,105,111,132",430000,completed,zalopay,"Số 1 Nguyễn Huệ, Q1, TP.HCM",Không hành,,
