transaction_id,origin_transaction_id,set_name,price_vnd,price_tier,source_url,item_count,items,is_augmented,augmentation_method,replacement_count,replaced_slots
SM200_01,SM200_01,Set menu 200.000đ /người (1),200000,budget,https://comnieuvietnam.vn/products/set-menu-200-000d-nguoi-1,6,Cải thìa xào dầu hào | Gà rang gừng | Cá bống kho tộ | Tôm rim thịt | Mực chiên nước mắm | Canh cua cà pháo,0,original_public_set_menu,0,
SM200_02,SM200_02,Set menu 200.000đ /người (2),200000,budget,https://comnieuvietnam.vn/products/set-menu-200-000d-nguoi-2,6,Đậu que xào lòng gà | Vịt kho gừng | Cá ngừ đại dương kho thơm | Thịt kho trứng | Tôm rang muối | Canh thát lát khổ qua,0,original_public_set_menu,0,
SM200_03,SM200_03,Set menu 200.000đ /người (3),200000,budget,https://comnieuvietnam.vn/products/set-menu-200-000d-nguoi-3,6,Rau luộc thập cẩm kho quẹt | Gà chiên nước mắm | Tôm cháy tỏi | Thịt kho củ cải trắng | Cá ngừ đại dương sốt cà | Canh cá nấu riêu,0,original_public_set_menu,0,
SM250_01,SM250_01,Set menu 250.000đ /người (1),250000,standard,https://comnieuvietnam.vn/products/set-menu-250-000d-nguoi-1,6,Gân bò xào cải chua | Gà hấp mắm nhĩ | Bò sốt nấm | Cá dứa kho tộ | Tôm rang muối | Canh chua cá bóp,0,original_public_set_menu,0,
SM250_02,SM250_02,Set menu 250.000đ /người (2),250000,standard,https://comnieuvietnam.vn/products/set-menu-250-000d-nguoi-2,6,Đậu que xào bò | Gà chiên nước mắm | Giò heo nấu giả cầy | Cá thu sốt cà chua | Tôm cháy tỏi | Canh chua cá dứa,0,original_public_set_menu,0,
SM250_03,SM250_03,Set menu 250.000đ /người (3),250000,standard,https://comnieuvietnam.vn/products/set-menu-250-000d-nguoi-3,6,Rau rừng gia lai xào bò | Gà kho sả ớt | Thịt rang cháy cạnh | Cá chim hấp hong kong | Tôm chiên nước mắm | Canh hến (dắt) mồng tơi,0,original_public_set_menu,0,
SM300_01,SM300_01,Set menu 300.000đ /người (1),300000,standard,https://comnieuvietnam.vn/products/set-menu-300-000d-nguoi-1,6,Gỏi bò đồng quê | Gà hấp cải xanh | Cá bống mú chưng tương | Bò sốt tiêu đen | Tôm càng cháy bơ tỏi | Lẩu vịt om sấu,0,original_public_set_menu,0,
SM300_02,SM300_02,Set menu 300.000đ /người (2),300000,standard,https://comnieuvietnam.vn/products/set-menu-300-000d-nguoi-2,6,Gỏi thái hải sản | Gà hấp mắm nhĩ | Cá kho làng vũ đại | Bắp bò ngâm nước mắm | Tôm càng xanh rang muối | Lẩu ngót cá chim,0,original_public_set_menu,0,
SM300_03,SM300_03,Set menu 300.000đ /người (3),300000,standard,https://comnieuvietnam.vn/products/set-menu-300-000d-nguoi-3,6,Salad cải mầm bò | Gà hấp mía | Cá ngừ đại dương lúc lắc | Tôm càng hấp bia | Mực 1 nắng chiên nước mắm | Lẩu riêu cua sườn sun,0,original_public_set_menu,0,
SM350_01,SM350_01,Set menu 350.000đ /người (1),350000,premium,https://comnieuvietnam.vn/products/set-menu-350-000d-nguoi-1,6,Gỏi tiến vua tôm thịt | Gà hấp mắm nhĩ | Bắp bò ngâm nước mắm | Cá kho làng vũ đại | Tôm càng hấp nước dừa | Lẩu cua nấu bầu,0,original_public_set_menu,0,
SM350_02,SM350_02,Set menu 350.000đ /người (2),350000,premium,https://comnieuvietnam.vn/products/set-menu-350-000d-nguoi-3,6,Gân bò xào cải chua | Chả mực hạ long | Cá kho làng vũ đại | Gà sốt nấm đông cô | Nem ghẹ phú quốc | Lẩu vịt om sấu,0,original_public_set_menu,0,
SM450_01,SM450_01,Set menu 450.000đ /người,450000,vip,https://comnieuvietnam.vn/products/set-menu-450-000d-nguoi,8,Gân bò xào cải chua | Gà xào sả ớt | Cá bống mú chưng tương | Tôm càng rang muối | Nem rán thịt ghẹ | Măng xào thịt ba rọi | Mực 1 nắng chiên nước mắm | Lẩu riêu cá chép giòn,0,original_public_set_menu,0,
AUG0001,SM200_02,Augmented from Set menu 200.000đ /người (2),200000,budget,https://comnieuvietnam.vn/products/set-menu-200-000d-nguoi-2,6,Đậu que xào lòng gà | Gà chiên nước mắm | Cá ngừ đại dương kho thơm | Thịt kho trứng | Tôm rang muối | Canh thát lát khổ qua,1,slot_price_tier_resampling,1,2
AUG0002,SM200_03,Augmented from Set menu 200.000đ /người (3),200000,budget,https://comnieuvietnam.vn/products/set-menu-200-000d-nguoi-3,6,Rau luộc thập cẩm kho quẹt | Gà chiên nước mắm | Tôm cháy tỏi | Thịt kho củ cải trắng | Cá ngừ đại dương sốt cà | Canh cua cà pháo,1,slot_price_tier_resampling,1,6
AUG0003,SM250_01,Augmented from Set menu 250.000đ /người (1),250000,standard,https://comnieuvietnam.vn/products/set-menu-250-000d-nguoi-1,6,Gân bò xào cải chua | Gà hấp mắm nhĩ | Cá ngừ đại dương lúc lắc | Tôm càng hấp bia | Tôm rang muối | Lẩu riêu cua sườn sun,1,slot_price_tier_resampling,3,3 | 4 | 6
AUG0004,SM250_02,Augmented from Set menu 250.000đ /người (2),250000,standard,https://comnieuvietnam.vn/products/set-menu-250-000d-nguoi-2,6,Gỏi thái hải sản | Gà chiên nước mắm | Giò heo nấu giả cầy | Cá thu sốt cà chua | Tôm cháy tỏi | Canh chua cá dứa,1,slot_price_tier_resampling,1,1
AUG0005,SM250_03,Augmented from Set menu 250.000đ /người (3),250000,standard,https://comnieuvietnam.vn/products/set-menu-250-000d-nguoi-3,6,Rau rừng gia lai xào bò | Gà kho sả ớt | Thịt rang cháy cạnh | Cá chim hấp hong kong | Tôm rang muối | Lẩu ngót cá chim,1,slot_price_tier_resampling,2,5 | 6
AUG0006,SM300_01,Augmented from Set menu 300.000đ /người (1),300000,standard,https://comnieuvietnam.vn/products/set-menu-300-000d-nguoi-1,6,Gỏi bò đồng quê | Gà hấp cải xanh | Cá bống mú chưng tương | Bò sốt tiêu đen | Tôm chiên nước mắm | Lẩu vịt om sấu,1,slot_price_tier_resampling,1,5
AUG0007,SM300_02,Augmented from Set menu 300.000đ /người (2),300000,standard,https://comnieuvietnam.vn/products/set-menu-300-000d-nguoi-2,6,Gỏi thái hải sản | Gà hấp mắm nhĩ | Cá kho làng vũ đại | Cá dứa kho tộ | Tôm càng xanh rang muối | Lẩu ngót cá chim,1,slot_price_tier_resampling,1,4
AUG0008,SM300_03,Augmented from Set menu 300.000đ /người (3),300000,standard,https://comnieuvietnam.vn/products/set-menu-300-000d-nguoi-3,6,Đậu que xào bò | Gà hấp cải xanh | Cá ngừ đại dương lúc lắc | Tôm càng hấp bia | Mực 1 nắng chiên nước mắm | Lẩu riêu cua sườn sun,1,slot_price_tier_resampling,2,1 | 2
AUG0009,SM350_01,Augmented from Set menu 350.000đ /người (1),350000,premium,https://comnieuvietnam.vn/products/set-menu-350-000d-nguoi-1,6,Gân bò xào cải chua | Gà hấp mắm nhĩ | Bắp bò ngâm nước mắm | Cá kho làng vũ đại | Tôm càng hấp nước dừa | Lẩu cua nấu bầu,1,slot_price_tier_resampling,1,1
AUG0010,SM350_02,Augmented from Set menu 350.000đ /người (2),350000,premium,https://comnieuvietnam.vn/products/set-menu-350-000d-nguoi-3,6,Gân bò xào cải chua | Gà hấp mắm nhĩ | Cá kho làng vũ đại | Gà sốt nấm đông cô | Nem ghẹ phú quốc | Lẩu vịt om sấu,1,slot_price_tier_resampling,1,2
AUG0011,SM200_01,Augmented from Set menu 200.000đ /người (1),200000,budget,https://comnieuvietnam.vn/products/set-menu-200-000d-nguoi-1,6,Cải thìa xào dầu hào | Gà chiên nước mắm | Cá bống kho tộ | Tôm rim thịt | Mực chiên nước mắm | Canh cua cà pháo,1,slot_price_tier_resampling,1,2
AUG0012,SM200_02,Augmented from Set menu 200.000đ /người (2),200000,budget,https://comnieuvietnam.vn/products/set-menu-200-000d-nguoi-2,6,Đậu que xào lòng gà | Vịt kho gừng | Cá bống kho tộ | Thịt kho củ cải trắng | Tôm rang muối | Canh cá nấu riêu,1,slot_price_tier_resampling,3,3 | 4 | 6
AUG0013,SM200_03,Augmented from Set menu 200.000đ /người (3),200000,budget,https://comnieuvietnam.vn/products/set-menu-200-000d-nguoi-3,6,Rau luộc thập cẩm kho quẹt | Gà rang gừng | Tôm cháy tỏi | Tôm rim thịt | Cá ngừ đại dương sốt cà | Canh thát lát khổ qua,1,slot_price_tier_resampling,3,2 | 4 | 6
AUG0014,SM250_01,Augmented from Set menu 250.000đ /người (1),250000,standard,https://comnieuvietnam.vn/products/set-menu-250-000d-nguoi-1,6,Rau rừng gia lai xào bò | Gà kho sả ớt | Bò sốt nấm | Cá dứa kho tộ | Tôm rang muối | Lẩu ngót cá chim,1,slot_price_tier_resampling,3,1 | 2 | 6
AUG0015,SM250_02,Augmented from Set menu 250.000đ /người (2),250000,standard,https://comnieuvietnam.vn/products/set-menu-250-000d-nguoi-2,6,Đậu que xào bò | Gà kho sả ớt | Giò heo nấu giả cầy | Cá chim hấp hong kong | Tôm cháy tỏi | Canh chua cá dứa,1,slot_price_tier_resampling,2,2 | 4
AUG0016,SM250_03,Augmented from Set menu 250.000đ /người (3),250000,standard,https://comnieuvietnam.vn/products/set-menu-250-000d-nguoi-3,6,Đậu que xào bò | Gà kho sả ớt | Cá ngừ đại dương lúc lắc | Cá chim hấp hong kong | Tôm chiên nước mắm | Lẩu riêu cua sườn sun,1,slot_price_tier_resampling,3,1 | 3 | 6
AUG0017,SM300_01,Augmented from Set menu 300.000đ /người (1),300000,standard,https://comnieuvietnam.vn/products/set-menu-300-000d-nguoi-1,6,Gỏi bò đồng quê | Gà hấp cải xanh | Cá bống mú chưng tương | Bò sốt tiêu đen | Mực 1 nắng chiên nước mắm | Lẩu vịt om sấu,1,slot_price_tier_resampling,1,5
AUG0018,SM300_02,Augmented from Set menu 300.000đ /người (2),300000,standard,https://comnieuvietnam.vn/products/set-menu-300-000d-nguoi-2,6,Đậu que xào bò | Gà hấp mắm nhĩ | Cá kho làng vũ đại | Cá chim hấp hong kong | Tôm càng xanh rang muối | Lẩu ngót cá chim,1,slot_price_tier_resampling,2,1 | 4
AUG0019,SM300_03,Augmented from Set menu 300.000đ /người (3),300000,standard,https://comnieuvietnam.vn/products/set-menu-300-000d-nguoi-3,6,Gỏi bò đồng quê | Gà hấp mía | Cá ngừ đại dương lúc lắc | Tôm càng hấp bia | Mực 1 nắng chiên nước mắm | Lẩu riêu cua sườn sun,1,slot_price_tier_resampling,1,1
AUG0020,SM350_01,Augmented from Set menu 350.000đ /người (1),350000,premium,https://comnieuvietnam.vn/products/set-menu-350-000d-nguoi-1,6,Gỏi tiến vua tôm thịt | Chả mực hạ long | Bắp bò ngâm nước mắm | Cá kho làng vũ đại | Nem ghẹ phú quốc | Lẩu vịt om sấu,1,slot_price_tier_resampling,3,2 | 5 | 6
AUG0021,SM350_02,Augmented from Set menu 350.000đ /người (2),350000,premium,https://comnieuvietnam.vn/products/set-menu-350-000d-nguoi-3,6,Gân bò xào cải chua | Chả mực hạ long | Cá kho làng vũ đại | Gà sốt nấm đông cô | Nem ghẹ phú quốc | Lẩu cua nấu bầu,1,slot_price_tier_resampling,1,6
AUG0022,SM200_01,Augmented from Set menu 200.000đ /người (1),200000,budget,https://comnieuvietnam.vn/products/set-menu-200-000d-nguoi-1,6,Rau luộc thập cẩm kho quẹt | Gà rang gừng | Cá bống kho tộ | Tôm rim thịt | Mực chiên nước mắm | Canh thát lát khổ qua,1,slot_price_tier_resampling,2,1 | 6
AUG0023,SM200_02,Augmented from Set menu 200.000đ /người (2),200000,budget,https://comnieuvietnam.vn/products/set-menu-200-000d-nguoi-2,6,Rau luộc thập cẩm kho quẹt | Gà rang gừng | Cá ngừ đại dương kho thơm | Thịt kho trứng | Tôm rang muối | Canh thát lát khổ qua,1,slot_price_tier_resampling,2,1 | 2
AUG0024,SM200_03,Augmented from Set menu 200.000đ /người (3),200000,budget,https://comnieuvietnam.vn/products/set-menu-200-000d-nguoi-3,6,Cải thìa xào dầu hào | Gà chiên nước mắm | Tôm cháy tỏi | Thịt kho củ cải trắng | Cá ngừ đại dương sốt cà | Canh cá nấu riêu,1,slot_price_tier_resampling,1,1
AUG0025,SM250_01,Augmented from Set menu 250.000đ /người (1),250000,standard,https://comnieuvietnam.vn/products/set-menu-250-000d-nguoi-1,6,Gân bò xào cải chua | Gà hấp mắm nhĩ | Cá bống mú chưng tương | Cá dứa kho tộ | Tôm rang muối | Lẩu ngót cá chim,1,slot_price_tier_resampling,2,3 | 6
AUG0026,SM250_02,Augmented from Set menu 250.000đ /người (2),250000,standard,https://comnieuvietnam.vn/products/set-menu-250-000d-nguoi-2,6,Đậu que xào bò | Gà chiên nước mắm | Giò heo nấu giả cầy | Tôm càng hấp bia | Tôm cháy tỏi | Canh chua cá dứa,1,slot_price_tier_resampling,1,4
AUG0027,SM250_03,Augmented from Set menu 250.000đ /người (3),250000,standard,https://comnieuvietnam.vn/products/set-menu-250-000d-nguoi-3,6,Gân bò xào cải chua | Gà kho sả ớt | Thịt rang cháy cạnh | Cá chim hấp hong kong | Tôm chiên nước mắm | Lẩu riêu cua sườn sun,1,slot_price_tier_resampling,2,1 | 6
AUG0028,SM300_01,Augmented from Set menu 300.000đ /người (1),300000,standard,https://comnieuvietnam.vn/products/set-menu-300-000d-nguoi-1,6,Đậu que xào bò | Gà hấp cải xanh | Cá bống mú chưng tương | Bò sốt tiêu đen | Mực 1 nắng chiên nước mắm | Lẩu vịt om sấu,1,slot_price_tier_resampling,2,1 | 5
AUG0029,SM300_02,Augmented from Set menu 300.000đ /người (2),300000,standard,https://comnieuvietnam.vn/products/set-menu-300-000d-nguoi-2,6,Gỏi thái hải sản | Gà hấp mắm nhĩ | Cá ngừ đại dương lúc lắc | Bắp bò ngâm nước mắm | Tôm cháy tỏi | Lẩu ngót cá chim,1,slot_price_tier_resampling,2,3 | 5
AUG0030,SM300_03,Augmented from Set menu 300.000đ /người (3),300000,standard,https://comnieuvietnam.vn/products/set-menu-300-000d-nguoi-3,6,Salad cải mầm bò | Gà hấp mía | Giò heo nấu giả cầy | Cá thu sốt cà chua | Mực 1 nắng chiên nước mắm | Lẩu riêu cua sườn sun,1,slot_price_tier_resampling,2,3 | 4
AUG0031,SM350_01,Augmented from Set menu 350.000đ /người (1),350000,premium,https://comnieuvietnam.vn/products/set-menu-350-000d-nguoi-1,6,Gỏi tiến vua tôm thịt | Gà hấp mắm nhĩ | Bắp bò ngâm nước mắm | Cá kho làng vũ đại | Tôm càng hấp nước dừa | Lẩu vịt om sấu,1,slot_price_tier_resampling,1,6
AUG0032,SM350_02,Augmented from Set menu 350.000đ /người (2),350000,premium,https://comnieuvietnam.vn/products/set-menu-350-000d-nguoi-3,6,Gân bò xào cải chua | Chả mực hạ long | Cá kho làng vũ đại | Gà sốt nấm đông cô | Tôm càng hấp nước dừa | Lẩu vịt om sấu,1,slot_price_tier_resampling,1,5
AUG0033,SM200_01,Augmented from Set menu 200.000đ /người (1),200000,budget,https://comnieuvietnam.vn/products/set-menu-200-000d-nguoi-1,6,Đậu que xào lòng gà | Gà rang gừng | Tôm cháy tỏi | Tôm rim thịt | Mực chiên nước mắm | Canh cua cà pháo,1,slot_price_tier_resampling,2,1 | 3
AUG0034,SM200_02,Augmented from Set menu 200.000đ /người (2),200000,budget,https://comnieuvietnam.vn/products/set-menu-200-000d-nguoi-2,6,Cải thìa xào dầu hào | Vịt kho gừng | Cá ngừ đại dương kho thơm | Thịt kho trứng | Tôm rang muối | Canh thát lát khổ qua,1,slot_price_tier_resampling,1,1
AUG0035,SM200_03,Augmented from Set menu 200.000đ /người (3),200000,budget,https://comnieuvietnam.vn/products/set-menu-200-000d-nguoi-3,6,Rau luộc thập cẩm kho quẹt | Gà chiên nước mắm | Tôm cháy tỏi | Thịt kho củ cải trắng | Tôm rang muối | Canh cá nấu riêu,1,slot_price_tier_resampling,1,5
AUG0036,SM250_01,Augmented from Set menu 250.000đ /người (1),250000,standard,https://comnieuvietnam.vn/products/set-menu-250-000d-nguoi-1,6,Gân bò xào cải chua | Gà hấp mắm nhĩ | Bò sốt nấm | Cá dứa kho tộ | Tôm càng cháy bơ tỏi | Canh chua cá bóp,1,slot_price_tier_resampling,1,5
AUG0037,SM250_02,Augmented from Set menu 250.000đ /người (2),250000,standard,https://comnieuvietnam.vn/products/set-menu-250-000d-nguoi-2,6,Đậu que xào bò | Gà chiên nước mắm | Giò heo nấu giả cầy | Cá thu sốt cà chua | Tôm càng xanh rang muối | Canh chua cá dứa,1,slot_price_tier_resampling,1,5
AUG0038,SM250_03,Augmented from Set menu 250.000đ /người (3),250000,standard,https://comnieuvietnam.vn/products/set-menu-250-000d-nguoi-3,6,Rau rừng gia lai xào bò | Gà kho sả ớt | Thịt rang cháy cạnh | Cá chim hấp hong kong | Tôm càng xanh rang muối | Lẩu riêu cua sườn sun,1,slot_price_tier_resampling,2,5 | 6
AUG0039,SM300_01,Augmented from Set menu 300.000đ /người (1),300000,standard,https://comnieuvietnam.vn/products/set-menu-300-000d-nguoi-1,6,Gỏi bò đồng quê | Gà hấp cải xanh | Cá bống mú chưng tương | Cá thu sốt cà chua | Tôm càng xanh rang muối | Lẩu vịt om sấu,1,slot_price_tier_resampling,2,4 | 5
AUG0040,SM300_02,Augmented from Set menu 300.000đ /người (2),300000,standard,https://comnieuvietnam.vn/products/set-menu-300-000d-nguoi-2,6,Gỏi thái hải sản | Gà hấp mắm nhĩ | Cá bống mú chưng tương | Bắp bò ngâm nước mắm | Tôm càng xanh rang muối | Lẩu riêu cua sườn sun,1,slot_price_tier_resampling,2,3 | 6
AUG0041,SM300_03,Augmented from Set menu 300.000đ /người (3),300000,standard,https://comnieuvietnam.vn/products/set-menu-300-000d-nguoi-3,6,Salad cải mầm bò | Gà hấp mía | Cá ngừ đại dương lúc lắc | Cá thu sốt cà chua | Mực 1 nắng chiên nước mắm | Lẩu vịt om sấu,1,slot_price_tier_resampling,2,4 | 6
AUG0042,SM350_01,Augmented from Set menu 350.000đ /người (1),350000,premium,https://comnieuvietnam.vn/products/set-menu-350-000d-nguoi-1,6,Gỏi tiến vua tôm thịt | Chả mực hạ long | Bắp bò ngâm nước mắm | Cá kho làng vũ đại | Tôm càng hấp nước dừa | Lẩu cua nấu bầu,1,slot_price_tier_resampling,1,2
AUG0043,SM350_02,Augmented from Set menu 350.000đ /người (2),350000,premium,https://comnieuvietnam.vn/products/set-menu-350-000d-nguoi-3,6,Gỏi tiến vua tôm thịt | Chả mực hạ long | Cá kho làng vũ đại | Gà sốt nấm đông cô | Nem ghẹ phú quốc | Lẩu cua nấu bầu,1,slot_price_tier_resampling,2,1 | 6
AUG0044,SM200_01,Augmented from Set menu 200.000đ /người (1),200000,budget,https://comnieuvietnam.vn/products/set-menu-200-000d-nguoi-1,6,Cải thìa xào dầu hào | Gà rang gừng | Cá bống kho tộ | Thịt kho củ cải trắng | Mực chiên nước mắm | Canh cua cà pháo,1,slot_price_tier_resampling,1,4
AUG0045,SM200_02,Augmented from Set menu 200.000đ /người (2),200000,budget,https://comnieuvietnam.vn/products/set-menu-200-000d-nguoi-2,6,Đậu que xào lòng gà | Vịt kho gừng | Cá bống kho tộ | Thịt kho trứng | Tôm rang muối | Canh cá nấu riêu,1,slot_price_tier_resampling,2,3 | 6
AUG0046,SM200_03,Augmented from Set menu 200.000đ /người (3),200000,budget,https://comnieuvietnam.vn/products/set-menu-200-000d-nguoi-3,6,Rau luộc thập cẩm kho quẹt | Vịt kho gừng | Tôm cháy tỏi | Thịt kho củ cải trắng | Cá ngừ đại dương sốt cà | Canh thát lát khổ qua,1,slot_price_tier_resampling,2,2 | 6
AUG0047,SM250_01,Augmented from Set menu 250.000đ /người (1),250000,standard,https://comnieuvietnam.vn/products/set-menu-250-000d-nguoi-1,6,Gân bò xào cải chua | Gà kho sả ớt | Bò sốt nấm | Cá dứa kho tộ | Tôm rang muối | Lẩu ngót cá chim,1,slot_price_tier_resampling,2,2 | 6
AUG0048,SM250_02,Augmented from Set menu 250.000đ /người (2),250000,standard,https://comnieuvietnam.vn/products/set-menu-250-000d-nguoi-2,6,Đậu que xào bò | Gà chiên nước mắm | Giò heo nấu giả cầy | Cá thu sốt cà chua | Tôm cháy tỏi | Lẩu ngót cá chim,1,slot_price_tier_resampling,1,6
AUG0049,SM300_01,Augmented from Set menu 300.000đ /người (1),300000,standard,https://comnieuvietnam.vn/products/set-menu-300-000d-nguoi-1,6,Gỏi bò đồng quê | Gà hấp mắm nhĩ | Cá bống mú chưng tương | Cá chim hấp hong kong | Tôm càng cháy bơ tỏi | Lẩu vịt om sấu,1,slot_price_tier_resampling,2,2 | 4
AUG0050,SM300_02,Augmented from Set menu 300.000đ /người (2),300000,standard,https://comnieuvietnam.vn/products/set-menu-300-000d-nguoi-2,6,Gỏi thái hải sản | Gà hấp mắm nhĩ | Cá kho làng vũ đại | Bắp bò ngâm nước mắm | Tôm càng xanh rang muối | Lẩu vịt om sấu,1,slot_price_tier_resampling,1,6
AUG0051,SM350_01,Augmented from Set menu 350.000đ /người (1),350000,premium,https://comnieuvietnam.vn/products/set-menu-350-000d-nguoi-1,6,Gỏi tiến vua tôm thịt | Chả mực hạ long | Bắp bò ngâm nước mắm | Gà sốt nấm đông cô | Tôm càng hấp nước dừa | Lẩu vịt om sấu,1,slot_price_tier_resampling,3,2 | 4 | 6
AUG0052,SM350_02,Augmented from Set menu 350.000đ /người (2),350000,premium,https://comnieuvietnam.vn/products/set-menu-350-000d-nguoi-3,6,Gỏi tiến vua tôm thịt | Chả mực hạ long | Cá kho làng vũ đại | Gà sốt nấm đông cô | Nem ghẹ phú quốc | Lẩu vịt om sấu,1,slot_price_tier_resampling,1,1
AUG0053,SM200_01,Augmented from Set menu 200.000đ /người (1),200000,budget,https://comnieuvietnam.vn/products/set-menu-200-000d-nguoi-1,6,Rau luộc thập cẩm kho quẹt | Gà chiên nước mắm | Cá bống kho tộ | Tôm rim thịt | Mực chiên nước mắm | Canh cua cà pháo,1,slot_price_tier_resampling,2,1 | 2
AUG0054,SM200_02,Augmented from Set menu 200.000đ /người (2),200000,budget,https://comnieuvietnam.vn/products/set-menu-200-000d-nguoi-2,6,Đậu que xào lòng gà | Vịt kho gừng | Cá ngừ đại dương kho thơm | Tôm rim thịt | Tôm rang muối | Canh cua cà pháo,1,slot_price_tier_resampling,2,4 | 6
AUG0055,SM200_03,Augmented from Set menu 200.000đ /người (3),200000,budget,https://comnieuvietnam.vn/products/set-menu-200-000d-nguoi-3,6,Rau luộc thập cẩm kho quẹt | Gà chiên nước mắm | Cá ngừ đại dương kho thơm | Tôm rim thịt | Cá ngừ đại dương sốt cà | Canh thát lát khổ qua,1,slot_price_tier_resampling,3,3 | 4 | 6
AUG0056,SM250_01,Augmented from Set menu 250.000đ /người (1),250000,standard,https://comnieuvietnam.vn/products/set-menu-250-000d-nguoi-1,6,Gỏi bò đồng quê | Gà hấp mắm nhĩ | Bò sốt nấm | Bắp bò ngâm nước mắm | Tôm rang muối | Canh chua cá bóp,1,slot_price_tier_resampling,2,1 | 4
AUG0057,SM250_02,Augmented from Set menu 250.000đ /người (2),250000,standard,https://comnieuvietnam.vn/products/set-menu-250-000d-nguoi-2,6,Đậu que xào bò | Gà chiên nước mắm | Giò heo nấu giả cầy | Cá dứa kho tộ | Mực 1 nắng chiên nước mắm | Canh chua cá dứa,1,slot_price_tier_resampling,2,4 | 5
AUG0058,SM250_03,Augmented from Set menu 250.000đ /người (3),250000,standard,https://comnieuvietnam.vn/products/set-menu-250-000d-nguoi-3,6,Gỏi bò đồng quê | Gà kho sả ớt | Bò sốt nấm | Cá chim hấp hong kong | Tôm chiên nước mắm | Canh hến (dắt) mồng tơi,1,slot_price_tier_resampling,2,1 | 3
AUG0059,SM300_01,Augmented from Set menu 300.000đ /người (1),300000,standard,https://comnieuvietnam.vn/products/set-menu-300-000d-nguoi-1,6,Rau rừng gia lai xào bò | Gà hấp cải xanh | Cá bống mú chưng tương | Tôm càng hấp bia | Tôm càng cháy bơ tỏi | Canh chua cá bóp,1,slot_price_tier_resampling,3,1 | 4 | 6
AUG0060,SM300_02,Augmented from Set menu 300.000đ /người (2),300000,standard,https://comnieuvietnam.vn/products/set-menu-300-000d-nguoi-2,6,Gân bò xào cải chua | Gà kho sả ớt | Cá kho làng vũ đại | Bắp bò ngâm nước mắm | Tôm càng xanh rang muối | Lẩu ngót cá chim,1,slot_price_tier_resampling,2,1 | 2
AUG0061,SM300_03,Augmented from Set menu 300.000đ /người (3),300000,standard,https://comnieuvietnam.vn/products/set-menu-300-000d-nguoi-3,6,Gỏi bò đồng quê | Gà hấp mía | Bò sốt nấm | Tôm càng hấp bia | Mực 1 nắng chiên nước mắm | Lẩu riêu cua sườn sun,1,slot_price_tier_resampling,2,1 | 3
AUG0062,SM200_01,Augmented from Set menu 200.000đ /người (1),200000,budget,https://comnieuvietnam.vn/products/set-menu-200-000d-nguoi-1,6,Đậu que xào lòng gà | Gà rang gừng | Cá ngừ đại dương kho thơm | Tôm rim thịt | Mực chiên nước mắm | Canh cua cà pháo,1,slot_price_tier_resampling,2,1 | 3
AUG0063,SM200_02,Augmented from Set menu 200.000đ /người (2),200000,budget,https://comnieuvietnam.vn/products/set-menu-200-000d-nguoi-2,6,Đậu que xào lòng gà | Vịt kho gừng | Cá ngừ đại dương kho thơm | Thịt kho trứng | Mực chiên nước mắm | Canh cua cà pháo,1,slot_price_tier_resampling,2,5 | 6
AUG0064,SM200_03,Augmented from Set menu 200.000đ /người (3),200000,budget,https://comnieuvietnam.vn/products/set-menu-200-000d-nguoi-3,6,Cải thìa xào dầu hào | Gà chiên nước mắm | Tôm cháy tỏi | Thịt kho củ cải trắng | Cá ngừ đại dương sốt cà | Canh thát lát khổ qua,1,slot_price_tier_resampling,2,1 | 6
AUG0065,SM250_01,Augmented from Set menu 250.000đ /người (1),250000,standard,https://comnieuvietnam.vn/products/set-menu-250-000d-nguoi-1,6,Rau rừng gia lai xào bò | Gà hấp mắm nhĩ | Bò sốt nấm | Cá dứa kho tộ | Tôm càng xanh rang muối | Lẩu vịt om sấu,1,slot_price_tier_resampling,3,1 | 5 | 6
AUG0066,SM250_02,Augmented from Set menu 250.000đ /người (2),250000,standard,https://comnieuvietnam.vn/products/set-menu-250-000d-nguoi-2,6,Đậu que xào bò | Gà chiên nước mắm | Giò heo nấu giả cầy | Bắp bò ngâm nước mắm | Tôm rang muối | Canh chua cá dứa,1,slot_price_tier_resampling,2,4 | 5
AUG0067,SM250_03,Augmented from Set menu 250.000đ /người (3),250000,standard,https://comnieuvietnam.vn/products/set-menu-250-000d-nguoi-3,6,Rau rừng gia lai xào bò | Gà hấp mắm nhĩ | Thịt rang cháy cạnh | Cá chim hấp hong kong | Mực 1 nắng chiên nước mắm | Canh hến (dắt) mồng tơi,1,slot_price_tier_resampling,2,2 | 5
AUG0068,SM300_01,Augmented from Set menu 300.000đ /người (1),300000,standard,https://comnieuvietnam.vn/products/set-menu-300-000d-nguoi-1,6,Gỏi bò đồng quê | Gà chiên nước mắm | Cá bống mú chưng tương | Bò sốt tiêu đen | Tôm càng cháy bơ tỏi | Lẩu vịt om sấu,1,slot_price_tier_resampling,1,2
AUG0069,SM300_02,Augmented from Set menu 300.000đ /người (2),300000,standard,https://comnieuvietnam.vn/products/set-menu-300-000d-nguoi-2,6,Gỏi thái hải sản | Gà hấp mắm nhĩ | Cá kho làng vũ đại | Cá chim hấp hong kong | Tôm càng xanh rang muối | Lẩu ngót cá chim,1,slot_price_tier_resampling,1,4
AUG0070,SM300_03,Augmented from Set menu 300.000đ /người (3),300000,standard,https://comnieuvietnam.vn/products/set-menu-300-000d-nguoi-3,6,Gỏi bò đồng quê | Gà hấp mía | Cá ngừ đại dương lúc lắc | Cá chim hấp hong kong | Tôm càng xanh rang muối | Lẩu riêu cua sườn sun,1,slot_price_tier_resampling,3,1 | 4 | 5
AUG0071,SM200_01,Augmented from Set menu 200.000đ /người (1),200000,budget,https://comnieuvietnam.vn/products/set-menu-200-000d-nguoi-1,6,Cải thìa xào dầu hào | Gà rang gừng | Cá bống kho tộ | Tôm rim thịt | Mực chiên nước mắm | Canh thát lát khổ qua,1,slot_price_tier_resampling,1,6
AUG0072,SM200_02,Augmented from Set menu 200.000đ /người (2),200000,budget,https://comnieuvietnam.vn/products/set-menu-200-000d-nguoi-2,6,Đậu que xào lòng gà | Vịt kho gừng | Cá ngừ đại dương kho thơm | Thịt kho trứng | Tôm rang muối | Canh cua cà pháo,1,slot_price_tier_resampling,1,6
AUG0073,SM200_03,Augmented from Set menu 200.000đ /người (3),200000,budget,https://comnieuvietnam.vn/products/set-menu-200-000d-nguoi-3,6,Rau luộc thập cẩm kho quẹt | Gà chiên nước mắm | Tôm cháy tỏi | Thịt kho trứng | Tôm rang muối | Canh thát lát khổ qua,1,slot_price_tier_resampling,3,4 | 5 | 6
AUG0074,SM250_01,Augmented from Set menu 250.000đ /người (1),250000,standard,https://comnieuvietnam.vn/products/set-menu-250-000d-nguoi-1,6,Gân bò xào cải chua | Gà hấp mắm nhĩ | Cá kho làng vũ đại | Cá dứa kho tộ | Tôm rang muối | Canh chua cá bóp,1,slot_price_tier_resampling,1,3
AUG0075,SM250_02,Augmented from Set menu 250.000đ /người (2),250000,standard,https://comnieuvietnam.vn/products/set-menu-250-000d-nguoi-2,6,Đậu que xào bò | Gà chiên nước mắm | Giò heo nấu giả cầy | Tôm càng hấp bia | Tôm cháy tỏi | Lẩu ngót cá chim,1,slot_price_tier_resampling,2,4 | 6
AUG0076,SM250_03,Augmented from Set menu 250.000đ /người (3),250000,standard,https://comnieuvietnam.vn/products/set-menu-250-000d-nguoi-3,6,Rau rừng gia lai xào bò | Gà hấp mắm nhĩ | Thịt rang cháy cạnh | Tôm càng hấp bia | Tôm chiên nước mắm | Lẩu riêu cua sườn sun,1,slot_price_tier_resampling,3,2 | 4 | 6
AUG0077,SM300_01,Augmented from Set menu 300.000đ /người (1),300000,standard,https://comnieuvietnam.vn/products/set-menu-300-000d-nguoi-1,6,Gỏi bò đồng quê | Gà kho sả ớt | Thịt rang cháy cạnh | Bò sốt tiêu đen | Tôm càng cháy bơ tỏi | Lẩu vịt om sấu,1,slot_price_tier_resampling,2,2 | 3
AUG0078,SM300_02,Augmented from Set menu 300.000đ /người (2),300000,standard,https://comnieuvietnam.vn/products/set-menu-300-000d-nguoi-2,6,Gân bò xào cải chua | Gà hấp mắm nhĩ | Cá kho làng vũ đại | Bắp bò ngâm nước mắm | Tôm càng xanh rang muối | Lẩu vịt om sấu,1,slot_price_tier_resampling,2,1 | 6
AUG0079,SM300_03,Augmented from Set menu 300.000đ /người (3),300000,standard,https://comnieuvietnam.vn/products/set-menu-300-000d-nguoi-3,6,Salad cải mầm bò | Gà hấp mía | Cá ngừ đại dương lúc lắc | Tôm càng hấp bia | Tôm cháy tỏi | Lẩu ngót cá chim,1,slot_price_tier_resampling,2,5 | 6
AUG0080,SM350_01,Augmented from Set menu 350.000đ /người (1),350000,premium,https://comnieuvietnam.vn/products/set-menu-350-000d-nguoi-1,6,Gỏi tiến vua tôm thịt | Gà hấp mắm nhĩ | Bắp bò ngâm nước mắm | Cá kho làng vũ đại | Nem ghẹ phú quốc | Lẩu cua nấu bầu,1,slot_price_tier_resampling,1,5
AUG0081,SM350_02,Augmented from Set menu 350.000đ /người (2),350000,premium,https://comnieuvietnam.vn/products/set-menu-350-000d-nguoi-3,6,Gân bò xào cải chua | Chả mực hạ long | Bắp bò ngâm nước mắm | Gà sốt nấm đông cô | Nem ghẹ phú quốc | Lẩu cua nấu bầu,1,slot_price_tier_resampling,2,3 | 6
AUG0082,SM200_01,Augmented from Set menu 200.000đ /người (1),200000,budget,https://comnieuvietnam.vn/products/set-menu-200-000d-nguoi-1,6,Cải thìa xào dầu hào | Gà rang gừng | Cá bống kho tộ | Tôm rim thịt | Mực chiên nước mắm | Canh cá nấu riêu,1,slot_price_tier_resampling,1,6
AUG0083,SM200_02,Augmented from Set menu 200.000đ /người (2),200000,budget,https://comnieuvietnam.vn/products/set-menu-200-000d-nguoi-2,6,Đậu que xào lòng gà | Gà rang gừng | Cá bống kho tộ | Thịt kho củ cải trắng | Tôm rang muối | Canh thát lát khổ qua,1,slot_price_tier_resampling,3,2 | 3 | 4
AUG0084,SM200_03,Augmented from Set menu 200.000đ /người (3),200000,budget,https://comnieuvietnam.vn/products/set-menu-200-000d-nguoi-3,6,Đậu que xào lòng gà | Gà chiên nước mắm | Tôm cháy tỏi | Thịt kho củ cải trắng | Cá ngừ đại dương sốt cà | Canh cua cà pháo,1,slot_price_tier_resampling,2,1 | 6
AUG0085,SM250_01,Augmented from Set menu 250.000đ /người (1),250000,standard,https://comnieuvietnam.vn/products/set-menu-250-000d-nguoi-1,6,Gân bò xào cải chua | Gà hấp mắm nhĩ | Bò sốt nấm | Cá dứa kho tộ | Tôm rang muối | Canh hến (dắt) mồng tơi,1,slot_price_tier_resampling,1,6
AUG0086,SM250_02,Augmented from Set menu 250.000đ /người (2),250000,standard,https://comnieuvietnam.vn/products/set-menu-250-000d-nguoi-2,6,Đậu que xào bò | Gà kho sả ớt | Giò heo nấu giả cầy | Cá thu sốt cà chua | Tôm cháy tỏi | Canh chua cá dứa,1,slot_price_tier_resampling,1,2
AUG0087,SM250_03,Augmented from Set menu 250.000đ /người (3),250000,standard,https://comnieuvietnam.vn/products/set-menu-250-000d-nguoi-3,6,Rau rừng gia lai xào bò | Gà hấp mắm nhĩ | Thịt rang cháy cạnh | Cá chim hấp hong kong | Tôm chiên nước mắm | Canh hến (dắt) mồng tơi,1,slot_price_tier_resampling,1,2
AUG0088,SM300_01,Augmented from Set menu 300.000đ /người (1),300000,standard,https://comnieuvietnam.vn/products/set-menu-300-000d-nguoi-1,6,Gỏi bò đồng quê | Gà hấp cải xanh | Giò heo nấu giả cầy | Bò sốt tiêu đen | Tôm càng cháy bơ tỏi | Lẩu vịt om sấu,1,slot_price_tier_resampling,1,3
AUG0089,SM300_02,Augmented from Set menu 300.000đ /người (2),300000,standard,https://comnieuvietnam.vn/products/set-menu-300-000d-nguoi-2,6,Gỏi thái hải sản | Gà hấp mía | Cá kho làng vũ đại | Cá dứa kho tộ | Tôm cháy tỏi | Lẩu ngót cá chim,1,slot_price_tier_resampling,3,2 | 4 | 5
AUG0090,SM300_03,Augmented from Set menu 300.000đ /người (3),300000,standard,https://comnieuvietnam.vn/products/set-menu-300-000d-nguoi-3,6,Gân bò xào cải chua | Gà hấp mía | Cá ngừ đại dương lúc lắc | Tôm càng hấp bia | Mực 1 nắng chiên nước mắm | Lẩu vịt om sấu,1,slot_price_tier_resampling,2,1 | 6
AUG0091,SM350_01,Augmented from Set menu 350.000đ /người (1),350000,premium,https://comnieuvietnam.vn/products/set-menu-350-000d-nguoi-1,6,Gỏi tiến vua tôm thịt | Chả mực hạ long | Bắp bò ngâm nước mắm | Cá kho làng vũ đại | Nem ghẹ phú quốc | Lẩu cua nấu bầu,1,slot_price_tier_resampling,2,2 | 5
AUG0092,SM350_02,Augmented from Set menu 350.000đ /người (2),350000,premium,https://comnieuvietnam.vn/products/set-menu-350-000d-nguoi-3,6,Gân bò xào cải chua | Gà hấp mắm nhĩ | Cá kho làng vũ đại | Gà sốt nấm đông cô | Nem ghẹ phú quốc | Lẩu cua nấu bầu,1,slot_price_tier_resampling,2,2 | 6
AUG0093,SM200_01,Augmented from Set menu 200.000đ /người (1),200000,budget,https://comnieuvietnam.vn/products/set-menu-200-000d-nguoi-1,6,Cải thìa xào dầu hào | Gà rang gừng | Cá bống kho tộ | Thịt kho trứng | Cá ngừ đại dương sốt cà | Canh cua cà pháo,1,slot_price_tier_resampling,2,4 | 5
AUG0094,SM200_02,Augmented from Set menu 200.000đ /người (2),200000,budget,https://comnieuvietnam.vn/products/set-menu-200-000d-nguoi-2,6,Đậu que xào lòng gà | Gà rang gừng | Cá ngừ đại dương kho thơm | Tôm rim thịt | Tôm rang muối | Canh cua cà pháo,1,slot_price_tier_resampling,3,2 | 4 | 6
AUG0095,SM200_03,Augmented from Set menu 200.000đ /người (3),200000,budget,https://comnieuvietnam.vn/products/set-menu-200-000d-nguoi-3,6,Cải thìa xào dầu hào | Gà chiên nước mắm | Tôm cháy tỏi | Thịt kho trứng | Cá ngừ đại dương sốt cà | Canh cá nấu riêu,1,slot_price_tier_resampling,2,1 | 4
AUG0096,SM250_01,Augmented from Set menu 250.000đ /người (1),250000,standard,https://comnieuvietnam.vn/products/set-menu-250-000d-nguoi-1,6,Gân bò xào cải chua | Gà chiên nước mắm | Bò sốt nấm | Cá dứa kho tộ | Tôm rang muối | Canh chua cá bóp,1,slot_price_tier_resampling,1,2
AUG0097,SM250_02,Augmented from Set menu 250.000đ /người (2),250000,standard,https://comnieuvietnam.vn/products/set-menu-250-000d-nguoi-2,6,Gỏi thái hải sản | Gà chiên nước mắm | Giò heo nấu giả cầy | Tôm càng hấp bia | Tôm cháy tỏi | Lẩu riêu cua sườn sun,1,slot_price_tier_resampling,3,1 | 4 | 6
AUG0098,SM250_03,Augmented from Set menu 250.000đ /người (3),250000,standard,https://comnieuvietnam.vn/products/set-menu-250-000d-nguoi-3,6,Rau rừng gia lai xào bò | Gà kho sả ớt | Thịt rang cháy cạnh | Cá thu sốt cà chua | Tôm chiên nước mắm | Lẩu vịt om sấu,1,slot_price_tier_resampling,2,4 | 6
AUG0099,SM300_01,Augmented from Set menu 300.000đ /người (1),300000,standard,https://comnieuvietnam.vn/products/set-menu-300-000d-nguoi-1,6,Gỏi bò đồng quê | Gà hấp cải xanh | Cá ngừ đại dương lúc lắc | Bò sốt tiêu đen | Tôm càng cháy bơ tỏi | Lẩu vịt om sấu,1,slot_price_tier_resampling,1,3
AUG0100,SM300_02,Augmented from Set menu 300.000đ /người (2),300000,standard,https://comnieuvietnam.vn/products/set-menu-300-000d-nguoi-2,6,Gỏi thái hải sản | Gà hấp mắm nhĩ | Cá kho làng vũ đại | Bắp bò ngâm nước mắm | Tôm càng xanh rang muối | Lẩu riêu cua sườn sun,1,slot_price_tier_resampling,1,6
AUG0101,SM300_03,Augmented from Set menu 300.000đ /người (3),300000,standard,https://comnieuvietnam.vn/products/set-menu-300-000d-nguoi-3,6,Gỏi thái hải sản | Gà hấp mía | Cá ngừ đại dương lúc lắc | Tôm càng hấp bia | Tôm chiên nước mắm | Lẩu riêu cua sườn sun,1,slot_price_tier_resampling,2,1 | 5
AUG0102,SM350_01,Augmented from Set menu 350.000đ /người (1),350000,premium,https://comnieuvietnam.vn/products/set-menu-350-000d-nguoi-1,6,Gân bò xào cải chua | Gà hấp mắm nhĩ | Bắp bò ngâm nước mắm | Gà sốt nấm đông cô | Tôm càng hấp nước dừa | Lẩu vịt om sấu,1,slot_price_tier_resampling,3,1 | 4 | 6
AUG0103,SM350_02,Augmented from Set menu 350.000đ /người (2),350000,premium,https://comnieuvietnam.vn/products/set-menu-350-000d-nguoi-3,6,Gân bò xào cải chua | Chả mực hạ long | Bắp bò ngâm nước mắm | Gà sốt nấm đông cô | Tôm càng hấp nước dừa | Lẩu vịt om sấu,1,slot_price_tier_resampling,2,3 | 5
AUG0104,SM200_01,Augmented from Set menu 200.000đ /người (1),200000,budget,https://comnieuvietnam.vn/products/set-menu-200-000d-nguoi-1,6,Đậu que xào lòng gà | Gà rang gừng | Tôm cháy tỏi | Thịt kho củ cải trắng | Mực chiên nước mắm | Canh cua cà pháo,1,slot_price_tier_resampling,3,1 | 3 | 4
AUG0105,SM200_02,Augmented from Set menu 200.000đ /người (2),200000,budget,https://comnieuvietnam.vn/products/set-menu-200-000d-nguoi-2,6,Đậu que xào lòng gà | Vịt kho gừng | Cá ngừ đại dương kho thơm | Thịt kho trứng | Tôm rang muối | Canh cá nấu riêu,1,slot_price_tier_resampling,1,6
AUG0106,SM200_03,Augmented from Set menu 200.000đ /người (3),200000,budget,https://comnieuvietnam.vn/products/set-menu-200-000d-nguoi-3,6,Đậu que xào lòng gà | Vịt kho gừng | Tôm cháy tỏi | Thịt kho củ cải trắng | Cá ngừ đại dương sốt cà | Canh cua cà pháo,1,slot_price_tier_resampling,3,1 | 2 | 6
AUG0107,SM250_01,Augmented from Set menu 250.000đ /người (1),250000,standard,https://comnieuvietnam.vn/products/set-menu-250-000d-nguoi-1,6,Gân bò xào cải chua | Gà hấp mắm nhĩ | Bò sốt nấm | Cá dứa kho tộ | Tôm rang muối | Lẩu ngót cá chim,1,slot_price_tier_resampling,1,6
AUG0108,SM250_02,Augmented from Set menu 250.000đ /người (2),250000,standard,https://comnieuvietnam.vn/products/set-menu-250-000d-nguoi-2,6,Gỏi bò đồng quê | Gà chiên nước mắm | Giò heo nấu giả cầy | Cá thu sốt cà chua | Tôm càng cháy bơ tỏi | Canh chua cá dứa,1,slot_price_tier_resampling,2,1 | 5
AUG0109,SM250_03,Augmented from Set menu 250.000đ /người (3),250000,standard,https://comnieuvietnam.vn/products/set-menu-250-000d-nguoi-3,6,Rau rừng gia lai xào bò | Gà kho sả ớt | Thịt rang cháy cạnh | Cá chim hấp hong kong | Tôm càng xanh rang muối | Lẩu vịt om sấu,1,slot_price_tier_resampling,2,5 | 6
AUG0110,SM300_02,Augmented from Set menu 300.000đ /người (2),300000,standard,https://comnieuvietnam.vn/products/set-menu-300-000d-nguoi-2,6,Gỏi thái hải sản | Gà hấp mía | Cá kho làng vũ đại | Bắp bò ngâm nước mắm | Tôm cháy tỏi | Lẩu ngót cá chim,1,slot_price_tier_resampling,2,2 | 5
AUG0111,SM300_03,Augmented from Set menu 300.000đ /người (3),300000,standard,https://comnieuvietnam.vn/products/set-menu-300-000d-nguoi-3,6,Salad cải mầm bò | Gà kho sả ớt | Bò sốt nấm | Tôm càng hấp bia | Tôm càng cháy bơ tỏi | Lẩu riêu cua sườn sun,1,slot_price_tier_resampling,3,2 | 3 | 5
AUG0112,SM350_01,Augmented from Set menu 350.000đ /người (1),350000,premium,https://comnieuvietnam.vn/products/set-menu-350-000d-nguoi-1,6,Gỏi tiến vua tôm thịt | Chả mực hạ long | Bắp bò ngâm nước mắm | Gà sốt nấm đông cô | Tôm càng hấp nước dừa | Lẩu cua nấu bầu,1,slot_price_tier_resampling,2,2 | 4
AUG0113,SM200_02,Augmented from Set menu 200.000đ /người (2),200000,budget,https://comnieuvietnam.vn/products/set-menu-200-000d-nguoi-2,6,Đậu que xào lòng gà | Vịt kho gừng | Tôm cháy tỏi | Thịt kho trứng | Tôm rang muối | Canh thát lát khổ qua,1,slot_price_tier_resampling,1,3
AUG0114,SM200_03,Augmented from Set menu 200.000đ /người (3),200000,budget,https://comnieuvietnam.vn/products/set-menu-200-000d-nguoi-3,6,Cải thìa xào dầu hào | Gà rang gừng | Tôm cháy tỏi | Thịt kho củ cải trắng | Cá ngừ đại dương sốt cà | Canh cá nấu riêu,1,slot_price_tier_resampling,2,1 | 2
AUG0115,SM250_01,Augmented from Set menu 250.000đ /người (1),250000,standard,https://comnieuvietnam.vn/products/set-menu-250-000d-nguoi-1,6,Đậu que xào bò | Gà hấp mắm nhĩ | Bò sốt nấm | Cá dứa kho tộ | Tôm rang muối | Lẩu vịt om sấu,1,slot_price_tier_resampling,2,1 | 6
AUG0116,SM250_02,Augmented from Set menu 250.000đ /người (2),250000,standard,https://comnieuvietnam.vn/products/set-menu-250-000d-nguoi-2,6,Đậu que xào bò | Gà hấp cải xanh | Giò heo nấu giả cầy | Cá thu sốt cà chua | Tôm càng xanh rang muối | Canh chua cá dứa,1,slot_price_tier_resampling,2,2 | 5
AUG0117,SM250_03,Augmented from Set menu 250.000đ /người (3),250000,standard,https://comnieuvietnam.vn/products/set-menu-250-000d-nguoi-3,6,Rau rừng gia lai xào bò | Gà hấp mía | Thịt rang cháy cạnh | Cá chim hấp hong kong | Tôm chiên nước mắm | Canh hến (dắt) mồng tơi,1,slot_price_tier_resampling,1,2
AUG0118,SM300_02,Augmented from Set menu 300.000đ /người (2),300000,standard,https://comnieuvietnam.vn/products/set-menu-300-000d-nguoi-2,6,Gỏi thái hải sản | Gà hấp mắm nhĩ | Giò heo nấu giả cầy | Bắp bò ngâm nước mắm | Tôm càng xanh rang muối | Lẩu ngót cá chim,1,slot_price_tier_resampling,1,3
AUG0119,SM300_03,Augmented from Set menu 300.000đ /người (3),300000,standard,https://comnieuvietnam.vn/products/set-menu-300-000d-nguoi-3,6,Salad cải mầm bò | Gà hấp mía | Cá ngừ đại dương lúc lắc | Tôm càng hấp bia | Tôm càng xanh rang muối | Lẩu riêu cua sườn sun,1,slot_price_tier_resampling,1,5
AUG0120,SM200_01,Augmented from Set menu 200.000đ /người (1),200000,budget,https://comnieuvietnam.vn/products/set-menu-200-000d-nguoi-1,6,Rau luộc thập cẩm kho quẹt | Gà rang gừng | Cá bống kho tộ | Tôm rim thịt | Tôm rang muối | Canh cua cà pháo,1,slot_price_tier_resampling,2,1 | 5
AUG0121,SM200_02,Augmented from Set menu 200.000đ /người (2),200000,budget,https://comnieuvietnam.vn/products/set-menu-200-000d-nguoi-2,6,Đậu que xào lòng gà | Vịt kho gừng | Tôm cháy tỏi | Thịt kho trứng | Mực chiên nước mắm | Canh thát lát khổ qua,1,slot_price_tier_resampling,2,3 | 5
AUG0122,SM200_03,Augmented from Set menu 200.000đ /người (3),200000,budget,https://comnieuvietnam.vn/products/set-menu-200-000d-nguoi-3,6,Rau luộc thập cẩm kho quẹt | Gà rang gừng | Tôm cháy tỏi | Thịt kho củ cải trắng | Cá ngừ đại dương sốt cà | Canh cá nấu riêu,1,slot_price_tier_resampling,1,2
AUG0123,SM250_01,Augmented from Set menu 250.000đ /người (1),250000,standard,https://comnieuvietnam.vn/products/set-menu-250-000d-nguoi-1,6,Gân bò xào cải chua | Gà hấp mắm nhĩ | Cá kho làng vũ đại | Cá dứa kho tộ | Tôm càng xanh rang muối | Canh chua cá bóp,1,slot_price_tier_resampling,2,3 | 5
AUG0124,SM250_02,Augmented from Set menu 250.000đ /người (2),250000,standard,https://comnieuvietnam.vn/products/set-menu-250-000d-nguoi-2,6,Đậu que xào bò | Gà hấp cải xanh | Giò heo nấu giả cầy | Cá thu sốt cà chua | Tôm cháy tỏi | Canh chua cá dứa,1,slot_price_tier_resampling,1,2
AUG0125,SM250_03,Augmented from Set menu 250.000đ /người (3),250000,standard,https://comnieuvietnam.vn/products/set-menu-250-000d-nguoi-3,6,Đậu que xào bò | Gà kho sả ớt | Thịt rang cháy cạnh | Bắp bò ngâm nước mắm | Tôm chiên nước mắm | Canh chua cá bóp,1,slot_price_tier_resampling,3,1 | 4 | 6
AUG0126,SM300_01,Augmented from Set menu 300.000đ /người (1),300000,standard,https://comnieuvietnam.vn/products/set-menu-300-000d-nguoi-1,6,Gỏi bò đồng quê | Gà hấp mía | Thịt rang cháy cạnh | Bò sốt tiêu đen | Tôm càng cháy bơ tỏi | Lẩu vịt om sấu,1,slot_price_tier_resampling,2,2 | 3
AUG0127,SM300_02,Augmented from Set menu 300.000đ /người (2),300000,standard,https://comnieuvietnam.vn/products/set-menu-300-000d-nguoi-2,6,Gỏi thái hải sản | Gà hấp mắm nhĩ | Cá kho làng vũ đại | Cá thu sốt cà chua | Tôm càng xanh rang muối | Canh hến (dắt) mồng tơi,1,slot_price_tier_resampling,2,4 | 6
AUG0128,SM300_03,Augmented from Set menu 300.000đ /người (3),300000,standard,https://comnieuvietnam.vn/products/set-menu-300-000d-nguoi-3,6,Salad cải mầm bò | Gà chiên nước mắm | Cá ngừ đại dương lúc lắc | Tôm càng hấp bia | Mực 1 nắng chiên nước mắm | Lẩu riêu cua sườn sun,1,slot_price_tier_resampling,1,2
AUG0129,SM350_02,Augmented from Set menu 350.000đ /người (2),350000,premium,https://comnieuvietnam.vn/products/set-menu-350-000d-nguoi-3,6,Gỏi tiến vua tôm thịt | Gà hấp mắm nhĩ | Cá kho làng vũ đại | Gà sốt nấm đông cô | Nem ghẹ phú quốc | Lẩu vịt om sấu,1,slot_price_tier_resampling,2,1 | 2
AUG0130,SM200_01,Augmented from Set menu 200.000đ /người (1),200000,budget,https://comnieuvietnam.vn/products/set-menu-200-000d-nguoi-1,6,Cải thìa xào dầu hào | Vịt kho gừng | Cá bống kho tộ | Thịt kho trứng | Tôm rang muối | Canh cua cà pháo,1,slot_price_tier_resampling,3,2 | 4 | 5
AUG0131,SM200_03,Augmented from Set menu 200.000đ /người (3),200000,budget,https://comnieuvietnam.vn/products/set-menu-200-000d-nguoi-3,6,Rau luộc thập cẩm kho quẹt | Gà chiên nước mắm | Tôm cháy tỏi | Thịt kho trứng | Tôm rang muối | Canh cá nấu riêu,1,slot_price_tier_resampling,2,4 | 5
AUG0132,SM250_01,Augmented from Set menu 250.000đ /người (1),250000,standard,https://comnieuvietnam.vn/products/set-menu-250-000d-nguoi-1,6,Gân bò xào cải chua | Gà hấp mắm nhĩ | Bò sốt nấm | Cá thu sốt cà chua | Tôm rang muối | Canh chua cá dứa,1,slot_price_tier_resampling,2,4 | 6
AUG0133,SM250_02,Augmented from Set menu 250.000đ /người (2),250000,standard,https://comnieuvietnam.vn/products/set-menu-250-000d-nguoi-2,6,Đậu que xào bò | Gà chiên nước mắm | Cá bống mú chưng tương | Cá dứa kho tộ | Tôm cháy tỏi | Canh chua cá dứa,1,slot_price_tier_resampling,2,3 | 4
AUG0134,SM250_03,Augmented from Set menu 250.000đ /người (3),250000,standard,https://comnieuvietnam.vn/products/set-menu-250-000d-nguoi-3,6,Gỏi thái hải sản | Gà kho sả ớt | Bò sốt nấm | Cá chim hấp hong kong | Tôm càng cháy bơ tỏi | Canh hến (dắt) mồng tơi,1,slot_price_tier_resampling,3,1 | 3 | 5
AUG0135,SM300_01,Augmented from Set menu 300.000đ /người (1),300000,standard,https://comnieuvietnam.vn/products/set-menu-300-000d-nguoi-1,6,Gỏi bò đồng quê | Gà hấp cải xanh | Cá bống mú chưng tương | Tôm càng hấp bia | Tôm càng xanh rang muối | Lẩu vịt om sấu,1,slot_price_tier_resampling,2,4 | 5
AUG0136,SM300_02,Augmented from Set menu 300.000đ /người (2),300000,standard,https://comnieuvietnam.vn/products/set-menu-300-000d-nguoi-2,6,Gân bò xào cải chua | Gà hấp mắm nhĩ | Cá bống mú chưng tương | Bắp bò ngâm nước mắm | Mực 1 nắng chiên nước mắm | Lẩu ngót cá chim,1,slot_price_tier_resampling,3,1 | 3 | 5
AUG0137,SM300_03,Augmented from Set menu 300.000đ /người (3),300000,standard,https://comnieuvietnam.vn/products/set-menu-300-000d-nguoi-3,6,Salad cải mầm bò | Gà hấp mía | Cá ngừ đại dương lúc lắc | Tôm càng hấp bia | Mực 1 nắng chiên nước mắm | Canh hến (dắt) mồng tơi,1,slot_price_tier_resampling,1,6
AUG0138,SM200_01,Augmented from Set menu 200.000đ /người (1),200000,budget,https://comnieuvietnam.vn/products/set-menu-200-000d-nguoi-1,6,Cải thìa xào dầu hào | Gà rang gừng | Tôm cháy tỏi | Tôm rim thịt | Mực chiên nước mắm | Canh cua cà pháo,1,slot_price_tier_resampling,1,3
AUG0139,SM200_02,Augmented from Set menu 200.000đ /người (2),200000,budget,https://comnieuvietnam.vn/products/set-menu-200-000d-nguoi-2,6,Đậu que xào lòng gà | Gà chiên nước mắm | Cá ngừ đại dương kho thơm | Thịt kho củ cải trắng | Tôm rang muối | Canh thát lát khổ qua,1,slot_price_tier_resampling,2,2 | 4
AUG0140,SM200_03,Augmented from Set menu 200.000đ /người (3),200000,budget,https://comnieuvietnam.vn/products/set-menu-200-000d-nguoi-3,6,Đậu que xào lòng gà | Gà chiên nước mắm | Tôm cháy tỏi | Thịt kho củ cải trắng | Cá ngừ đại dương sốt cà | Canh cá nấu riêu,1,slot_price_tier_resampling,1,1
AUG0141,SM250_01,Augmented from Set menu 250.000đ /người (1),250000,standard,https://comnieuvietnam.vn/products/set-menu-250-000d-nguoi-1,6,Salad cải mầm bò | Gà hấp mắm nhĩ | Bò sốt nấm | Cá dứa kho tộ | Tôm cháy tỏi | Lẩu riêu cua sườn sun,1,slot_price_tier_resampling,3,1 | 5 | 6
AUG0142,SM250_02,Augmented from Set menu 250.000đ /người (2),250000,standard,https://comnieuvietnam.vn/products/set-menu-250-000d-nguoi-2,6,Đậu que xào bò | Gà chiên nước mắm | Cá bống mú chưng tương | Tôm càng hấp bia | Tôm cháy tỏi | Canh chua cá bóp,1,slot_price_tier_resampling,3,3 | 4 | 6
AUG0143,SM250_03,Augmented from Set menu 250.000đ /người (3),250000,standard,https://comnieuvietnam.vn/products/set-menu-250-000d-nguoi-3,6,Rau rừng gia lai xào bò | Gà hấp mía | Thịt rang cháy cạnh | Cá chim hấp hong kong | Tôm chiên nước mắm | Lẩu ngót cá chim,1,slot_price_tier_resampling,2,2 | 6
AUG0144,SM300_01,Augmented from Set menu 300.000đ /người (1),300000,standard,https://comnieuvietnam.vn/products/set-menu-300-000d-nguoi-1,6,Gỏi bò đồng quê | Gà hấp cải xanh | Cá bống mú chưng tương | Bò sốt tiêu đen | Tôm càng cháy bơ tỏi | Canh chua cá bóp,1,slot_price_tier_resampling,1,6
AUG0145,SM300_02,Augmented from Set menu 300.000đ /người (2),300000,standard,https://comnieuvietnam.vn/products/set-menu-300-000d-nguoi-2,6,Salad cải mầm bò | Gà hấp mắm nhĩ | Cá bống mú chưng tương | Bắp bò ngâm nước mắm | Tôm càng xanh rang muối | Lẩu ngót cá chim,1,slot_price_tier_resampling,2,1 | 3
AUG0146,SM300_03,Augmented from Set menu 300.000đ /người (3),300000,standard,https://comnieuvietnam.vn/products/set-menu-300-000d-nguoi-3,6,Salad cải mầm bò | Gà kho sả ớt | Cá ngừ đại dương lúc lắc | Tôm càng hấp bia | Mực 1 nắng chiên nước mắm | Lẩu vịt om sấu,1,slot_price_tier_resampling,2,2 | 6
AUG0147,SM200_01,Augmented from Set menu 200.000đ /người (1),200000,budget,https://comnieuvietnam.vn/products/set-menu-200-000d-nguoi-1,6,Đậu que xào lòng gà | Gà chiên nước mắm | Cá bống kho tộ | Tôm rim thịt | Mực chiên nước mắm | Canh cua cà pháo,1,slot_price_tier_resampling,2,1 | 2
AUG0148,SM200_02,Augmented from Set menu 200.000đ /người (2),200000,budget,https://comnieuvietnam.vn/products/set-menu-200-000d-nguoi-2,6,Đậu que xào lòng gà | Gà rang gừng | Cá ngừ đại dương kho thơm | Thịt kho trứng | Cá ngừ đại dương sốt cà | Canh cá nấu riêu,1,slot_price_tier_resampling,3,2 | 5 | 6
AUG0149,SM200_03,Augmented from Set menu 200.000đ /người (3),200000,budget,https://comnieuvietnam.vn/products/set-menu-200-000d-nguoi-3,6,Đậu que xào lòng gà | Gà rang gừng | Tôm cháy tỏi | Thịt kho củ cải trắng | Cá ngừ đại dương sốt cà | Canh cá nấu riêu,1,slot_price_tier_resampling,2,1 | 2
AUG0150,SM250_01,Augmented from Set menu 250.000đ /người (1),250000,standard,https://comnieuvietnam.vn/products/set-menu-250-000d-nguoi-1,6,Gân bò xào cải chua | Gà hấp mía | Bò sốt nấm | Cá dứa kho tộ | Tôm càng xanh rang muối | Canh chua cá bóp,1,slot_price_tier_resampling,2,2 | 5
AUG0151,SM250_02,Augmented from Set menu 250.000đ /người (2),250000,standard,https://comnieuvietnam.vn/products/set-menu-250-000d-nguoi-2,6,Đậu que xào bò | Gà chiên nước mắm | Giò heo nấu giả cầy | Bắp bò ngâm nước mắm | Tôm cháy tỏi | Canh chua cá dứa,1,slot_price_tier_resampling,1,4
AUG0152,SM250_03,Augmented from Set menu 250.000đ /người (3),250000,standard,https://comnieuvietnam.vn/products/set-menu-250-000d-nguoi-3,6,Rau rừng gia lai xào bò | Gà kho sả ớt | Thịt rang cháy cạnh | Cá chim hấp hong kong | Mực 1 nắng chiên nước mắm | Canh hến (dắt) mồng tơi,1,slot_price_tier_resampling,1,5
AUG0153,SM300_01,Augmented from Set menu 300.000đ /người (1),300000,standard,https://comnieuvietnam.vn/products/set-menu-300-000d-nguoi-1,6,Gỏi bò đồng quê | Gà hấp mắm nhĩ | Cá bống mú chưng tương | Bò sốt tiêu đen | Tôm càng cháy bơ tỏi | Lẩu vịt om sấu,1,slot_price_tier_resampling,1,2
AUG0154,SM300_02,Augmented from Set menu 300.000đ /người (2),300000,standard,https://comnieuvietnam.vn/products/set-menu-300-000d-nguoi-2,6,Gỏi thái hải sản | Gà hấp mắm nhĩ | Cá kho làng vũ đại | Cá thu sốt cà chua | Tôm càng xanh rang muối | Lẩu ngót cá chim,1,slot_price_tier_resampling,1,4
AUG0155,SM300_03,Augmented from Set menu 300.000đ /người (3),300000,standard,https://comnieuvietnam.vn/products/set-menu-300-000d-nguoi-3,6,Salad cải mầm bò | Gà hấp mắm nhĩ | Cá kho làng vũ đại | Tôm càng hấp bia | Mực 1 nắng chiên nước mắm | Canh hến (dắt) mồng tơi,1,slot_price_tier_resampling,3,2 | 3 | 6
AUG0156,SM200_03,Augmented from Set menu 200.000đ /người (3),200000,budget,https://comnieuvietnam.vn/products/set-menu-200-000d-nguoi-3,6,Rau luộc thập cẩm kho quẹt | Vịt kho gừng | Tôm cháy tỏi | Thịt kho trứng | Cá ngừ đại dương sốt cà | Canh cá nấu riêu,1,slot_price_tier_resampling,2,2 | 4
AUG0157,SM250_01,Augmented from Set menu 250.000đ /người (1),250000,standard,https://comnieuvietnam.vn/products/set-menu-250-000d-nguoi-1,6,Gân bò xào cải chua | Gà hấp mắm nhĩ | Bò sốt nấm | Cá dứa kho tộ | Tôm chiên nước mắm | Canh chua cá bóp,1,slot_price_tier_resampling,1,5
AUG0158,SM250_02,Augmented from Set menu 250.000đ /người (2),250000,standard,https://comnieuvietnam.vn/products/set-menu-250-000d-nguoi-2,6,Đậu que xào bò | Gà chiên nước mắm | Thịt rang cháy cạnh | Cá thu sốt cà chua | Tôm cháy tỏi | Canh hến (dắt) mồng tơi,1,slot_price_tier_resampling,2,3 | 6
AUG0159,SM250_03,Augmented from Set menu 250.000đ /người (3),250000,standard,https://comnieuvietnam.vn/products/set-menu-250-000d-nguoi-3,6,Rau rừng gia lai xào bò | Gà kho sả ớt | Thịt rang cháy cạnh | Tôm càng hấp bia | Tôm chiên nước mắm | Lẩu ngót cá chim,1,slot_price_tier_resampling,2,4 | 6
AUG0160,SM300_01,Augmented from Set menu 300.000đ /người (1),300000,standard,https://comnieuvietnam.vn/products/set-menu-300-000d-nguoi-1,6,Gân bò xào cải chua | Gà hấp cải xanh | Cá bống mú chưng tương | Bò sốt tiêu đen | Tôm càng xanh rang muối | Canh chua cá bóp,1,slot_price_tier_resampling,3,1 | 5 | 6
AUG0161,SM300_02,Augmented from Set menu 300.000đ /người (2),300000,standard,https://comnieuvietnam.vn/products/set-menu-300-000d-nguoi-2,6,Gỏi thái hải sản | Gà hấp mắm nhĩ | Cá kho làng vũ đại | Bắp bò ngâm nước mắm | Tôm chiên nước mắm | Lẩu riêu cua sườn sun,1,slot_price_tier_resampling,2,5 | 6
AUG0162,SM200_02,Augmented from Set menu 200.000đ /người (2),200000,budget,https://comnieuvietnam.vn/products/set-menu-200-000d-nguoi-2,6,Rau luộc thập cẩm kho quẹt | Vịt kho gừng | Cá ngừ đại dương kho thơm | Thịt kho trứng | Tôm rang muối | Canh cá nấu riêu,1,slot_price_tier_resampling,2,1 | 6
AUG0163,SM250_01,Augmented from Set menu 250.000đ /người (1),250000,standard,https://comnieuvietnam.vn/products/set-menu-250-000d-nguoi-1,6,Rau rừng gia lai xào bò | Gà hấp mắm nhĩ | Giò heo nấu giả cầy | Bắp bò ngâm nước mắm | Tôm rang muối | Canh chua cá bóp,1,slot_price_tier_resampling,3,1 | 3 | 4
AUG0164,SM250_02,Augmented from Set menu 250.000đ /người (2),250000,standard,https://comnieuvietnam.vn/products/set-menu-250-000d-nguoi-2,6,Salad cải mầm bò | Gà chiên nước mắm | Giò heo nấu giả cầy | Cá thu sốt cà chua | Tôm càng xanh rang muối | Lẩu ngót cá chim,1,slot_price_tier_resampling,3,1 | 5 | 6
AUG0165,SM250_03,Augmented from Set menu 250.000đ /người (3),250000,standard,https://comnieuvietnam.vn/products/set-menu-250-000d-nguoi-3,6,Rau rừng gia lai xào bò | Gà hấp mắm nhĩ | Cá ngừ đại dương lúc lắc | Cá chim hấp hong kong | Tôm chiên nước mắm | Canh hến (dắt) mồng tơi,1,slot_price_tier_resampling,2,2 | 3
AUG0166,SM300_01,Augmented from Set menu 300.000đ /người (1),300000,standard,https://comnieuvietnam.vn/products/set-menu-300-000d-nguoi-1,6,Gỏi bò đồng quê | Gà hấp cải xanh | Cá bống mú chưng tương | Bò sốt tiêu đen | Tôm rang muối | Lẩu riêu cua sườn sun,1,slot_price_tier_resampling,2,5 | 6
AUG0167,SM300_02,Augmented from Set menu 300.000đ /người (2),300000,standard,https://comnieuvietnam.vn/products/set-menu-300-000d-nguoi-2,6,Gỏi thái hải sản | Gà hấp cải xanh | Cá kho làng vũ đại | Bắp bò ngâm nước mắm | Tôm càng xanh rang muối | Lẩu riêu cua sườn sun,1,slot_price_tier_resampling,2,2 | 6
AUG0168,SM300_03,Augmented from Set menu 300.000đ /người (3),300000,standard,https://comnieuvietnam.vn/products/set-menu-300-000d-nguoi-3,6,Salad cải mầm bò | Gà hấp mắm nhĩ | Cá ngừ đại dương lúc lắc | Tôm càng hấp bia | Mực 1 nắng chiên nước mắm | Canh chua cá bóp,1,slot_price_tier_resampling,2,2 | 6
AUG0169,SM200_01,Augmented from Set menu 200.000đ /người (1),200000,budget,https://comnieuvietnam.vn/products/set-menu-200-000d-nguoi-1,6,Cải thìa xào dầu hào | Gà chiên nước mắm | Cá ngừ đại dương kho thơm | Tôm rim thịt | Cá ngừ đại dương sốt cà | Canh cua cà pháo,1,slot_price_tier_resampling,3,2 | 3 | 5
AUG0170,SM200_02,Augmented from Set menu 200.000đ /người (2),200000,budget,https://comnieuvietnam.vn/products/set-menu-200-000d-nguoi-2,6,Đậu que xào lòng gà | Vịt kho gừng | Cá ngừ đại dương kho thơm | Thịt kho củ cải trắng | Tôm rang muối | Canh thát lát khổ qua,1,slot_price_tier_resampling,1,4
AUG0171,SM200_03,Augmented from Set menu 200.000đ /người (3),200000,budget,https://comnieuvietnam.vn/products/set-menu-200-000d-nguoi-3,6,Rau luộc thập cẩm kho quẹt | Gà chiên nước mắm | Tôm cháy tỏi | Thịt kho củ cải trắng | Cá ngừ đại dương sốt cà | Canh thát lát khổ qua,1,slot_price_tier_resampling,1,6
AUG0172,SM250_01,Augmented from Set menu 250.000đ /người (1),250000,standard,https://comnieuvietnam.vn/products/set-menu-250-000d-nguoi-1,6,Gân bò xào cải chua | Gà hấp mắm nhĩ | Giò heo nấu giả cầy | Cá dứa kho tộ | Tôm chiên nước mắm | Lẩu riêu cua sườn sun,1,slot_price_tier_resampling,3,3 | 5 | 6
AUG0173,SM250_02,Augmented from Set menu 250.000đ /người (2),250000,standard,https://comnieuvietnam.vn/products/set-menu-250-000d-nguoi-2,6,Đậu que xào bò | Gà chiên nước mắm | Giò heo nấu giả cầy | Cá thu sốt cà chua | Tôm cháy tỏi | Canh hến (dắt) mồng tơi,1,slot_price_tier_resampling,1,6
AUG0174,SM250_03,Augmented from Set menu 250.000đ /người (3),250000,standard,https://comnieuvietnam.vn/products/set-menu-250-000d-nguoi-3,6,Rau rừng gia lai xào bò | Gà kho sả ớt | Cá ngừ đại dương lúc lắc | Cá chim hấp hong kong | Tôm chiên nước mắm | Canh hến (dắt) mồng tơi,1,slot_price_tier_resampling,1,3
AUG0175,SM300_01,Augmented from Set menu 300.000đ /người (1),300000,standard,https://comnieuvietnam.vn/products/set-menu-300-000d-nguoi-1,6,Gỏi bò đồng quê | Gà hấp cải xanh | Cá bống mú chưng tương | Bắp bò ngâm nước mắm | Tôm rang muối | Canh chua cá bóp,1,slot_price_tier_resampling,3,4 | 5 | 6
AUG0176,SM300_02,Augmented from Set menu 300.000đ /người (2),300000,standard,https://comnieuvietnam.vn/products/set-menu-300-000d-nguoi-2,6,Rau rừng gia lai xào bò | Gà hấp mắm nhĩ | Thịt rang cháy cạnh | Bò sốt tiêu đen | Tôm càng xanh rang muối | Lẩu ngót cá chim,1,slot_price_tier_resampling,3,1 | 3 | 4
AUG0177,SM300_03,Augmented from Set menu 300.000đ /người (3),300000,standard,https://comnieuvietnam.vn/products/set-menu-300-000d-nguoi-3,6,Salad cải mầm bò | Gà hấp mía | Cá kho làng vũ đại | Tôm càng hấp bia | Tôm chiên nước mắm | Lẩu vịt om sấu,1,slot_price_tier_resampling,3,3 | 5 | 6
AUG0178,SM200_02,Augmented from Set menu 200.000đ /người (2),200000,budget,https://comnieuvietnam.vn/products/set-menu-200-000d-nguoi-2,6,Rau luộc thập cẩm kho quẹt | Gà chiên nước mắm | Cá ngừ đại dương kho thơm | Thịt kho trứng | Tôm rang muối | Canh cá nấu riêu,1,slot_price_tier_resampling,3,1 | 2 | 6
AUG0179,SM250_01,Augmented from Set menu 250.000đ /người (1),250000,standard,https://comnieuvietnam.vn/products/set-menu-250-000d-nguoi-1,6,Gỏi bò đồng quê | Gà kho sả ớt | Bò sốt nấm | Cá dứa kho tộ | Tôm rang muối | Canh chua cá bóp,1,slot_price_tier_resampling,2,1 | 2
AUG0180,SM250_02,Augmented from Set menu 250.000đ /người (2),250000,standard,https://comnieuvietnam.vn/products/set-menu-250-000d-nguoi-2,6,Đậu que xào bò | Gà chiên nước mắm | Giò heo nấu giả cầy | Cá dứa kho tộ | Tôm cháy tỏi | Canh chua cá dứa,1,slot_price_tier_resampling,1,4
AUG0181,SM250_03,Augmented from Set menu 250.000đ /người (3),250000,standard,https://comnieuvietnam.vn/products/set-menu-250-000d-nguoi-3,6,Rau rừng gia lai xào bò | Gà kho sả ớt | Thịt rang cháy cạnh | Cá chim hấp hong kong | Tôm chiên nước mắm | Lẩu ngót cá chim,1,slot_price_tier_resampling,1,6
AUG0182,SM300_01,Augmented from Set menu 300.000đ /người (1),300000,standard,https://comnieuvietnam.vn/products/set-menu-300-000d-nguoi-1,6,Gỏi thái hải sản | Gà hấp cải xanh | Cá bống mú chưng tương | Bò sốt tiêu đen | Tôm càng cháy bơ tỏi | Lẩu vịt om sấu,1,slot_price_tier_resampling,1,1
AUG0183,SM300_02,Augmented from Set menu 300.000đ /người (2),300000,standard,https://comnieuvietnam.vn/products/set-menu-300-000d-nguoi-2,6,Gỏi thái hải sản | Gà hấp mắm nhĩ | Cá kho làng vũ đại | Bắp bò ngâm nước mắm | Tôm càng xanh rang muối | Canh chua cá dứa,1,slot_price_tier_resampling,1,6
AUG0184,SM300_03,Augmented from Set menu 300.000đ /người (3),300000,standard,https://comnieuvietnam.vn/products/set-menu-300-000d-nguoi-3,6,Salad cải mầm bò | Gà hấp mía | Cá ngừ đại dương lúc lắc | Tôm càng hấp bia | Tôm rang muối | Lẩu riêu cua sườn sun,1,slot_price_tier_resampling,1,5
AUG0185,SM350_01,Augmented from Set menu 350.000đ /người (1),350000,premium,https://comnieuvietnam.vn/products/set-menu-350-000d-nguoi-1,6,Gỏi tiến vua tôm thịt | Gà hấp mắm nhĩ | Bắp bò ngâm nước mắm | Gà sốt nấm đông cô | Tôm càng hấp nước dừa | Lẩu cua nấu bầu,1,slot_price_tier_resampling,1,4
AUG0186,SM200_01,Augmented from Set menu 200.000đ /người (1),200000,budget,https://comnieuvietnam.vn/products/set-menu-200-000d-nguoi-1,6,Đậu que xào lòng gà | Gà rang gừng | Cá bống kho tộ | Tôm rim thịt | Mực chiên nước mắm | Canh cua cà pháo,1,slot_price_tier_resampling,1,1
AUG0187,SM200_03,Augmented from Set menu 200.000đ /người (3),200000,budget,https://comnieuvietnam.vn/products/set-menu-200-000d-nguoi-3,6,Rau luộc thập cẩm kho quẹt | Gà chiên nước mắm | Tôm cháy tỏi | Tôm rim thịt | Cá ngừ đại dương sốt cà | Canh cá nấu riêu,1,slot_price_tier_resampling,1,4
AUG0188,SM250_01,Augmented from Set menu 250.000đ /người (1),250000,standard,https://comnieuvietnam.vn/products/set-menu-250-000d-nguoi-1,6,Gân bò xào cải chua | Gà hấp mắm nhĩ | Bò sốt nấm | Bắp bò ngâm nước mắm | Tôm rang muối | Canh chua cá bóp,1,slot_price_tier_resampling,1,4
AUG0189,SM250_02,Augmented from Set menu 250.000đ /người (2),250000,standard,https://comnieuvietnam.vn/products/set-menu-250-000d-nguoi-2,6,Đậu que xào bò | Gà hấp mắm nhĩ | Cá bống mú chưng tương | Cá chim hấp hong kong | Tôm cháy tỏi | Canh chua cá dứa,1,slot_price_tier_resampling,3,2 | 3 | 4
AUG0190,SM250_03,Augmented from Set menu 250.000đ /người (3),250000,standard,https://comnieuvietnam.vn/products/set-menu-250-000d-nguoi-3,6,Rau rừng gia lai xào bò | Gà hấp mía | Thịt rang cháy cạnh | Bắp bò ngâm nước mắm | Tôm chiên nước mắm | Canh hến (dắt) mồng tơi,1,slot_price_tier_resampling,2,2 | 4
AUG0191,SM300_01,Augmented from Set menu 300.000đ /người (1),300000,standard,https://comnieuvietnam.vn/products/set-menu-300-000d-nguoi-1,6,Gân bò xào cải chua | Gà hấp cải xanh | Cá bống mú chưng tương | Bò sốt tiêu đen | Tôm càng cháy bơ tỏi | Canh chua cá dứa,1,slot_price_tier_resampling,2,1 | 6
AUG0192,SM300_02,Augmented from Set menu 300.000đ /người (2),300000,standard,https://comnieuvietnam.vn/products/set-menu-300-000d-nguoi-2,6,Gỏi thái hải sản | Gà hấp mắm nhĩ | Cá kho làng vũ đại | Bắp bò ngâm nước mắm | Tôm càng xanh rang muối | Canh hến (dắt) mồng tơi,1,slot_price_tier_resampling,1,6
AUG0193,SM300_03,Augmented from Set menu 300.000đ /người (3),300000,standard,https://comnieuvietnam.vn/products/set-menu-300-000d-nguoi-3,6,Salad cải mầm bò | Gà hấp cải xanh | Thịt rang cháy cạnh | Tôm càng hấp bia | Mực 1 nắng chiên nước mắm | Lẩu riêu cua sườn sun,1,slot_price_tier_resampling,2,2 | 3
AUG0194,SM350_01,Augmented from Set menu 350.000đ /người (1),350000,premium,https://comnieuvietnam.vn/products/set-menu-350-000d-nguoi-1,6,Gân bò xào cải chua | Gà hấp mắm nhĩ | Bắp bò ngâm nước mắm | Gà sốt nấm đông cô | Tôm càng hấp nước dừa | Lẩu cua nấu bầu,1,slot_price_tier_resampling,2,1 | 4
AUG0195,SM200_01,Augmented from Set menu 200.000đ /người (1),200000,budget,https://comnieuvietnam.vn/products/set-menu-200-000d-nguoi-1,6,Đậu que xào lòng gà | Gà rang gừng | Cá bống kho tộ | Tôm rim thịt | Cá ngừ đại dương sốt cà | Canh cua cà pháo,1,slot_price_tier_resampling,2,1 | 5
AUG0196,SM200_02,Augmented from Set menu 200.000đ /người (2),200000,budget,https://comnieuvietnam.vn/products/set-menu-200-000d-nguoi-2,6,Đậu que xào lòng gà | Vịt kho gừng | Cá ngừ đại dương kho thơm | Thịt kho trứng | Cá ngừ đại dương sốt cà | Canh thát lát khổ qua,1,slot_price_tier_resampling,1,5
AUG0197,SM250_01,Augmented from Set menu 250.000đ /người (1),250000,standard,https://comnieuvietnam.vn/products/set-menu-250-000d-nguoi-1,6,Gân bò xào cải chua | Gà hấp mắm nhĩ | Bò sốt nấm | Cá dứa kho tộ | Tôm rang muối | Lẩu riêu cua sườn sun,1,slot_price_tier_resampling,1,6
AUG0198,SM250_02,Augmented from Set menu 250.000đ /người (2),250000,standard,https://comnieuvietnam.vn/products/set-menu-250-000d-nguoi-2,6,Đậu que xào bò | Gà hấp mía | Cá kho làng vũ đại | Bắp bò ngâm nước mắm | Tôm cháy tỏi | Canh chua cá dứa,1,slot_price_tier_resampling,3,2 | 3 | 4
AUG0199,SM250_03,Augmented from Set menu 250.000đ /người (3),250000,standard,https://comnieuvietnam.vn/products/set-menu-250-000d-nguoi-3,6,Rau rừng gia lai xào bò | Gà kho sả ớt | Thịt rang cháy cạnh | Bò sốt tiêu đen | Tôm rang muối | Canh hến (dắt) mồng tơi,1,slot_price_tier_resampling,2,4 | 5
AUG0200,SM300_01,Augmented from Set menu 300.000đ /người (1),300000,standard,https://comnieuvietnam.vn/products/set-menu-300-000d-nguoi-1,6,Gỏi bò đồng quê | Gà hấp cải xanh | Thịt rang cháy cạnh | Bò sốt tiêu đen | Tôm càng cháy bơ tỏi | Lẩu vịt om sấu,1,slot_price_tier_resampling,1,3
AUG0201,SM300_02,Augmented from Set menu 300.000đ /người (2),300000,standard,https://comnieuvietnam.vn/products/set-menu-300-000d-nguoi-2,6,Gỏi thái hải sản | Gà hấp mắm nhĩ | Thịt rang cháy cạnh | Bắp bò ngâm nước mắm | Tôm càng xanh rang muối | Canh chua cá dứa,1,slot_price_tier_resampling,2,3 | 6
AUG0202,SM350_01,Augmented from Set menu 350.000đ /người (1),350000,premium,https://comnieuvietnam.vn/products/set-menu-350-000d-nguoi-1,6,Gỏi tiến vua tôm thịt | Gà hấp mắm nhĩ | Cá kho làng vũ đại | Gà sốt nấm đông cô | Tôm càng hấp nước dừa | Lẩu vịt om sấu,1,slot_price_tier_resampling,3,3 | 4 | 6
AUG0203,SM200_02,Augmented from Set menu 200.000đ /người (2),200000,budget,https://comnieuvietnam.vn/products/set-menu-200-000d-nguoi-2,6,Đậu que xào lòng gà | Vịt kho gừng | Cá ngừ đại dương kho thơm | Thịt kho trứng | Mực chiên nước mắm | Canh thát lát khổ qua,1,slot_price_tier_resampling,1,5
AUG0204,SM200_03,Augmented from Set menu 200.000đ /người (3),200000,budget,https://comnieuvietnam.vn/products/set-menu-200-000d-nguoi-3,6,Đậu que xào lòng gà | Gà chiên nước mắm | Tôm cháy tỏi | Thịt kho củ cải trắng | Tôm rang muối | Canh cá nấu riêu,1,slot_price_tier_resampling,2,1 | 5
AUG0205,SM250_01,Augmented from Set menu 250.000đ /người (1),250000,standard,https://comnieuvietnam.vn/products/set-menu-250-000d-nguoi-1,6,Rau rừng gia lai xào bò | Gà hấp mắm nhĩ | Cá kho làng vũ đại | Cá dứa kho tộ | Tôm rang muối | Canh chua cá bóp,1,slot_price_tier_resampling,2,1 | 3
AUG0206,SM250_03,Augmented from Set menu 250.000đ /người (3),250000,standard,https://comnieuvietnam.vn/products/set-menu-250-000d-nguoi-3,6,Đậu que xào bò | Gà hấp cải xanh | Thịt rang cháy cạnh | Cá chim hấp hong kong | Tôm chiên nước mắm | Canh hến (dắt) mồng tơi,1,slot_price_tier_resampling,2,1 | 2
AUG0207,SM300_01,Augmented from Set menu 300.000đ /người (1),300000,standard,https://comnieuvietnam.vn/products/set-menu-300-000d-nguoi-1,6,Gỏi bò đồng quê | Gà hấp cải xanh | Cá bống mú chưng tương | Bò sốt tiêu đen | Tôm càng cháy bơ tỏi | Canh chua cá dứa,1,slot_price_tier_resampling,1,6
AUG0208,SM300_02,Augmented from Set menu 300.000đ /người (2),300000,standard,https://comnieuvietnam.vn/products/set-menu-300-000d-nguoi-2,6,Gỏi thái hải sản | Gà hấp mắm nhĩ | Cá kho làng vũ đại | Bắp bò ngâm nước mắm | Mực 1 nắng chiên nước mắm | Lẩu ngót cá chim,1,slot_price_tier_resampling,1,5
AUG0209,SM300_03,Augmented from Set menu 300.000đ /người (3),300000,standard,https://comnieuvietnam.vn/products/set-menu-300-000d-nguoi-3,6,Salad cải mầm bò | Gà hấp mía | Cá ngừ đại dương lúc lắc | Tôm càng hấp bia | Mực 1 nắng chiên nước mắm | Canh chua cá dứa,1,slot_price_tier_resampling,1,6
AUG0210,SM200_02,Augmented from Set menu 200.000đ /người (2),200000,budget,https://comnieuvietnam.vn/products/set-menu-200-000d-nguoi-2,6,Đậu que xào lòng gà | Vịt kho gừng | Cá bống kho tộ | Thịt kho trứng | Tôm rang muối | Canh thát lát khổ qua,1,slot_price_tier_resampling,1,3
AUG0211,SM200_03,Augmented from Set menu 200.000đ /người (3),200000,budget,https://comnieuvietnam.vn/products/set-menu-200-000d-nguoi-3,6,Đậu que xào lòng gà | Gà chiên nước mắm | Cá ngừ đại dương kho thơm | Thịt kho củ cải trắng | Cá ngừ đại dương sốt cà | Canh cá nấu riêu,1,slot_price_tier_resampling,2,1 | 3
AUG0212,SM250_02,Augmented from Set menu 250.000đ /người (2),250000,standard,https://comnieuvietnam.vn/products/set-menu-250-000d-nguoi-2,6,Đậu que xào bò | Gà kho sả ớt | Giò heo nấu giả cầy | Cá dứa kho tộ | Tôm cháy tỏi | Canh chua cá dứa,1,slot_price_tier_resampling,2,2 | 4
AUG0213,SM250_03,Augmented from Set menu 250.000đ /người (3),250000,standard,https://comnieuvietnam.vn/products/set-menu-250-000d-nguoi-3,6,Rau rừng gia lai xào bò | Gà kho sả ớt | Cá kho làng vũ đại | Cá dứa kho tộ | Tôm chiên nước mắm | Lẩu vịt om sấu,1,slot_price_tier_resampling,3,3 | 4 | 6
AUG0214,SM300_01,Augmented from Set menu 300.000đ /người (1),300000,standard,https://comnieuvietnam.vn/products/set-menu-300-000d-nguoi-1,6,Đậu que xào bò | Gà hấp cải xanh | Cá ngừ đại dương lúc lắc | Bò sốt tiêu đen | Tôm càng cháy bơ tỏi | Lẩu vịt om sấu,1,slot_price_tier_resampling,2,1 | 3
AUG0215,SM300_02,Augmented from Set menu 300.000đ /người (2),300000,standard,https://comnieuvietnam.vn/products/set-menu-300-000d-nguoi-2,6,Gỏi thái hải sản | Gà chiên nước mắm | Cá kho làng vũ đại | Bắp bò ngâm nước mắm | Tôm càng xanh rang muối | Lẩu riêu cua sườn sun,1,slot_price_tier_resampling,2,2 | 6
AUG0216,SM300_03,Augmented from Set menu 300.000đ /người (3),300000,standard,https://comnieuvietnam.vn/products/set-menu-300-000d-nguoi-3,6,Salad cải mầm bò | Gà hấp mía | Cá ngừ đại dương lúc lắc | Bắp bò ngâm nước mắm | Mực 1 nắng chiên nước mắm | Lẩu riêu cua sườn sun,1,slot_price_tier_resampling,1,4
AUG0217,SM350_01,Augmented from Set menu 350.000đ /người (1),350000,premium,https://comnieuvietnam.vn/products/set-menu-350-000d-nguoi-1,6,Gân bò xào cải chua | Gà hấp mắm nhĩ | Bắp bò ngâm nước mắm | Gà sốt nấm đông cô | Nem ghẹ phú quốc | Lẩu cua nấu bầu,1,slot_price_tier_resampling,3,1 | 4 | 5
AUG0218,SM200_02,Augmented from Set menu 200.000đ /người (2),200000,budget,https://comnieuvietnam.vn/products/set-menu-200-000d-nguoi-2,6,Đậu que xào lòng gà | Vịt kho gừng | Cá ngừ đại dương kho thơm | Thịt kho trứng | Mực chiên nước mắm | Canh cá nấu riêu,1,slot_price_tier_resampling,2,5 | 6
AUG0219,SM200_03,Augmented from Set menu 200.000đ /người (3),200000,budget,https://comnieuvietnam.vn/products/set-menu-200-000d-nguoi-3,6,Rau luộc thập cẩm kho quẹt | Gà chiên nước mắm | Tôm cháy tỏi | Thịt kho trứng | Cá ngừ đại dương sốt cà | Canh cua cà pháo,1,slot_price_tier_resampling,2,4 | 6
AUG0220,SM250_01,Augmented from Set menu 250.000đ /người (1),250000,standard,https://comnieuvietnam.vn/products/set-menu-250-000d-nguoi-1,6,Gân bò xào cải chua | Gà hấp cải xanh | Bò sốt nấm | Cá dứa kho tộ | Tôm rang muối | Lẩu ngót cá chim,1,slot_price_tier_resampling,2,2 | 6
AUG0221,SM250_02,Augmented from Set menu 250.000đ /người (2),250000,standard,https://comnieuvietnam.vn/products/set-menu-250-000d-nguoi-2,6,Đậu que xào bò | Gà hấp mía | Cá bống mú chưng tương | Cá thu sốt cà chua | Tôm cháy tỏi | Canh chua cá dứa,1,slot_price_tier_resampling,2,2 | 3
AUG0222,SM250_03,Augmented from Set menu 250.000đ /người (3),250000,standard,https://comnieuvietnam.vn/products/set-menu-250-000d-nguoi-3,6,Rau rừng gia lai xào bò | Gà kho sả ớt | Thịt rang cháy cạnh | Cá dứa kho tộ | Tôm chiên nước mắm | Canh chua cá dứa,1,slot_price_tier_resampling,2,4 | 6
AUG0223,SM300_01,Augmented from Set menu 300.000đ /người (1),300000,standard,https://comnieuvietnam.vn/products/set-menu-300-000d-nguoi-1,6,Gỏi bò đồng quê | Gà hấp cải xanh | Cá bống mú chưng tương | Bò sốt tiêu đen | Tôm rang muối | Lẩu vịt om sấu,1,slot_price_tier_resampling,1,5
AUG0224,SM300_02,Augmented from Set menu 300.000đ /người (2),300000,standard,https://comnieuvietnam.vn/products/set-menu-300-000d-nguoi-2,6,Gỏi thái hải sản | Gà hấp mắm nhĩ | Cá kho làng vũ đại | Cá thu sốt cà chua | Tôm rang muối | Lẩu vịt om sấu,1,slot_price_tier_resampling,3,4 | 5 | 6
AUG0225,SM300_03,Augmented from Set menu 300.000đ /người (3),300000,standard,https://comnieuvietnam.vn/products/set-menu-300-000d-nguoi-3,6,Salad cải mầm bò | Gà hấp mía | Cá bống mú chưng tương | Tôm càng hấp bia | Tôm cháy tỏi | Lẩu ngót cá chim,1,slot_price_tier_resampling,3,3 | 5 | 6
AUG0226,SM200_01,Augmented from Set menu 200.000đ /người (1),200000,budget,https://comnieuvietnam.vn/products/set-menu-200-000d-nguoi-1,6,Cải thìa xào dầu hào | Vịt kho gừng | Cá bống kho tộ | Thịt kho trứng | Mực chiên nước mắm | Canh thát lát khổ qua,1,slot_price_tier_resampling,3,2 | 4 | 6
AUG0227,SM200_02,Augmented from Set menu 200.000đ /người (2),200000,budget,https://comnieuvietnam.vn/products/set-menu-200-000d-nguoi-2,6,Đậu que xào lòng gà | Gà chiên nước mắm | Cá ngừ đại dương kho thơm | Thịt kho trứng | Tôm rang muối | Canh cá nấu riêu,1,slot_price_tier_resampling,2,2 | 6
AUG0228,SM250_01,Augmented from Set menu 250.000đ /người (1),250000,standard,https://comnieuvietnam.vn/products/set-menu-250-000d-nguoi-1,6,Gân bò xào cải chua | Gà hấp mắm nhĩ | Giò heo nấu giả cầy | Cá dứa kho tộ | Tôm rang muối | Canh chua cá bóp,1,slot_price_tier_resampling,1,3
AUG0229,SM250_02,Augmented from Set menu 250.000đ /người (2),250000,standard,https://comnieuvietnam.vn/products/set-menu-250-000d-nguoi-2,6,Salad cải mầm bò | Gà chiên nước mắm | Giò heo nấu giả cầy | Bò sốt tiêu đen | Tôm cháy tỏi | Canh chua cá dứa,1,slot_price_tier_resampling,2,1 | 4
AUG0230,SM250_03,Augmented from Set menu 250.000đ /người (3),250000,standard,https://comnieuvietnam.vn/products/set-menu-250-000d-nguoi-3,6,Rau rừng gia lai xào bò | Gà kho sả ớt | Giò heo nấu giả cầy | Cá chim hấp hong kong | Tôm chiên nước mắm | Canh hến (dắt) mồng tơi,1,slot_price_tier_resampling,1,3
AUG0231,SM300_01,Augmented from Set menu 300.000đ /người (1),300000,standard,https://comnieuvietnam.vn/products/set-menu-300-000d-nguoi-1,6,Gỏi bò đồng quê | Gà hấp cải xanh | Cá kho làng vũ đại | Bò sốt tiêu đen | Tôm cháy tỏi | Lẩu vịt om sấu,1,slot_price_tier_resampling,2,3 | 5
AUG0232,SM300_02,Augmented from Set menu 300.000đ /người (2),300000,standard,https://comnieuvietnam.vn/products/set-menu-300-000d-nguoi-2,6,Gỏi thái hải sản | Gà hấp mắm nhĩ | Cá kho làng vũ đại | Bắp bò ngâm nước mắm | Tôm cháy tỏi | Lẩu ngót cá chim,1,slot_price_tier_resampling,1,5
AUG0233,SM300_03,Augmented from Set menu 300.000đ /người (3),300000,standard,https://comnieuvietnam.vn/products/set-menu-300-000d-nguoi-3,6,Gỏi thái hải sản | Gà hấp mắm nhĩ | Cá ngừ đại dương lúc lắc | Bắp bò ngâm nước mắm | Mực 1 nắng chiên nước mắm | Lẩu riêu cua sườn sun,1,slot_price_tier_resampling,3,1 | 2 | 4
AUG0234,SM350_02,Augmented from Set menu 350.000đ /người (2),350000,premium,https://comnieuvietnam.vn/products/set-menu-350-000d-nguoi-3,6,Gân bò xào cải chua | Chả mực hạ long | Bắp bò ngâm nước mắm | Gà sốt nấm đông cô | Nem ghẹ phú quốc | Lẩu vịt om sấu,1,slot_price_tier_resampling,1,3
AUG0235,SM200_01,Augmented from Set menu 200.000đ /người (1),200000,budget,https://comnieuvietnam.vn/products/set-menu-200-000d-nguoi-1,6,Cải thìa xào dầu hào | Gà rang gừng | Cá bống kho tộ | Thịt kho trứng | Tôm rang muối | Canh cua cà pháo,1,slot_price_tier_resampling,2,4 | 5
AUG0236,SM200_02,Augmented from Set menu 200.000đ /người (2),200000,budget,https://comnieuvietnam.vn/products/set-menu-200-000d-nguoi-2,6,Đậu que xào lòng gà | Gà chiên nước mắm | Cá ngừ đại dương kho thơm | Tôm rim thịt | Tôm rang muối | Canh thát lát khổ qua,1,slot_price_tier_resampling,2,2 | 4
AUG0237,SM200_03,Augmented from Set menu 200.000đ /người (3),200000,budget,https://comnieuvietnam.vn/products/set-menu-200-000d-nguoi-3,6,Đậu que xào lòng gà | Gà rang gừng | Cá bống kho tộ | Thịt kho củ cải trắng | Cá ngừ đại dương sốt cà | Canh cá nấu riêu,1,slot_price_tier_resampling,3,1 | 2 | 3
AUG0238,SM250_02,Augmented from Set menu 250.000đ /người (2),250000,standard,https://comnieuvietnam.vn/products/set-menu-250-000d-nguoi-2,6,Gỏi bò đồng quê | Gà chiên nước mắm | Giò heo nấu giả cầy | Cá thu sốt cà chua | Tôm rang muối | Canh hến (dắt) mồng tơi,1,slot_price_tier_resampling,3,1 | 5 | 6
AUG0239,SM250_03,Augmented from Set menu 250.000đ /người (3),250000,standard,https://comnieuvietnam.vn/products/set-menu-250-000d-nguoi-3,6,Rau rừng gia lai xào bò | Gà kho sả ớt | Thịt rang cháy cạnh | Cá chim hấp hong kong | Tôm càng xanh rang muối | Canh hến (dắt) mồng tơi,1,slot_price_tier_resampling,1,5
AUG0240,SM300_01,Augmented from Set menu 300.000đ /người (1),300000,standard,https://comnieuvietnam.vn/products/set-menu-300-000d-nguoi-1,6,Gỏi bò đồng quê | Gà hấp cải xanh | Cá bống mú chưng tương | Cá thu sốt cà chua | Tôm chiên nước mắm | Canh chua cá dứa,1,slot_price_tier_resampling,3,4 | 5 | 6
AUG0241,SM300_02,Augmented from Set menu 300.000đ /người (2),300000,standard,https://comnieuvietnam.vn/products/set-menu-300-000d-nguoi-2,6,Gỏi thái hải sản | Gà hấp mắm nhĩ | Cá kho làng vũ đại | Bò sốt tiêu đen | Tôm càng xanh rang muối | Lẩu ngót cá chim,1,slot_price_tier_resampling,1,4
AUG0242,SM350_01,Augmented from Set menu 350.000đ /người (1),350000,premium,https://comnieuvietnam.vn/products/set-menu-350-000d-nguoi-1,6,Gỏi tiến vua tôm thịt | Chả mực hạ long | Bắp bò ngâm nước mắm | Gà sốt nấm đông cô | Nem ghẹ phú quốc | Lẩu cua nấu bầu,1,slot_price_tier_resampling,3,2 | 4 | 5
AUG0243,SM200_01,Augmented from Set menu 200.000đ /người (1),200000,budget,https://comnieuvietnam.vn/products/set-menu-200-000d-nguoi-1,6,Cải thìa xào dầu hào | Gà rang gừng | Tôm cháy tỏi | Tôm rim thịt | Mực chiên nước mắm | Canh thát lát khổ qua,1,slot_price_tier_resampling,2,3 | 6
AUG0244,SM200_03,Augmented from Set menu 200.000đ /người (3),200000,budget,https://comnieuvietnam.vn/products/set-menu-200-000d-nguoi-3,6,Rau luộc thập cẩm kho quẹt | Gà chiên nước mắm | Cá bống kho tộ | Thịt kho củ cải trắng | Mực chiên nước mắm | Canh cá nấu riêu,1,slot_price_tier_resampling,2,3 | 5
AUG0245,SM250_01,Augmented from Set menu 250.000đ /người (1),250000,standard,https://comnieuvietnam.vn/products/set-menu-250-000d-nguoi-1,6,Gân bò xào cải chua | Gà hấp mía | Cá bống mú chưng tương | Cá dứa kho tộ | Tôm rang muối | Lẩu riêu cua sườn sun,1,slot_price_tier_resampling,3,2 | 3 | 6
AUG0246,SM250_02,Augmented from Set menu 250.000đ /người (2),250000,standard,https://comnieuvietnam.vn/products/set-menu-250-000d-nguoi-2,6,Đậu que xào bò | Gà chiên nước mắm | Cá ngừ đại dương lúc lắc | Cá thu sốt cà chua | Tôm cháy tỏi | Canh hến (dắt) mồng tơi,1,slot_price_tier_resampling,2,3 | 6
AUG0247,SM250_03,Augmented from Set menu 250.000đ /người (3),250000,standard,https://comnieuvietnam.vn/products/set-menu-250-000d-nguoi-3,6,Rau rừng gia lai xào bò | Gà chiên nước mắm | Thịt rang cháy cạnh | Cá thu sốt cà chua | Mực 1 nắng chiên nước mắm | Canh hến (dắt) mồng tơi,1,slot_price_tier_resampling,3,2 | 4 | 5
AUG0248,SM300_01,Augmented from Set menu 300.000đ /người (1),300000,standard,https://comnieuvietnam.vn/products/set-menu-300-000d-nguoi-1,6,Đậu que xào bò | Gà hấp mắm nhĩ | Cá bống mú chưng tương | Bò sốt tiêu đen | Tôm cháy tỏi | Lẩu vịt om sấu,1,slot_price_tier_resampling,3,1 | 2 | 5
AUG0249,SM300_02,Augmented from Set menu 300.000đ /người (2),300000,standard,https://comnieuvietnam.vn/products/set-menu-300-000d-nguoi-2,6,Gỏi bò đồng quê | Gà hấp mắm nhĩ | Cá kho làng vũ đại | Bắp bò ngâm nước mắm | Tôm càng xanh rang muối | Lẩu ngót cá chim,1,slot_price_tier_resampling,1,1
AUG0250,SM300_03,Augmented from Set menu 300.000đ /người (3),300000,standard,https://comnieuvietnam.vn/products/set-menu-300-000d-nguoi-3,6,Đậu que xào bò | Gà hấp mía | Cá ngừ đại dương lúc lắc | Tôm càng hấp bia | Mực 1 nắng chiên nước mắm | Lẩu vịt om sấu,1,slot_price_tier_resampling,2,1 | 6
AUG0251,SM350_01,Augmented from Set menu 350.000đ /người (1),350000,premium,https://comnieuvietnam.vn/products/set-menu-350-000d-nguoi-1,6,Gân bò xào cải chua | Chả mực hạ long | Bắp bò ngâm nước mắm | Cá kho làng vũ đại | Nem ghẹ phú quốc | Lẩu cua nấu bầu,1,slot_price_tier_resampling,3,1 | 2 | 5
AUG0252,SM200_01,Augmented from Set menu 200.000đ /người (1),200000,budget,https://comnieuvietnam.vn/products/set-menu-200-000d-nguoi-1,6,Cải thìa xào dầu hào | Gà rang gừng | Tôm cháy tỏi | Tôm rim thịt | Tôm rang muối | Canh cua cà pháo,1,slot_price_tier_resampling,2,3 | 5
AUG0253,SM200_02,Augmented from Set menu 200.000đ /người (2),200000,budget,https://comnieuvietnam.vn/products/set-menu-200-000d-nguoi-2,6,Cải thìa xào dầu hào | Gà rang gừng | Cá ngừ đại dương kho thơm | Thịt kho trứng | Tôm rang muối | Canh thát lát khổ qua,1,slot_price_tier_resampling,2,1 | 2
AUG0254,SM200_03,Augmented from Set menu 200.000đ /người (3),200000,budget,https://comnieuvietnam.vn/products/set-menu-200-000d-nguoi-3,6,Rau luộc thập cẩm kho quẹt | Gà chiên nước mắm | Tôm cháy tỏi | Thịt kho củ cải trắng | Mực chiên nước mắm | Canh cá nấu riêu,1,slot_price_tier_resampling,1,5
AUG0255,SM250_01,Augmented from Set menu 250.000đ /người (1),250000,standard,https://comnieuvietnam.vn/products/set-menu-250-000d-nguoi-1,6,Gân bò xào cải chua | Gà kho sả ớt | Bò sốt nấm | Cá dứa kho tộ | Tôm càng xanh rang muối | Lẩu vịt om sấu,1,slot_price_tier_resampling,3,2 | 5 | 6
AUG0256,SM250_02,Augmented from Set menu 250.000đ /người (2),250000,standard,https://comnieuvietnam.vn/products/set-menu-250-000d-nguoi-2,6,Đậu que xào bò | Gà chiên nước mắm | Thịt rang cháy cạnh | Cá thu sốt cà chua | Tôm cháy tỏi | Canh chua cá dứa,1,slot_price_tier_resampling,1,3
AUG0257,SM250_03,Augmented from Set menu 250.000đ /người (3),250000,standard,https://comnieuvietnam.vn/products/set-menu-250-000d-nguoi-3,6,Gỏi bò đồng quê | Gà kho sả ớt | Thịt rang cháy cạnh | Cá chim hấp hong kong | Tôm chiên nước mắm | Lẩu ngót cá chim,1,slot_price_tier_resampling,2,1 | 6
AUG0258,SM300_01,Augmented from Set menu 300.000đ /người (1),300000,standard,https://comnieuvietnam.vn/products/set-menu-300-000d-nguoi-1,6,Gỏi thái hải sản | Gà hấp cải xanh | Cá bống mú chưng tương | Cá dứa kho tộ | Tôm rang muối | Lẩu vịt om sấu,1,slot_price_tier_resampling,3,1 | 4 | 5
AUG0259,SM300_02,Augmented from Set menu 300.000đ /người (2),300000,standard,https://comnieuvietnam.vn/products/set-menu-300-000d-nguoi-2,6,Gỏi thái hải sản | Gà hấp cải xanh | Cá kho làng vũ đại | Bắp bò ngâm nước mắm | Tôm càng xanh rang muối | Canh hến (dắt) mồng tơi,1,slot_price_tier_resampling,2,2 | 6
AUG0260,SM300_03,Augmented from Set menu 300.000đ /người (3),300000,standard,https://comnieuvietnam.vn/products/set-menu-300-000d-nguoi-3,6,Salad cải mầm bò | Gà kho sả ớt | Cá ngừ đại dương lúc lắc | Tôm càng hấp bia | Tôm càng xanh rang muối | Canh chua cá bóp,1,slot_price_tier_resampling,3,2 | 5 | 6
AUG0261,SM200_01,Augmented from Set menu 200.000đ /người (1),200000,budget,https://comnieuvietnam.vn/products/set-menu-200-000d-nguoi-1,6,Rau luộc thập cẩm kho quẹt | Gà rang gừng | Cá bống kho tộ | Tôm rim thịt | Tôm rang muối | Canh cá nấu riêu,1,slot_price_tier_resampling,3,1 | 5 | 6
AUG0262,SM200_02,Augmented from Set menu 200.000đ /người (2),200000,budget,https://comnieuvietnam.vn/products/set-menu-200-000d-nguoi-2,6,Đậu que xào lòng gà | Vịt kho gừng | Tôm cháy tỏi | Thịt kho củ cải trắng | Tôm rang muối | Canh cua cà pháo,1,slot_price_tier_resampling,3,3 | 4 | 6
AUG0263,SM250_01,Augmented from Set menu 250.000đ /người (1),250000,standard,https://comnieuvietnam.vn/products/set-menu-250-000d-nguoi-1,6,Gân bò xào cải chua | Gà hấp mắm nhĩ | Bò sốt nấm | Cá thu sốt cà chua | Tôm rang muối | Canh chua cá bóp,1,slot_price_tier_resampling,1,4
AUG0264,SM250_03,Augmented from Set menu 250.000đ /người (3),250000,standard,https://comnieuvietnam.vn/products/set-menu-250-000d-nguoi-3,6,Rau rừng gia lai xào bò | Gà kho sả ớt | Cá ngừ đại dương lúc lắc | Cá dứa kho tộ | Tôm chiên nước mắm | Canh hến (dắt) mồng tơi,1,slot_price_tier_resampling,2,3 | 4
AUG0265,SM300_01,Augmented from Set menu 300.000đ /người (1),300000,standard,https://comnieuvietnam.vn/products/set-menu-300-000d-nguoi-1,6,Rau rừng gia lai xào bò | Gà kho sả ớt | Cá bống mú chưng tương | Bò sốt tiêu đen | Tôm càng cháy bơ tỏi | Lẩu vịt om sấu,1,slot_price_tier_resampling,2,1 | 2
AUG0266,SM300_02,Augmented from Set menu 300.000đ /người (2),300000,standard,https://comnieuvietnam.vn/products/set-menu-300-000d-nguoi-2,6,Gỏi thái hải sản | Gà hấp mắm nhĩ | Cá bống mú chưng tương | Cá dứa kho tộ | Tôm càng xanh rang muối | Lẩu ngót cá chim,1,slot_price_tier_resampling,2,3 | 4
AUG0267,SM300_03,Augmented from Set menu 300.000đ /người (3),300000,standard,https://comnieuvietnam.vn/products/set-menu-300-000d-nguoi-3,6,Rau rừng gia lai xào bò | Gà hấp mía | Cá ngừ đại dương lúc lắc | Tôm càng hấp bia | Tôm rang muối | Lẩu ngót cá chim,1,slot_price_tier_resampling,3,1 | 5 | 6
AUG0268,SM350_01,Augmented from Set menu 350.000đ /người (1),350000,premium,https://comnieuvietnam.vn/products/set-menu-350-000d-nguoi-1,6,Gỏi tiến vua tôm thịt | Chả mực hạ long | Bắp bò ngâm nước mắm | Cá kho làng vũ đại | Tôm càng hấp nước dừa | Lẩu vịt om sấu,1,slot_price_tier_resampling,2,2 | 6
AUG0269,SM200_01,Augmented from Set menu 200.000đ /người (1),200000,budget,https://comnieuvietnam.vn/products/set-menu-200-000d-nguoi-1,6,Cải thìa xào dầu hào | Gà rang gừng | Cá bống kho tộ | Tôm rim thịt | Tôm rang muối | Canh cua cà pháo,1,slot_price_tier_resampling,1,5
AUG0270,SM200_02,Augmented from Set menu 200.000đ /người (2),200000,budget,https://comnieuvietnam.vn/products/set-menu-200-000d-nguoi-2,6,Rau luộc thập cẩm kho quẹt | Vịt kho gừng | Cá ngừ đại dương kho thơm | Thịt kho củ cải trắng | Tôm rang muối | Canh thát lát khổ qua,1,slot_price_tier_resampling,2,1 | 4
AUG0271,SM200_03,Augmented from Set menu 200.000đ /người (3),200000,budget,https://comnieuvietnam.vn/products/set-menu-200-000d-nguoi-3,6,Đậu que xào lòng gà | Gà chiên nước mắm | Cá ngừ đại dương kho thơm | Thịt kho củ cải trắng | Cá ngừ đại dương sốt cà | Canh cua cà pháo,1,slot_price_tier_resampling,3,1 | 3 | 6
AUG0272,SM250_01,Augmented from Set menu 250.000đ /người (1),250000,standard,https://comnieuvietnam.vn/products/set-menu-250-000d-nguoi-1,6,Gân bò xào cải chua | Gà hấp mắm nhĩ | Bò sốt nấm | Cá chim hấp hong kong | Tôm rang muối | Canh chua cá bóp,1,slot_price_tier_resampling,1,4
AUG0273,SM250_03,Augmented from Set menu 250.000đ /người (3),250000,standard,https://comnieuvietnam.vn/products/set-menu-250-000d-nguoi-3,6,Rau rừng gia lai xào bò | Gà kho sả ớt | Cá bống mú chưng tương | Cá chim hấp hong kong | Tôm chiên nước mắm | Canh hến (dắt) mồng tơi,1,slot_price_tier_resampling,1,3
AUG0274,SM300_01,Augmented from Set menu 300.000đ /người (1),300000,standard,https://comnieuvietnam.vn/products/set-menu-300-000d-nguoi-1,6,Gân bò xào cải chua | Gà hấp cải xanh | Cá bống mú chưng tương | Bò sốt tiêu đen | Tôm càng cháy bơ tỏi | Canh chua cá bóp,1,slot_price_tier_resampling,2,1 | 6
AUG0275,SM300_02,Augmented from Set menu 300.000đ /người (2),300000,standard,https://comnieuvietnam.vn/products/set-menu-300-000d-nguoi-2,6,Gỏi thái hải sản | Gà hấp mắm nhĩ | Cá bống mú chưng tương | Bắp bò ngâm nước mắm | Tôm càng xanh rang muối | Lẩu ngót cá chim,1,slot_price_tier_resampling,1,3
AUG0276,SM300_03,Augmented from Set menu 300.000đ /người (3),300000,standard,https://comnieuvietnam.vn/products/set-menu-300-000d-nguoi-3,6,Salad cải mầm bò | Gà hấp mía | Cá ngừ đại dương lúc lắc | Tôm càng hấp bia | Tôm cháy tỏi | Lẩu riêu cua sườn sun,1,slot_price_tier_resampling,1,5
AUG0277,SM350_01,Augmented from Set menu 350.000đ /người (1),350000,premium,https://comnieuvietnam.vn/products/set-menu-350-000d-nguoi-1,6,Gỏi tiến vua tôm thịt | Gà hấp mắm nhĩ | Bắp bò ngâm nước mắm | Gà sốt nấm đông cô | Tôm càng hấp nước dừa | Lẩu vịt om sấu,1,slot_price_tier_resampling,2,4 | 6
AUG0278,SM200_01,Augmented from Set menu 200.000đ /người (1),200000,budget,https://comnieuvietnam.vn/products/set-menu-200-000d-nguoi-1,6,Cải thìa xào dầu hào | Gà rang gừng | Cá bống kho tộ | Tôm rim thịt | Cá ngừ đại dương sốt cà | Canh cua cà pháo,1,slot_price_tier_resampling,1,5
AUG0279,SM200_02,Augmented from Set menu 200.000đ /người (2),200000,budget,https://comnieuvietnam.vn/products/set-menu-200-000d-nguoi-2,6,Đậu que xào lòng gà | Gà rang gừng | Tôm cháy tỏi | Thịt kho trứng | Tôm rang muối | Canh thát lát khổ qua,1,slot_price_tier_resampling,2,2 | 3
AUG0280,SM200_03,Augmented from Set menu 200.000đ /người (3),200000,budget,https://comnieuvietnam.vn/products/set-menu-200-000d-nguoi-3,6,Rau luộc thập cẩm kho quẹt | Gà chiên nước mắm | Tôm cháy tỏi | Thịt kho trứng | Cá ngừ đại dương sốt cà | Canh thát lát khổ qua,1,slot_price_tier_resampling,2,4 | 6
AUG0281,SM250_01,Augmented from Set menu 250.000đ /người (1),250000,standard,https://comnieuvietnam.vn/products/set-menu-250-000d-nguoi-1,6,Gân bò xào cải chua | Gà hấp mắm nhĩ | Bò sốt nấm | Tôm càng hấp bia | Tôm chiên nước mắm | Canh chua cá bóp,1,slot_price_tier_resampling,2,4 | 5
AUG0282,SM250_03,Augmented from Set menu 250.000đ /người (3),250000,standard,https://comnieuvietnam.vn/products/set-menu-250-000d-nguoi-3,6,Rau rừng gia lai xào bò | Gà kho sả ớt | Thịt rang cháy cạnh | Bắp bò ngâm nước mắm | Tôm rang muối | Canh hến (dắt) mồng tơi,1,slot_price_tier_resampling,2,4 | 5
AUG0283,SM300_01,Augmented from Set menu 300.000đ /người (1),300000,standard,https://comnieuvietnam.vn/products/set-menu-300-000d-nguoi-1,6,Đậu que xào bò | Gà hấp cải xanh | Cá bống mú chưng tương | Bò sốt tiêu đen | Tôm càng cháy bơ tỏi | Lẩu vịt om sấu,1,slot_price_tier_resampling,1,1
AUG0284,SM300_02,Augmented from Set menu 300.000đ /người (2),300000,standard,https://comnieuvietnam.vn/products/set-menu-300-000d-nguoi-2,6,Gỏi thái hải sản | Gà hấp mắm nhĩ | Giò heo nấu giả cầy | Bắp bò ngâm nước mắm | Tôm càng xanh rang muối | Canh chua cá dứa,1,slot_price_tier_resampling,2,3 | 6
AUG0285,SM300_03,Augmented from Set menu 300.000đ /người (3),300000,standard,https://comnieuvietnam.vn/products/set-menu-300-000d-nguoi-3,6,Gỏi thái hải sản | Gà chiên nước mắm | Cá ngừ đại dương lúc lắc | Tôm càng hấp bia | Mực 1 nắng chiên nước mắm | Lẩu riêu cua sườn sun,1,slot_price_tier_resampling,2,1 | 2
AUG0286,SM350_01,Augmented from Set menu 350.000đ /người (1),350000,premium,https://comnieuvietnam.vn/products/set-menu-350-000d-nguoi-1,6,Gân bò xào cải chua | Gà hấp mắm nhĩ | Bắp bò ngâm nước mắm | Cá kho làng vũ đại | Nem ghẹ phú quốc | Lẩu cua nấu bầu,1,slot_price_tier_resampling,2,1 | 5
AUG0287,SM200_02,Augmented from Set menu 200.000đ /người (2),200000,budget,https://comnieuvietnam.vn/products/set-menu-200-000d-nguoi-2,6,Cải thìa xào dầu hào | Vịt kho gừng | Cá ngừ đại dương kho thơm | Thịt kho củ cải trắng | Tôm rang muối | Canh thát lát khổ qua,1,slot_price_tier_resampling,2,1 | 4
AUG0288,SM250_01,Augmented from Set menu 250.000đ /người (1),250000,standard,https://comnieuvietnam.vn/products/set-menu-250-000d-nguoi-1,6,Gân bò xào cải chua | Gà hấp mắm nhĩ | Cá bống mú chưng tương | Cá dứa kho tộ | Tôm rang muối | Lẩu vịt om sấu,1,slot_price_tier_resampling,2,3 | 6
AUG0289,SM250_02,Augmented from Set menu 250.000đ /người (2),250000,standard,https://comnieuvietnam.vn/products/set-menu-250-000d-nguoi-2,6,Đậu que xào bò | Gà chiên nước mắm | Cá bống mú chưng tương | Cá thu sốt cà chua | Tôm cháy tỏi | Canh chua cá bóp,1,slot_price_tier_resampling,2,3 | 6
AUG0290,SM250_03,Augmented from Set menu 250.000đ /người (3),250000,standard,https://comnieuvietnam.vn/products/set-menu-250-000d-nguoi-3,6,Salad cải mầm bò | Gà kho sả ớt | Thịt rang cháy cạnh | Cá dứa kho tộ | Tôm chiên nước mắm | Canh hến (dắt) mồng tơi,1,slot_price_tier_resampling,2,1 | 4
AUG0291,SM300_02,Augmented from Set menu 300.000đ /người (2),300000,standard,https://comnieuvietnam.vn/products/set-menu-300-000d-nguoi-2,6,Gỏi thái hải sản | Gà hấp mía | Cá kho làng vũ đại | Bắp bò ngâm nước mắm | Tôm càng xanh rang muối | Lẩu ngót cá chim,1,slot_price_tier_resampling,1,2
AUG0292,SM300_03,Augmented from Set menu 300.000đ /người (3),300000,standard,https://comnieuvietnam.vn/products/set-menu-300-000d-nguoi-3,6,Salad cải mầm bò | Gà kho sả ớt | Cá ngừ đại dương lúc lắc | Tôm càng hấp bia | Mực 1 nắng chiên nước mắm | Lẩu riêu cua sườn sun,1,slot_price_tier_resampling,1,2
AUG0293,SM200_02,Augmented from Set menu 200.000đ /người (2),200000,budget,https://comnieuvietnam.vn/products/set-menu-200-000d-nguoi-2,6,Đậu que xào lòng gà | Vịt kho gừng | Tôm cháy tỏi | Thịt kho trứng | Tôm rang muối | Canh cá nấu riêu,1,slot_price_tier_resampling,2,3 | 6
AUG0294,SM200_03,Augmented from Set menu 200.000đ /người (3),200000,budget,https://comnieuvietnam.vn/products/set-menu-200-000d-nguoi-3,6,Rau luộc thập cẩm kho quẹt | Gà chiên nước mắm | Cá ngừ đại dương kho thơm | Thịt kho củ cải trắng | Cá ngừ đại dương sốt cà | Canh cá nấu riêu,1,slot_price_tier_resampling,1,3
AUG0295,SM250_01,Augmented from Set menu 250.000đ /người (1),250000,standard,https://comnieuvietnam.vn/products/set-menu-250-000d-nguoi-1,6,Gân bò xào cải chua | Gà hấp mắm nhĩ | Bò sốt nấm | Tôm càng hấp bia | Tôm rang muối | Canh chua cá bóp,1,slot_price_tier_resampling,1,4
AUG0296,SM250_02,Augmented from Set menu 250.000đ /người (2),250000,standard,https://comnieuvietnam.vn/products/set-menu-250-000d-nguoi-2,6,Đậu que xào bò | Gà chiên nước mắm | Giò heo nấu giả cầy | Cá thu sốt cà chua | Mực 1 nắng chiên nước mắm | Canh chua cá dứa,1,slot_price_tier_resampling,1,5
AUG0297,SM250_03,Augmented from Set menu 250.000đ /người (3),250000,standard,https://comnieuvietnam.vn/products/set-menu-250-000d-nguoi-3,6,Rau rừng gia lai xào bò | Gà chiên nước mắm | Thịt rang cháy cạnh | Cá chim hấp hong kong | Tôm càng cháy bơ tỏi | Canh hến (dắt) mồng tơi,1,slot_price_tier_resampling,2,2 | 5
AUG0298,SM300_01,Augmented from Set menu 300.000đ /người (1),300000,standard,https://comnieuvietnam.vn/products/set-menu-300-000d-nguoi-1,6,Gỏi bò đồng quê | Gà hấp cải xanh | Giò heo nấu giả cầy | Tôm càng hấp bia | Tôm càng cháy bơ tỏi | Lẩu vịt om sấu,1,slot_price_tier_resampling,2,3 | 4
AUG0299,SM300_02,Augmented from Set menu 300.000đ /người (2),300000,standard,https://comnieuvietnam.vn/products/set-menu-300-000d-nguoi-2,6,Gỏi thái hải sản | Gà hấp mắm nhĩ | Cá kho làng vũ đại | Bắp bò ngâm nước mắm | Tôm rang muối | Lẩu ngót cá chim,1,slot_price_tier_resampling,1,5
AUG0300,SM300_03,Augmented from Set menu 300.000đ /người (3),300000,standard,https://comnieuvietnam.vn/products/set-menu-300-000d-nguoi-3,6,Gỏi thái hải sản | Gà hấp mía | Cá ngừ đại dương lúc lắc | Cá chim hấp hong kong | Mực 1 nắng chiên nước mắm | Lẩu riêu cua sườn sun,1,slot_price_tier_resampling,2,1 | 4
AUG0301,SM350_01,Augmented from Set menu 350.000đ /người (1),350000,premium,https://comnieuvietnam.vn/products/set-menu-350-000d-nguoi-1,6,Gân bò xào cải chua | Gà hấp mắm nhĩ | Bắp bò ngâm nước mắm | Cá kho làng vũ đại | Tôm càng hấp nước dừa | Lẩu vịt om sấu,1,slot_price_tier_resampling,2,1 | 6
AUG0302,SM200_01,Augmented from Set menu 200.000đ /người (1),200000,budget,https://comnieuvietnam.vn/products/set-menu-200-000d-nguoi-1,6,Đậu que xào lòng gà | Gà rang gừng | Cá bống kho tộ | Thịt kho trứng | Cá ngừ đại dương sốt cà | Canh cua cà pháo,1,slot_price_tier_resampling,3,1 | 4 | 5
AUG0303,SM200_02,Augmented from Set menu 200.000đ /người (2),200000,budget,https://comnieuvietnam.vn/products/set-menu-200-000d-nguoi-2,6,Đậu que xào lòng gà | Vịt kho gừng | Cá bống kho tộ | Thịt kho trứng | Mực chiên nước mắm | Canh thát lát khổ qua,1,slot_price_tier_resampling,2,3 | 5
AUG0304,SM200_03,Augmented from Set menu 200.000đ /người (3),200000,budget,https://comnieuvietnam.vn/products/set-menu-200-000d-nguoi-3,6,Đậu que xào lòng gà | Gà chiên nước mắm | Tôm cháy tỏi | Tôm rim thịt | Cá ngừ đại dương sốt cà | Canh cua cà pháo,1,slot_price_tier_resampling,3,1 | 4 | 6
AUG0305,SM250_01,Augmented from Set menu 250.000đ /người (1),250000,standard,https://comnieuvietnam.vn/products/set-menu-250-000d-nguoi-1,6,Gân bò xào cải chua | Gà hấp mắm nhĩ | Cá ngừ đại dương lúc lắc | Cá dứa kho tộ | Tôm càng xanh rang muối | Canh chua cá bóp,1,slot_price_tier_resampling,2,3 | 5
AUG0306,SM250_02,Augmented from Set menu 250.000đ /người (2),250000,standard,https://comnieuvietnam.vn/products/set-menu-250-000d-nguoi-2,6,Đậu que xào bò | Gà hấp mía | Giò heo nấu giả cầy | Cá thu sốt cà chua | Tôm cháy tỏi | Canh chua cá bóp,1,slot_price_tier_resampling,2,2 | 6
AUG0307,SM250_03,Augmented from Set menu 250.000đ /người (3),250000,standard,https://comnieuvietnam.vn/products/set-menu-250-000d-nguoi-3,6,Rau rừng gia lai xào bò | Gà kho sả ớt | Cá kho làng vũ đại | Cá chim hấp hong kong | Tôm chiên nước mắm | Canh hến (dắt) mồng tơi,1,slot_price_tier_resampling,1,3
AUG0308,SM300_01,Augmented from Set menu 300.000đ /người (1),300000,standard,https://comnieuvietnam.vn/products/set-menu-300-000d-nguoi-1,6,Salad cải mầm bò | Gà hấp cải xanh | Cá bống mú chưng tương | Bò sốt tiêu đen | Tôm càng cháy bơ tỏi | Lẩu vịt om sấu,1,slot_price_tier_resampling,1,1
AUG0309,SM300_02,Augmented from Set menu 300.000đ /người (2),300000,standard,https://comnieuvietnam.vn/products/set-menu-300-000d-nguoi-2,6,Gỏi thái hải sản | Gà hấp mắm nhĩ | Cá kho làng vũ đại | Cá thu sốt cà chua | Tôm càng cháy bơ tỏi | Lẩu ngót cá chim,1,slot_price_tier_resampling,2,4 | 5
AUG0310,SM300_03,Augmented from Set menu 300.000đ /người (3),300000,standard,https://comnieuvietnam.vn/products/set-menu-300-000d-nguoi-3,6,Salad cải mầm bò | Gà hấp mía | Cá ngừ đại dương lúc lắc | Cá dứa kho tộ | Mực 1 nắng chiên nước mắm | Canh chua cá dứa,1,slot_price_tier_resampling,2,4 | 6
AUG0311,SM350_02,Augmented from Set menu 350.000đ /người (2),350000,premium,https://comnieuvietnam.vn/products/set-menu-350-000d-nguoi-3,6,Gân bò xào cải chua | Gà hấp mắm nhĩ | Cá kho làng vũ đại | Gà sốt nấm đông cô | Tôm càng hấp nước dừa | Lẩu cua nấu bầu,1,slot_price_tier_resampling,3,2 | 5 | 6
AUG0312,SM200_01,Augmented from Set menu 200.000đ /người (1),200000,budget,https://comnieuvietnam.vn/products/set-menu-200-000d-nguoi-1,6,Cải thìa xào dầu hào | Vịt kho gừng | Cá bống kho tộ | Tôm rim thịt | Mực chiên nước mắm | Canh cua cà pháo,1,slot_price_tier_resampling,1,2
AUG0313,SM200_02,Augmented from Set menu 200.000đ /người (2),200000,budget,https://comnieuvietnam.vn/products/set-menu-200-000d-nguoi-2,6,Đậu que xào lòng gà | Gà chiên nước mắm | Cá ngừ đại dương kho thơm | Tôm rim thịt | Tôm rang muối | Canh cua cà pháo,1,slot_price_tier_resampling,3,2 | 4 | 6
AUG0314,SM200_03,Augmented from Set menu 200.000đ /người (3),200000,budget,https://comnieuvietnam.vn/products/set-menu-200-000d-nguoi-3,6,Rau luộc thập cẩm kho quẹt | Gà chiên nước mắm | Cá ngừ đại dương kho thơm | Thịt kho trứng | Cá ngừ đại dương sốt cà | Canh cua cà pháo,1,slot_price_tier_resampling,3,3 | 4 | 6
AUG0315,SM250_01,Augmented from Set menu 250.000đ /người (1),250000,standard,https://comnieuvietnam.vn/products/set-menu-250-000d-nguoi-1,6,Gân bò xào cải chua | Gà hấp mắm nhĩ | Bò sốt nấm | Bò sốt tiêu đen | Tôm rang muối | Canh chua cá bóp,1,slot_price_tier_resampling,1,4
AUG0316,SM250_02,Augmented from Set menu 250.000đ /người (2),250000,standard,https://comnieuvietnam.vn/products/set-menu-250-000d-nguoi-2,6,Đậu que xào bò | Gà hấp mắm nhĩ | Giò heo nấu giả cầy | Tôm càng hấp bia | Tôm cháy tỏi | Canh chua cá dứa,1,slot_price_tier_resampling,2,2 | 4
AUG0317,SM250_03,Augmented from Set menu 250.000đ /người (3),250000,standard,https://comnieuvietnam.vn/products/set-menu-250-000d-nguoi-3,6,Rau rừng gia lai xào bò | Gà hấp cải xanh | Thịt rang cháy cạnh | Cá chim hấp hong kong | Tôm chiên nước mắm | Canh hến (dắt) mồng tơi,1,slot_price_tier_resampling,1,2
AUG0318,SM300_01,Augmented from Set menu 300.000đ /người (1),300000,standard,https://comnieuvietnam.vn/products/set-menu-300-000d-nguoi-1,6,Gỏi bò đồng quê | Gà hấp cải xanh | Thịt rang cháy cạnh | Tôm càng hấp bia | Tôm càng cháy bơ tỏi | Lẩu vịt om sấu,1,slot_price_tier_resampling,2,3 | 4
AUG0319,SM300_02,Augmented from Set menu 300.000đ /người (2),300000,standard,https://comnieuvietnam.vn/products/set-menu-300-000d-nguoi-2,6,Gỏi thái hải sản | Gà hấp mắm nhĩ | Giò heo nấu giả cầy | Cá dứa kho tộ | Tôm càng xanh rang muối | Lẩu ngót cá chim,1,slot_price_tier_resampling,2,3 | 4
AUG0320,SM300_03,Augmented from Set menu 300.000đ /người (3),300000,standard,https://comnieuvietnam.vn/products/set-menu-300-000d-nguoi-3,6,Salad cải mầm bò | Gà hấp mía | Cá kho làng vũ đại | Tôm càng hấp bia | Mực 1 nắng chiên nước mắm | Canh chua cá bóp,1,slot_price_tier_resampling,2,3 | 6
AUG0321,SM200_01,Augmented from Set menu 200.000đ /người (1),200000,budget,https://comnieuvietnam.vn/products/set-menu-200-000d-nguoi-1,6,Cải thìa xào dầu hào | Vịt kho gừng | Tôm cháy tỏi | Tôm rim thịt | Cá ngừ đại dương sốt cà | Canh cua cà pháo,1,slot_price_tier_resampling,3,2 | 3 | 5
AUG0322,SM200_02,Augmented from Set menu 200.000đ /người (2),200000,budget,https://comnieuvietnam.vn/products/set-menu-200-000d-nguoi-2,6,Cải thìa xào dầu hào | Vịt kho gừng | Cá ngừ đại dương kho thơm | Tôm rim thịt | Tôm rang muối | Canh thát lát khổ qua,1,slot_price_tier_resampling,2,1 | 4
AUG0323,SM200_03,Augmented from Set menu 200.000đ /người (3),200000,budget,https://comnieuvietnam.vn/products/set-menu-200-000d-nguoi-3,6,Rau luộc thập cẩm kho quẹt | Vịt kho gừng | Tôm cháy tỏi | Thịt kho củ cải trắng | Cá ngừ đại dương sốt cà | Canh cá nấu riêu,1,slot_price_tier_resampling,1,2
AUG0324,SM250_01,Augmented from Set menu 250.000đ /người (1),250000,standard,https://comnieuvietnam.vn/products/set-menu-250-000d-nguoi-1,6,Gân bò xào cải chua | Gà hấp mắm nhĩ | Bò sốt nấm | Bắp bò ngâm nước mắm | Tôm càng cháy bơ tỏi | Canh hến (dắt) mồng tơi,1,slot_price_tier_resampling,3,4 | 5 | 6
AUG0325,SM250_02,Augmented from Set menu 250.000đ /người (2),250000,standard,https://comnieuvietnam.vn/products/set-menu-250-000d-nguoi-2,6,Đậu que xào bò | Gà chiên nước mắm | Cá bống mú chưng tương | Cá thu sốt cà chua | Tôm cháy tỏi | Canh chua cá dứa,1,slot_price_tier_resampling,1,3
AUG0326,SM250_03,Augmented from Set menu 250.000đ /người (3),250000,standard,https://comnieuvietnam.vn/products/set-menu-250-000d-nguoi-3,6,Gân bò xào cải chua | Gà kho sả ớt | Thịt rang cháy cạnh | Bò sốt tiêu đen | Tôm chiên nước mắm | Canh hến (dắt) mồng tơi,1,slot_price_tier_resampling,2,1 | 4
AUG0327,SM300_01,Augmented from Set menu 300.000đ /người (1),300000,standard,https://comnieuvietnam.vn/products/set-menu-300-000d-nguoi-1,6,Gỏi bò đồng quê | Gà hấp cải xanh | Cá ngừ đại dương lúc lắc | Bò sốt tiêu đen | Tôm càng cháy bơ tỏi | Canh chua cá dứa,1,slot_price_tier_resampling,2,3 | 6
AUG0328,SM300_02,Augmented from Set menu 300.000đ /người (2),300000,standard,https://comnieuvietnam.vn/products/set-menu-300-000d-nguoi-2,6,Gỏi bò đồng quê | Gà hấp cải xanh | Cá kho làng vũ đại | Bắp bò ngâm nước mắm | Tôm càng xanh rang muối | Lẩu ngót cá chim,1,slot_price_tier_resampling,2,1 | 2
AUG0329,SM300_03,Augmented from Set menu 300.000đ /người (3),300000,standard,https://comnieuvietnam.vn/products/set-menu-300-000d-nguoi-3,6,Salad cải mầm bò | Gà chiên nước mắm | Cá ngừ đại dương lúc lắc | Tôm càng hấp bia | Tôm chiên nước mắm | Lẩu riêu cua sườn sun,1,slot_price_tier_resampling,2,2 | 5
AUG0330,SM350_01,Augmented from Set menu 350.000đ /người (1),350000,premium,https://comnieuvietnam.vn/products/set-menu-350-000d-nguoi-1,6,Gân bò xào cải chua | Chả mực hạ long | Bắp bò ngâm nước mắm | Cá kho làng vũ đại | Tôm càng hấp nước dừa | Lẩu cua nấu bầu,1,slot_price_tier_resampling,2,1 | 2
AUG0331,SM350_02,Augmented from Set menu 350.000đ /người (2),350000,premium,https://comnieuvietnam.vn/products/set-menu-350-000d-nguoi-3,6,Gỏi tiến vua tôm thịt | Gà hấp mắm nhĩ | Bắp bò ngâm nước mắm | Gà sốt nấm đông cô | Nem ghẹ phú quốc | Lẩu vịt om sấu,1,slot_price_tier_resampling,3,1 | 2 | 3
AUG0332,SM200_02,Augmented from Set menu 200.000đ /người (2),200000,budget,https://comnieuvietnam.vn/products/set-menu-200-000d-nguoi-2,6,Đậu que xào lòng gà | Vịt kho gừng | Cá ngừ đại dương kho thơm | Tôm rim thịt | Tôm rang muối | Canh cá nấu riêu,1,slot_price_tier_resampling,2,4 | 6
AUG0333,SM200_03,Augmented from Set menu 200.000đ /người (3),200000,budget,https://comnieuvietnam.vn/products/set-menu-200-000d-nguoi-3,6,Cải thìa xào dầu hào | Gà chiên nước mắm | Cá ngừ đại dương kho thơm | Thịt kho củ cải trắng | Cá ngừ đại dương sốt cà | Canh cá nấu riêu,1,slot_price_tier_resampling,2,1 | 3
AUG0334,SM250_01,Augmented from Set menu 250.000đ /người (1),250000,standard,https://comnieuvietnam.vn/products/set-menu-250-000d-nguoi-1,6,Gân bò xào cải chua | Gà kho sả ớt | Bò sốt nấm | Cá chim hấp hong kong | Tôm cháy tỏi | Canh chua cá bóp,1,slot_price_tier_resampling,3,2 | 4 | 5
AUG0335,SM250_02,Augmented from Set menu 250.000đ /người (2),250000,standard,https://comnieuvietnam.vn/products/set-menu-250-000d-nguoi-2,6,Đậu que xào bò | Gà hấp mắm nhĩ | Cá kho làng vũ đại | Cá thu sốt cà chua | Tôm cháy tỏi | Canh chua cá dứa,1,slot_price_tier_resampling,2,2 | 3
AUG0336,SM250_03,Augmented from Set menu 250.000đ /người (3),250000,standard,https://comnieuvietnam.vn/products/set-menu-250-000d-nguoi-3,6,Gân bò xào cải chua | Gà kho sả ớt | Cá ngừ đại dương lúc lắc | Cá chim hấp hong kong | Tôm chiên nước mắm | Canh chua cá bóp,1,slot_price_tier_resampling,3,1 | 3 | 6
AUG0337,SM300_02,Augmented from Set menu 300.000đ /người (2),300000,standard,https://comnieuvietnam.vn/products/set-menu-300-000d-nguoi-2,6,Salad cải mầm bò | Gà hấp mắm nhĩ | Cá kho làng vũ đại | Bắp bò ngâm nước mắm | Tôm càng xanh rang muối | Canh hến (dắt) mồng tơi,1,slot_price_tier_resampling,2,1 | 6
AUG0338,SM300_03,Augmented from Set menu 300.000đ /người (3),300000,standard,https://comnieuvietnam.vn/products/set-menu-300-000d-nguoi-3,6,Đậu que xào bò | Gà kho sả ớt | Cá ngừ đại dương lúc lắc | Tôm càng hấp bia | Tôm rang muối | Lẩu riêu cua sườn sun,1,slot_price_tier_resampling,3,1 | 2 | 5
AUG0339,SM200_02,Augmented from Set menu 200.000đ /người (2),200000,budget,https://comnieuvietnam.vn/products/set-menu-200-000d-nguoi-2,6,Đậu que xào lòng gà | Gà rang gừng | Cá bống kho tộ | Thịt kho trứng | Tôm rang muối | Canh thát lát khổ qua,1,slot_price_tier_resampling,2,2 | 3
AUG0340,SM200_03,Augmented from Set menu 200.000đ /người (3),200000,budget,https://comnieuvietnam.vn/products/set-menu-200-000d-nguoi-3,6,Rau luộc thập cẩm kho quẹt | Gà rang gừng | Cá bống kho tộ | Thịt kho củ cải trắng | Cá ngừ đại dương sốt cà | Canh cá nấu riêu,1,slot_price_tier_resampling,2,2 | 3
AUG0341,SM250_01,Augmented from Set menu 250.000đ /người (1),250000,standard,https://comnieuvietnam.vn/products/set-menu-250-000d-nguoi-1,6,Gỏi bò đồng quê | Gà hấp mắm nhĩ | Bò sốt nấm | Cá chim hấp hong kong | Tôm rang muối | Canh chua cá bóp,1,slot_price_tier_resampling,2,1 | 4
AUG0342,SM250_02,Augmented from Set menu 250.000đ /người (2),250000,standard,https://comnieuvietnam.vn/products/set-menu-250-000d-nguoi-2,6,Rau rừng gia lai xào bò | Gà chiên nước mắm | Giò heo nấu giả cầy | Cá thu sốt cà chua | Tôm cháy tỏi | Canh chua cá dứa,1,slot_price_tier_resampling,1,1
AUG0343,SM250_03,Augmented from Set menu 250.000đ /người (3),250000,standard,https://comnieuvietnam.vn/products/set-menu-250-000d-nguoi-3,6,Gỏi bò đồng quê | Gà kho sả ớt | Thịt rang cháy cạnh | Cá chim hấp hong kong | Tôm rang muối | Lẩu vịt om sấu,1,slot_price_tier_resampling,3,1 | 5 | 6
AUG0344,SM300_02,Augmented from Set menu 300.000đ /người (2),300000,standard,https://comnieuvietnam.vn/products/set-menu-300-000d-nguoi-2,6,Gỏi thái hải sản | Gà hấp mắm nhĩ | Cá kho làng vũ đại | Bắp bò ngâm nước mắm | Tôm càng cháy bơ tỏi | Lẩu ngót cá chim,1,slot_price_tier_resampling,1,5
AUG0345,SM300_03,Augmented from Set menu 300.000đ /người (3),300000,standard,https://comnieuvietnam.vn/products/set-menu-300-000d-nguoi-3,6,Salad cải mầm bò | Gà hấp mía | Bò sốt nấm | Tôm càng hấp bia | Mực 1 nắng chiên nước mắm | Lẩu riêu cua sườn sun,1,slot_price_tier_resampling,1,3
AUG0346,SM200_03,Augmented from Set menu 200.000đ /người (3),200000,budget,https://comnieuvietnam.vn/products/set-menu-200-000d-nguoi-3,6,Cải thìa xào dầu hào | Gà chiên nước mắm | Tôm cháy tỏi | Thịt kho củ cải trắng | Cá ngừ đại dương sốt cà | Canh cua cà pháo,1,slot_price_tier_resampling,2,1 | 6
AUG0347,SM250_02,Augmented from Set menu 250.000đ /người (2),250000,standard,https://comnieuvietnam.vn/products/set-menu-250-000d-nguoi-2,6,Đậu que xào bò | Gà chiên nước mắm | Giò heo nấu giả cầy | Cá chim hấp hong kong | Tôm cháy tỏi | Canh hến (dắt) mồng tơi,1,slot_price_tier_resampling,2,4 | 6
AUG0348,SM250_03,Augmented from Set menu 250.000đ /người (3),250000,standard,https://comnieuvietnam.vn/products/set-menu-250-000d-nguoi-3,6,Rau rừng gia lai xào bò | Gà kho sả ớt | Bò sốt nấm | Cá chim hấp hong kong | Tôm chiên nước mắm | Canh hến (dắt) mồng tơi,1,slot_price_tier_resampling,1,3
AUG0349,SM300_01,Augmented from Set menu 300.000đ /người (1),300000,standard,https://comnieuvietnam.vn/products/set-menu-300-000d-nguoi-1,6,Đậu que xào bò | Gà hấp cải xanh | Cá bống mú chưng tương | Tôm càng hấp bia | Tôm càng cháy bơ tỏi | Lẩu vịt om sấu,1,slot_price_tier_resampling,2,1 | 4
AUG0350,SM200_01,Augmented from Set menu 200.000đ /người (1),200000,budget,https://comnieuvietnam.vn/products/set-menu-200-000d-nguoi-1,6,Cải thìa xào dầu hào | Gà rang gừng | Cá bống kho tộ | Thịt kho trứng | Mực chiên nước mắm | Canh cua cà pháo,1,slot_price_tier_resampling,1,4
AUG0351,SM250_01,Augmented from Set menu 250.000đ /người (1),250000,standard,https://comnieuvietnam.vn/products/set-menu-250-000d-nguoi-1,6,Gân bò xào cải chua | Gà hấp cải xanh | Thịt rang cháy cạnh | Cá dứa kho tộ | Tôm rang muối | Lẩu riêu cua sườn sun,1,slot_price_tier_resampling,3,2 | 3 | 6
AUG0352,SM250_02,Augmented from Set menu 250.000đ /người (2),250000,standard,https://comnieuvietnam.vn/products/set-menu-250-000d-nguoi-2,6,Đậu que xào bò | Gà chiên nước mắm | Bò sốt nấm | Cá thu sốt cà chua | Tôm cháy tỏi | Canh chua cá dứa,1,slot_price_tier_resampling,1,3
AUG0353,SM300_01,Augmented from Set menu 300.000đ /người (1),300000,standard,https://comnieuvietnam.vn/products/set-menu-300-000d-nguoi-1,6,Salad cải mầm bò | Gà hấp cải xanh | Cá bống mú chưng tương | Bò sốt tiêu đen | Tôm càng xanh rang muối | Lẩu vịt om sấu,1,slot_price_tier_resampling,2,1 | 5
AUG0354,SM300_02,Augmented from Set menu 300.000đ /người (2),300000,standard,https://comnieuvietnam.vn/products/set-menu-300-000d-nguoi-2,6,Gỏi bò đồng quê | Gà hấp mắm nhĩ | Giò heo nấu giả cầy | Bắp bò ngâm nước mắm | Tôm càng xanh rang muối | Lẩu ngót cá chim,1,slot_price_tier_resampling,2,1 | 3
AUG0355,SM300_03,Augmented from Set menu 300.000đ /người (3),300000,standard,https://comnieuvietnam.vn/products/set-menu-300-000d-nguoi-3,6,Salad cải mầm bò | Gà hấp mía | Cá ngừ đại dương lúc lắc | Tôm càng hấp bia | Tôm chiên nước mắm | Lẩu riêu cua sườn sun,1,slot_price_tier_resampling,1,5
AUG0356,SM200_01,Augmented from Set menu 200.000đ /người (1),200000,budget,https://comnieuvietnam.vn/products/set-menu-200-000d-nguoi-1,6,Rau luộc thập cẩm kho quẹt | Gà rang gừng | Cá bống kho tộ | Thịt kho trứng | Mực chiên nước mắm | Canh cua cà pháo,1,slot_price_tier_resampling,2,1 | 4
AUG0357,SM200_02,Augmented from Set menu 200.000đ /người (2),200000,budget,https://comnieuvietnam.vn/products/set-menu-200-000d-nguoi-2,6,Cải thìa xào dầu hào | Vịt kho gừng | Cá ngừ đại dương kho thơm | Thịt kho trứng | Tôm rang muối | Canh cua cà pháo,1,slot_price_tier_resampling,2,1 | 6
AUG0358,SM200_03,Augmented from Set menu 200.000đ /người (3),200000,budget,https://comnieuvietnam.vn/products/set-menu-200-000d-nguoi-3,6,Rau luộc thập cẩm kho quẹt | Gà chiên nước mắm | Tôm cháy tỏi | Thịt kho trứng | Mực chiên nước mắm | Canh cá nấu riêu,1,slot_price_tier_resampling,2,4 | 5
AUG0359,SM250_01,Augmented from Set menu 250.000đ /người (1),250000,standard,https://comnieuvietnam.vn/products/set-menu-250-000d-nguoi-1,6,Gân bò xào cải chua | Gà kho sả ớt | Bò sốt nấm | Tôm càng hấp bia | Tôm rang muối | Canh chua cá bóp,1,slot_price_tier_resampling,2,2 | 4
AUG0360,SM250_02,Augmented from Set menu 250.000đ /người (2),250000,standard,https://comnieuvietnam.vn/products/set-menu-250-000d-nguoi-2,6,Gỏi thái hải sản | Gà chiên nước mắm | Giò heo nấu giả cầy | Cá thu sốt cà chua | Tôm chiên nước mắm | Lẩu riêu cua sườn sun,1,slot_price_tier_resampling,3,1 | 5 | 6
AUG0361,SM250_03,Augmented from Set menu 250.000đ /người (3),250000,standard,https://comnieuvietnam.vn/products/set-menu-250-000d-nguoi-3,6,Salad cải mầm bò | Gà hấp mía | Thịt rang cháy cạnh | Cá chim hấp hong kong | Tôm cháy tỏi | Canh hến (dắt) mồng tơi,1,slot_price_tier_resampling,3,1 | 2 | 5
AUG0362,SM300_01,Augmented from Set menu 300.000đ /người (1),300000,standard,https://comnieuvietnam.vn/products/set-menu-300-000d-nguoi-1,6,Gỏi thái hải sản | Gà hấp cải xanh | Cá kho làng vũ đại | Bò sốt tiêu đen | Tôm càng cháy bơ tỏi | Lẩu vịt om sấu,1,slot_price_tier_resampling,2,1 | 3
AUG0363,SM300_02,Augmented from Set menu 300.000đ /người (2),300000,standard,https://comnieuvietnam.vn/products/set-menu-300-000d-nguoi-2,6,Gỏi thái hải sản | Gà hấp mắm nhĩ | Cá bống mú chưng tương | Cá chim hấp hong kong | Tôm càng xanh rang muối | Lẩu vịt om sấu,1,slot_price_tier_resampling,3,3 | 4 | 6
AUG0364,SM350_02,Augmented from Set menu 350.000đ /người (2),350000,premium,https://comnieuvietnam.vn/products/set-menu-350-000d-nguoi-3,6,Gân bò xào cải chua | Chả mực hạ long | Cá kho làng vũ đại | Gà sốt nấm đông cô | Tôm càng hấp nước dừa | Lẩu cua nấu bầu,1,slot_price_tier_resampling,2,5 | 6
AUG0365,SM200_01,Augmented from Set menu 200.000đ /người (1),200000,budget,https://comnieuvietnam.vn/products/set-menu-200-000d-nguoi-1,6,Cải thìa xào dầu hào | Gà rang gừng | Cá bống kho tộ | Thịt kho trứng | Mực chiên nước mắm | Canh cá nấu riêu,1,slot_price_tier_resampling,2,4 | 6
AUG0366,SM200_02,Augmented from Set menu 200.000đ /người (2),200000,budget,https://comnieuvietnam.vn/products/set-menu-200-000d-nguoi-2,6,Đậu que xào lòng gà | Gà rang gừng | Cá bống kho tộ | Tôm rim thịt | Tôm rang muối | Canh thát lát khổ qua,1,slot_price_tier_resampling,3,2 | 3 | 4
AUG0367,SM200_03,Augmented from Set menu 200.000đ /người (3),200000,budget,https://comnieuvietnam.vn/products/set-menu-200-000d-nguoi-3,6,Rau luộc thập cẩm kho quẹt | Gà chiên nước mắm | Tôm cháy tỏi | Tôm rim thịt | Cá ngừ đại dương sốt cà | Canh cua cà pháo,1,slot_price_tier_resampling,2,4 | 6
AUG0368,SM250_01,Augmented from Set menu 250.000đ /người (1),250000,standard,https://comnieuvietnam.vn/products/set-menu-250-000d-nguoi-1,6,Rau rừng gia lai xào bò | Gà chiên nước mắm | Bò sốt nấm | Cá dứa kho tộ | Mực 1 nắng chiên nước mắm | Canh chua cá bóp,1,slot_price_tier_resampling,3,1 | 2 | 5
AUG0369,SM250_02,Augmented from Set menu 250.000đ /người (2),250000,standard,https://comnieuvietnam.vn/products/set-menu-250-000d-nguoi-2,6,Đậu que xào bò | Gà chiên nước mắm | Cá ngừ đại dương lúc lắc | Tôm càng hấp bia | Tôm cháy tỏi | Canh hến (dắt) mồng tơi,1,slot_price_tier_resampling,3,3 | 4 | 6
AUG0370,SM250_03,Augmented from Set menu 250.000đ /người (3),250000,standard,https://comnieuvietnam.vn/products/set-menu-250-000d-nguoi-3,6,Gỏi bò đồng quê | Gà hấp mía | Thịt rang cháy cạnh | Cá chim hấp hong kong | Tôm chiên nước mắm | Lẩu riêu cua sườn sun,1,slot_price_tier_resampling,3,1 | 2 | 6
AUG0371,SM300_01,Augmented from Set menu 300.000đ /người (1),300000,standard,https://comnieuvietnam.vn/products/set-menu-300-000d-nguoi-1,6,Đậu que xào bò | Gà hấp cải xanh | Bò sốt nấm | Bò sốt tiêu đen | Tôm càng cháy bơ tỏi | Lẩu vịt om sấu,1,slot_price_tier_resampling,2,1 | 3
AUG0372,SM300_02,Augmented from Set menu 300.000đ /người (2),300000,standard,https://comnieuvietnam.vn/products/set-menu-300-000d-nguoi-2,6,Đậu que xào bò | Gà hấp mắm nhĩ | Cá kho làng vũ đại | Bắp bò ngâm nước mắm | Tôm càng xanh rang muối | Lẩu ngót cá chim,1,slot_price_tier_resampling,1,1
AUG0373,SM300_03,Augmented from Set menu 300.000đ /người (3),300000,standard,https://comnieuvietnam.vn/products/set-menu-300-000d-nguoi-3,6,Gân bò xào cải chua | Gà hấp mía | Cá ngừ đại dương lúc lắc | Tôm càng hấp bia | Mực 1 nắng chiên nước mắm | Lẩu riêu cua sườn sun,1,slot_price_tier_resampling,1,1
AUG0374,SM200_01,Augmented from Set menu 200.000đ /người (1),200000,budget,https://comnieuvietnam.vn/products/set-menu-200-000d-nguoi-1,6,Rau luộc thập cẩm kho quẹt | Gà rang gừng | Cá bống kho tộ | Thịt kho củ cải trắng | Mực chiên nước mắm | Canh cá nấu riêu,1,slot_price_tier_resampling,3,1 | 4 | 6
AUG0375,SM250_01,Augmented from Set menu 250.000đ /người (1),250000,standard,https://comnieuvietnam.vn/products/set-menu-250-000d-nguoi-1,6,Salad cải mầm bò | Gà hấp mắm nhĩ | Bò sốt nấm | Cá dứa kho tộ | Tôm rang muối | Lẩu riêu cua sườn sun,1,slot_price_tier_resampling,2,1 | 6
AUG0376,SM250_02,Augmented from Set menu 250.000đ /người (2),250000,standard,https://comnieuvietnam.vn/products/set-menu-250-000d-nguoi-2,6,Salad cải mầm bò | Gà chiên nước mắm | Giò heo nấu giả cầy | Tôm càng hấp bia | Tôm cháy tỏi | Canh chua cá dứa,1,slot_price_tier_resampling,2,1 | 4
AUG0377,SM250_03,Augmented from Set menu 250.000đ /người (3),250000,standard,https://comnieuvietnam.vn/products/set-menu-250-000d-nguoi-3,6,Rau rừng gia lai xào bò | Gà hấp mắm nhĩ | Thịt rang cháy cạnh | Bắp bò ngâm nước mắm | Tôm chiên nước mắm | Canh hến (dắt) mồng tơi,1,slot_price_tier_resampling,2,2 | 4
AUG0378,SM300_02,Augmented from Set menu 300.000đ /người (2),300000,standard,https://comnieuvietnam.vn/products/set-menu-300-000d-nguoi-2,6,Gỏi thái hải sản | Gà hấp mắm nhĩ | Thịt rang cháy cạnh | Bắp bò ngâm nước mắm | Tôm càng xanh rang muối | Lẩu ngót cá chim,1,slot_price_tier_resampling,1,3
AUG0379,SM300_03,Augmented from Set menu 300.000đ /người (3),300000,standard,https://comnieuvietnam.vn/products/set-menu-300-000d-nguoi-3,6,Salad cải mầm bò | Gà hấp mía | Cá ngừ đại dương lúc lắc | Bò sốt tiêu đen | Mực 1 nắng chiên nước mắm | Lẩu riêu cua sườn sun,1,slot_price_tier_resampling,1,4
AUG0380,SM350_02,Augmented from Set menu 350.000đ /người (2),350000,premium,https://comnieuvietnam.vn/products/set-menu-350-000d-nguoi-3,6,Gỏi tiến vua tôm thịt | Chả mực hạ long | Cá kho làng vũ đại | Gà sốt nấm đông cô | Tôm càng hấp nước dừa | Lẩu cua nấu bầu,1,slot_price_tier_resampling,3,1 | 5 | 6
AUG0381,SM200_01,Augmented from Set menu 200.000đ /người (1),200000,budget,https://comnieuvietnam.vn/products/set-menu-200-000d-nguoi-1,6,Cải thìa xào dầu hào | Gà rang gừng | Cá ngừ đại dương kho thơm | Tôm rim thịt | Mực chiên nước mắm | Canh cá nấu riêu,1,slot_price_tier_resampling,2,3 | 6
AUG0382,SM200_03,Augmented from Set menu 200.000đ /người (3),200000,budget,https://comnieuvietnam.vn/products/set-menu-200-000d-nguoi-3,6,Rau luộc thập cẩm kho quẹt | Gà chiên nước mắm | Cá bống kho tộ | Thịt kho củ cải trắng | Cá ngừ đại dương sốt cà | Canh cá nấu riêu,1,slot_price_tier_resampling,1,3
AUG0383,SM250_01,Augmented from Set menu 250.000đ /người (1),250000,standard,https://comnieuvietnam.vn/products/set-menu-250-000d-nguoi-1,6,Gân bò xào cải chua | Gà kho sả ớt | Giò heo nấu giả cầy | Cá thu sốt cà chua | Tôm rang muối | Canh chua cá bóp,1,slot_price_tier_resampling,3,2 | 3 | 4
AUG0384,SM250_02,Augmented from Set menu 250.000đ /người (2),250000,standard,https://comnieuvietnam.vn/products/set-menu-250-000d-nguoi-2,6,Đậu que xào bò | Gà chiên nước mắm | Giò heo nấu giả cầy | Cá thu sốt cà chua | Tôm cháy tỏi | Canh chua cá bóp,1,slot_price_tier_resampling,1,6
AUG0385,SM250_03,Augmented from Set menu 250.000đ /người (3),250000,standard,https://comnieuvietnam.vn/products/set-menu-250-000d-nguoi-3,6,Gỏi bò đồng quê | Gà hấp cải xanh | Thịt rang cháy cạnh | Cá chim hấp hong kong | Tôm chiên nước mắm | Lẩu ngót cá chim,1,slot_price_tier_resampling,3,1 | 2 | 6
AUG0386,SM300_01,Augmented from Set menu 300.000đ /người (1),300000,standard,https://comnieuvietnam.vn/products/set-menu-300-000d-nguoi-1,6,Gỏi bò đồng quê | Gà hấp cải xanh | Cá bống mú chưng tương | Cá chim hấp hong kong | Tôm càng cháy bơ tỏi | Lẩu vịt om sấu,1,slot_price_tier_resampling,1,4
AUG0387,SM300_03,Augmented from Set menu 300.000đ /người (3),300000,standard,https://comnieuvietnam.vn/products/set-menu-300-000d-nguoi-3,6,Salad cải mầm bò | Gà kho sả ớt | Bò sốt nấm | Tôm càng hấp bia | Tôm cháy tỏi | Lẩu riêu cua sườn sun,1,slot_price_tier_resampling,3,2 | 3 | 5
AUG0388,SM200_01,Augmented from Set menu 200.000đ /người (1),200000,budget,https://comnieuvietnam.vn/products/set-menu-200-000d-nguoi-1,6,Cải thìa xào dầu hào | Gà rang gừng | Cá bống kho tộ | Thịt kho củ cải trắng | Cá ngừ đại dương sốt cà | Canh cua cà pháo,1,slot_price_tier_resampling,2,4 | 5
AUG0389,SM200_02,Augmented from Set menu 200.000đ /người (2),200000,budget,https://comnieuvietnam.vn/products/set-menu-200-000d-nguoi-2,6,Đậu que xào lòng gà | Vịt kho gừng | Cá ngừ đại dương kho thơm | Thịt kho củ cải trắng | Cá ngừ đại dương sốt cà | Canh thát lát khổ qua,1,slot_price_tier_resampling,2,4 | 5
AUG0390,SM200_03,Augmented from Set menu 200.000đ /người (3),200000,budget,https://comnieuvietnam.vn/products/set-menu-200-000d-nguoi-3,6,Cải thìa xào dầu hào | Gà chiên nước mắm | Cá bống kho tộ | Thịt kho củ cải trắng | Cá ngừ đại dương sốt cà | Canh cá nấu riêu,1,slot_price_tier_resampling,2,1 | 3
AUG0391,SM250_01,Augmented from Set menu 250.000đ /người (1),250000,standard,https://comnieuvietnam.vn/products/set-menu-250-000d-nguoi-1,6,Gỏi thái hải sản | Gà hấp mắm nhĩ | Bò sốt nấm | Cá dứa kho tộ | Mực 1 nắng chiên nước mắm | Canh chua cá bóp,1,slot_price_tier_resampling,2,1 | 5
AUG0392,SM250_03,Augmented from Set menu 250.000đ /người (3),250000,standard,https://comnieuvietnam.vn/products/set-menu-250-000d-nguoi-3,6,Rau rừng gia lai xào bò | Gà kho sả ớt | Cá kho làng vũ đại | Cá thu sốt cà chua | Tôm chiên nước mắm | Canh hến (dắt) mồng tơi,1,slot_price_tier_resampling,2,3 | 4
AUG0393,SM300_01,Augmented from Set menu 300.000đ /người (1),300000,standard,https://comnieuvietnam.vn/products/set-menu-300-000d-nguoi-1,6,Gỏi bò đồng quê | Gà hấp cải xanh | Cá kho làng vũ đại | Bò sốt tiêu đen | Tôm càng cháy bơ tỏi | Lẩu ngót cá chim,1,slot_price_tier_resampling,2,3 | 6
AUG0394,SM300_02,Augmented from Set menu 300.000đ /người (2),300000,standard,https://comnieuvietnam.vn/products/set-menu-300-000d-nguoi-2,6,Gỏi thái hải sản | Gà hấp mắm nhĩ | Cá kho làng vũ đại | Cá dứa kho tộ | Tôm càng xanh rang muối | Canh hến (dắt) mồng tơi,1,slot_price_tier_resampling,2,4 | 6
AUG0395,SM300_03,Augmented from Set menu 300.000đ /người (3),300000,standard,https://comnieuvietnam.vn/products/set-menu-300-000d-nguoi-3,6,Salad cải mầm bò | Gà hấp mắm nhĩ | Giò heo nấu giả cầy | Tôm càng hấp bia | Mực 1 nắng chiên nước mắm | Lẩu riêu cua sườn sun,1,slot_price_tier_resampling,2,2 | 3
AUG0396,SM200_02,Augmented from Set menu 200.000đ /người (2),200000,budget,https://comnieuvietnam.vn/products/set-menu-200-000d-nguoi-2,6,Cải thìa xào dầu hào | Vịt kho gừng | Cá ngừ đại dương kho thơm | Thịt kho trứng | Mực chiên nước mắm | Canh thát lát khổ qua,1,slot_price_tier_resampling,2,1 | 5
AUG0397,SM200_03,Augmented from Set menu 200.000đ /người (3),200000,budget,https://comnieuvietnam.vn/products/set-menu-200-000d-nguoi-3,6,Rau luộc thập cẩm kho quẹt | Gà rang gừng | Tôm cháy tỏi | Thịt kho trứng | Cá ngừ đại dương sốt cà | Canh cá nấu riêu,1,slot_price_tier_resampling,2,2 | 4
AUG0398,SM250_01,Augmented from Set menu 250.000đ /người (1),250000,standard,https://comnieuvietnam.vn/products/set-menu-250-000d-nguoi-1,6,Gỏi bò đồng quê | Gà hấp mắm nhĩ | Thịt rang cháy cạnh | Cá dứa kho tộ | Tôm rang muối | Canh chua cá bóp,1,slot_price_tier_resampling,2,1 | 3
AUG0399,SM250_02,Augmented from Set menu 250.000đ /người (2),250000,standard,https://comnieuvietnam.vn/products/set-menu-250-000d-nguoi-2,6,Đậu que xào bò | Gà hấp mía | Bò sốt nấm | Cá thu sốt cà chua | Tôm cháy tỏi | Canh chua cá dứa,1,slot_price_tier_resampling,2,2 | 3
AUG0400,SM250_03,Augmented from Set menu 250.000đ /người (3),250000,standard,https://comnieuvietnam.vn/products/set-menu-250-000d-nguoi-3,6,Rau rừng gia lai xào bò | Gà kho sả ớt | Thịt rang cháy cạnh | Cá chim hấp hong kong | Tôm rang muối | Canh hến (dắt) mồng tơi,1,slot_price_tier_resampling,1,5
AUG0401,SM300_01,Augmented from Set menu 300.000đ /người (1),300000,standard,https://comnieuvietnam.vn/products/set-menu-300-000d-nguoi-1,6,Gỏi bò đồng quê | Gà hấp mía | Cá bống mú chưng tương | Tôm càng hấp bia | Tôm càng cháy bơ tỏi | Lẩu vịt om sấu,1,slot_price_tier_resampling,2,2 | 4
AUG0402,SM300_02,Augmented from Set menu 300.000đ /người (2),300000,standard,https://comnieuvietnam.vn/products/set-menu-300-000d-nguoi-2,6,Salad cải mầm bò | Gà hấp mắm nhĩ | Cá kho làng vũ đại | Bắp bò ngâm nước mắm | Tôm càng xanh rang muối | Canh chua cá bóp,1,slot_price_tier_resampling,2,1 | 6
AUG0403,SM300_03,Augmented from Set menu 300.000đ /người (3),300000,standard,https://comnieuvietnam.vn/products/set-menu-300-000d-nguoi-3,6,Gỏi bò đồng quê | Gà hấp mía | Cá ngừ đại dương lúc lắc | Tôm càng hấp bia | Tôm càng cháy bơ tỏi | Lẩu riêu cua sườn sun,1,slot_price_tier_resampling,2,1 | 5
AUG0404,SM200_02,Augmented from Set menu 200.000đ /người (2),200000,budget,https://comnieuvietnam.vn/products/set-menu-200-000d-nguoi-2,6,Đậu que xào lòng gà | Gà rang gừng | Cá ngừ đại dương kho thơm | Thịt kho trứng | Tôm rang muối | Canh thát lát khổ qua,1,slot_price_tier_resampling,1,2
AUG0405,SM250_02,Augmented from Set menu 250.000đ /người (2),250000,standard,https://comnieuvietnam.vn/products/set-menu-250-000d-nguoi-2,6,Gân bò xào cải chua | Gà hấp mắm nhĩ | Giò heo nấu giả cầy | Cá thu sốt cà chua | Tôm cháy tỏi | Canh chua cá dứa,1,slot_price_tier_resampling,2,1 | 2
AUG0406,SM250_03,Augmented from Set menu 250.000đ /người (3),250000,standard,https://comnieuvietnam.vn/products/set-menu-250-000d-nguoi-3,6,Gân bò xào cải chua | Gà kho sả ớt | Giò heo nấu giả cầy | Cá chim hấp hong kong | Tôm chiên nước mắm | Canh hến (dắt) mồng tơi,1,slot_price_tier_resampling,2,1 | 3
AUG0407,SM300_03,Augmented from Set menu 300.000đ /người (3),300000,standard,https://comnieuvietnam.vn/products/set-menu-300-000d-nguoi-3,6,Gỏi thái hải sản | Gà hấp mía | Cá ngừ đại dương lúc lắc | Tôm càng hấp bia | Mực 1 nắng chiên nước mắm | Canh chua cá bóp,1,slot_price_tier_resampling,2,1 | 6
AUG0408,SM350_02,Augmented from Set menu 350.000đ /người (2),350000,premium,https://comnieuvietnam.vn/products/set-menu-350-000d-nguoi-3,6,Gân bò xào cải chua | Gà hấp mắm nhĩ | Cá kho làng vũ đại | Gà sốt nấm đông cô | Tôm càng hấp nước dừa | Lẩu vịt om sấu,1,slot_price_tier_resampling,2,2 | 5
AUG0409,SM200_01,Augmented from Set menu 200.000đ /người (1),200000,budget,https://comnieuvietnam.vn/products/set-menu-200-000d-nguoi-1,6,Cải thìa xào dầu hào | Gà chiên nước mắm | Cá ngừ đại dương kho thơm | Tôm rim thịt | Tôm rang muối | Canh cua cà pháo,1,slot_price_tier_resampling,3,2 | 3 | 5
AUG0410,SM250_01,Augmented from Set menu 250.000đ /người (1),250000,standard,https://comnieuvietnam.vn/products/set-menu-250-000d-nguoi-1,6,Gân bò xào cải chua | Gà hấp mắm nhĩ | Bò sốt nấm | Cá dứa kho tộ | Tôm rang muối | Canh chua cá dứa,1,slot_price_tier_resampling,1,6
AUG0411,SM250_02,Augmented from Set menu 250.000đ /người (2),250000,standard,https://comnieuvietnam.vn/products/set-menu-250-000d-nguoi-2,6,Salad cải mầm bò | Gà kho sả ớt | Giò heo nấu giả cầy | Cá thu sốt cà chua | Tôm cháy tỏi | Canh chua cá dứa,1,slot_price_tier_resampling,2,1 | 2
AUG0412,SM300_01,Augmented from Set menu 300.000đ /người (1),300000,standard,https://comnieuvietnam.vn/products/set-menu-300-000d-nguoi-1,6,Gỏi bò đồng quê | Gà hấp mía | Cá bống mú chưng tương | Tôm càng hấp bia | Tôm càng cháy bơ tỏi | Lẩu ngót cá chim,1,slot_price_tier_resampling,3,2 | 4 | 6
AUG0413,SM300_02,Augmented from Set menu 300.000đ /người (2),300000,standard,https://comnieuvietnam.vn/products/set-menu-300-000d-nguoi-2,6,Đậu que xào bò | Gà hấp cải xanh | Cá kho làng vũ đại | Bắp bò ngâm nước mắm | Tôm càng xanh rang muối | Lẩu ngót cá chim,1,slot_price_tier_resampling,2,1 | 2
AUG0414,SM300_03,Augmented from Set menu 300.000đ /người (3),300000,standard,https://comnieuvietnam.vn/products/set-menu-300-000d-nguoi-3,6,Salad cải mầm bò | Gà kho sả ớt | Cá ngừ đại dương lúc lắc | Tôm càng hấp bia | Mực 1 nắng chiên nước mắm | Lẩu ngót cá chim,1,slot_price_tier_resampling,2,2 | 6
AUG0415,SM200_01,Augmented from Set menu 200.000đ /người (1),200000,budget,https://comnieuvietnam.vn/products/set-menu-200-000d-nguoi-1,6,Cải thìa xào dầu hào | Gà rang gừng | Cá ngừ đại dương kho thơm | Tôm rim thịt | Mực chiên nước mắm | Canh cua cà pháo,1,slot_price_tier_resampling,1,3
AUG0416,SM200_02,Augmented from Set menu 200.000đ /người (2),200000,budget,https://comnieuvietnam.vn/products/set-menu-200-000d-nguoi-2,6,Đậu que xào lòng gà | Vịt kho gừng | Cá bống kho tộ | Thịt kho củ cải trắng | Tôm rang muối | Canh cua cà pháo,1,slot_price_tier_resampling,3,3 | 4 | 6
AUG0417,SM250_01,Augmented from Set menu 250.000đ /người (1),250000,standard,https://comnieuvietnam.vn/products/set-menu-250-000d-nguoi-1,6,Gân bò xào cải chua | Gà hấp mắm nhĩ | Bò sốt nấm | Cá dứa kho tộ | Tôm càng xanh rang muối | Canh chua cá bóp,1,slot_price_tier_resampling,1,5
AUG0418,SM250_02,Augmented from Set menu 250.000đ /người (2),250000,standard,https://comnieuvietnam.vn/products/set-menu-250-000d-nguoi-2,6,Đậu que xào bò | Gà hấp mía | Giò heo nấu giả cầy | Cá thu sốt cà chua | Tôm càng cháy bơ tỏi | Canh chua cá dứa,1,slot_price_tier_resampling,2,2 | 5
AUG0419,SM250_03,Augmented from Set menu 250.000đ /người (3),250000,standard,https://comnieuvietnam.vn/products/set-menu-250-000d-nguoi-3,6,Rau rừng gia lai xào bò | Gà kho sả ớt | Thịt rang cháy cạnh | Cá thu sốt cà chua | Tôm chiên nước mắm | Canh hến (dắt) mồng tơi,1,slot_price_tier_resampling,1,4
AUG0420,SM300_01,Augmented from Set menu 300.000đ /người (1),300000,standard,https://comnieuvietnam.vn/products/set-menu-300-000d-nguoi-1,6,Gỏi bò đồng quê | Gà hấp mắm nhĩ | Cá kho làng vũ đại | Bò sốt tiêu đen | Tôm càng cháy bơ tỏi | Lẩu vịt om sấu,1,slot_price_tier_resampling,2,2 | 3
AUG0421,SM300_02,Augmented from Set menu 300.000đ /người (2),300000,standard,https://comnieuvietnam.vn/products/set-menu-300-000d-nguoi-2,6,Gỏi thái hải sản | Gà hấp mắm nhĩ | Cá kho làng vũ đại | Cá thu sốt cà chua | Tôm chiên nước mắm | Canh chua cá dứa,1,slot_price_tier_resampling,3,4 | 5 | 6
AUG0422,SM300_03,Augmented from Set menu 300.000đ /người (3),300000,standard,https://comnieuvietnam.vn/products/set-menu-300-000d-nguoi-3,6,Gỏi bò đồng quê | Gà chiên nước mắm | Cá ngừ đại dương lúc lắc | Tôm càng hấp bia | Mực 1 nắng chiên nước mắm | Lẩu riêu cua sườn sun,1,slot_price_tier_resampling,2,1 | 2
AUG0423,SM200_01,Augmented from Set menu 200.000đ /người (1),200000,budget,https://comnieuvietnam.vn/products/set-menu-200-000d-nguoi-1,6,Rau luộc thập cẩm kho quẹt | Gà rang gừng | Cá bống kho tộ | Tôm rim thịt | Mực chiên nước mắm | Canh cua cà pháo,1,slot_price_tier_resampling,1,1
AUG0424,SM250_01,Augmented from Set menu 250.000đ /người (1),250000,standard,https://comnieuvietnam.vn/products/set-menu-250-000d-nguoi-1,6,Gân bò xào cải chua | Gà hấp mắm nhĩ | Bò sốt nấm | Bò sốt tiêu đen | Tôm rang muối | Lẩu ngót cá chim,1,slot_price_tier_resampling,2,4 | 6
AUG0425,SM250_02,Augmented from Set menu 250.000đ /người (2),250000,standard,https://comnieuvietnam.vn/products/set-menu-250-000d-nguoi-2,6,Đậu que xào bò | Gà hấp mía | Giò heo nấu giả cầy | Cá thu sốt cà chua | Tôm rang muối | Canh chua cá dứa,1,slot_price_tier_resampling,2,2 | 5
AUG0426,SM250_03,Augmented from Set menu 250.000đ /người (3),250000,standard,https://comnieuvietnam.vn/products/set-menu-250-000d-nguoi-3,6,Rau rừng gia lai xào bò | Gà hấp mía | Bò sốt nấm | Cá chim hấp hong kong | Tôm chiên nước mắm | Canh hến (dắt) mồng tơi,1,slot_price_tier_resampling,2,2 | 3
AUG0427,SM300_01,Augmented from Set menu 300.000đ /người (1),300000,standard,https://comnieuvietnam.vn/products/set-menu-300-000d-nguoi-1,6,Salad cải mầm bò | Gà chiên nước mắm | Cá bống mú chưng tương | Bò sốt tiêu đen | Tôm rang muối | Lẩu vịt om sấu,1,slot_price_tier_resampling,3,1 | 2 | 5
AUG0428,SM300_02,Augmented from Set menu 300.000đ /người (2),300000,standard,https://comnieuvietnam.vn/products/set-menu-300-000d-nguoi-2,6,Salad cải mầm bò | Gà hấp mắm nhĩ | Cá kho làng vũ đại | Bắp bò ngâm nước mắm | Tôm càng xanh rang muối | Lẩu ngót cá chim,1,slot_price_tier_resampling,1,1
AUG0429,SM300_03,Augmented from Set menu 300.000đ /người (3),300000,standard,https://comnieuvietnam.vn/products/set-menu-300-000d-nguoi-3,6,Salad cải mầm bò | Gà hấp mía | Cá bống mú chưng tương | Tôm càng hấp bia | Mực 1 nắng chiên nước mắm | Lẩu ngót cá chim,1,slot_price_tier_resampling,2,3 | 6
AUG0430,SM350_02,Augmented from Set menu 350.000đ /người (2),350000,premium,https://comnieuvietnam.vn/products/set-menu-350-000d-nguoi-3,6,Gân bò xào cải chua | Gà hấp mắm nhĩ | Bắp bò ngâm nước mắm | Gà sốt nấm đông cô | Nem ghẹ phú quốc | Lẩu vịt om sấu,1,slot_price_tier_resampling,2,2 | 3
AUG0431,SM200_01,Augmented from Set menu 200.000đ /người (1),200000,budget,https://comnieuvietnam.vn/products/set-menu-200-000d-nguoi-1,6,Cải thìa xào dầu hào | Gà chiên nước mắm | Cá bống kho tộ | Tôm rim thịt | Tôm rang muối | Canh cua cà pháo,1,slot_price_tier_resampling,2,2 | 5
AUG0432,SM200_02,Augmented from Set menu 200.000đ /người (2),200000,budget,https://comnieuvietnam.vn/products/set-menu-200-000d-nguoi-2,6,Đậu que xào lòng gà | Gà rang gừng | Cá ngừ đại dương kho thơm | Thịt kho trứng | Tôm rang muối | Canh cá nấu riêu,1,slot_price_tier_resampling,2,2 | 6
AUG0433,SM200_03,Augmented from Set menu 200.000đ /người (3),200000,budget,https://comnieuvietnam.vn/products/set-menu-200-000d-nguoi-3,6,Rau luộc thập cẩm kho quẹt | Gà chiên nước mắm | Cá bống kho tộ | Thịt kho củ cải trắng | Tôm rang muối | Canh cua cà pháo,1,slot_price_tier_resampling,3,3 | 5 | 6
AUG0434,SM250_01,Augmented from Set menu 250.000đ /người (1),250000,standard,https://comnieuvietnam.vn/products/set-menu-250-000d-nguoi-1,6,Gân bò xào cải chua | Gà kho sả ớt | Bò sốt nấm | Cá dứa kho tộ | Tôm rang muối | Canh chua cá bóp,1,slot_price_tier_resampling,1,2
AUG0435,SM250_02,Augmented from Set menu 250.000đ /người (2),250000,standard,https://comnieuvietnam.vn/products/set-menu-250-000d-nguoi-2,6,Gân bò xào cải chua | Gà hấp cải xanh | Giò heo nấu giả cầy | Cá thu sốt cà chua | Tôm cháy tỏi | Lẩu ngót cá chim,1,slot_price_tier_resampling,3,1 | 2 | 6
AUG0436,SM250_03,Augmented from Set menu 250.000đ /người (3),250000,standard,https://comnieuvietnam.vn/products/set-menu-250-000d-nguoi-3,6,Rau rừng gia lai xào bò | Gà chiên nước mắm | Cá kho làng vũ đại | Cá chim hấp hong kong | Tôm chiên nước mắm | Canh chua cá dứa,1,slot_price_tier_resampling,3,2 | 3 | 6
AUG0437,SM300_01,Augmented from Set menu 300.000đ /người (1),300000,standard,https://comnieuvietnam.vn/products/set-menu-300-000d-nguoi-1,6,Rau rừng gia lai xào bò | Gà hấp cải xanh | Cá ngừ đại dương lúc lắc | Bò sốt tiêu đen | Tôm cháy tỏi | Lẩu vịt om sấu,1,slot_price_tier_resampling,3,1 | 3 | 5
AUG0438,SM300_02,Augmented from Set menu 300.000đ /người (2),300000,standard,https://comnieuvietnam.vn/products/set-menu-300-000d-nguoi-2,6,Salad cải mầm bò | Gà hấp mắm nhĩ | Cá ngừ đại dương lúc lắc | Bắp bò ngâm nước mắm | Tôm càng xanh rang muối | Lẩu ngót cá chim,1,slot_price_tier_resampling,2,1 | 3
AUG0439,SM300_03,Augmented from Set menu 300.000đ /người (3),300000,standard,https://comnieuvietnam.vn/products/set-menu-300-000d-nguoi-3,6,Salad cải mầm bò | Gà hấp mía | Thịt rang cháy cạnh | Tôm càng hấp bia | Mực 1 nắng chiên nước mắm | Lẩu riêu cua sườn sun,1,slot_price_tier_resampling,1,3
AUG0440,SM200_03,Augmented from Set menu 200.000đ /người (3),200000,budget,https://comnieuvietnam.vn/products/set-menu-200-000d-nguoi-3,6,Rau luộc thập cẩm kho quẹt | Gà chiên nước mắm | Cá bống kho tộ | Thịt kho trứng | Cá ngừ đại dương sốt cà | Canh cá nấu riêu,1,slot_price_tier_resampling,2,3 | 4
AUG0441,SM250_01,Augmented from Set menu 250.000đ /người (1),250000,standard,https://comnieuvietnam.vn/products/set-menu-250-000d-nguoi-1,6,Gân bò xào cải chua | Gà hấp cải xanh | Bò sốt nấm | Cá dứa kho tộ | Tôm rang muối | Canh chua cá bóp,1,slot_price_tier_resampling,1,2
AUG0442,SM250_02,Augmented from Set menu 250.000đ /người (2),250000,standard,https://comnieuvietnam.vn/products/set-menu-250-000d-nguoi-2,6,Đậu que xào bò | Gà hấp mắm nhĩ | Giò heo nấu giả cầy | Cá thu sốt cà chua | Mực 1 nắng chiên nước mắm | Canh chua cá dứa,1,slot_price_tier_resampling,2,2 | 5
AUG0443,SM250_03,Augmented from Set menu 250.000đ /người (3),250000,standard,https://comnieuvietnam.vn/products/set-menu-250-000d-nguoi-3,6,Rau rừng gia lai xào bò | Gà hấp mía | Thịt rang cháy cạnh | Bò sốt tiêu đen | Tôm chiên nước mắm | Lẩu ngót cá chim,1,slot_price_tier_resampling,3,2 | 4 | 6
AUG0444,SM300_01,Augmented from Set menu 300.000đ /người (1),300000,standard,https://comnieuvietnam.vn/products/set-menu-300-000d-nguoi-1,6,Gỏi bò đồng quê | Gà hấp cải xanh | Cá bống mú chưng tương | Bò sốt tiêu đen | Tôm càng cháy bơ tỏi | Lẩu ngót cá chim,1,slot_price_tier_resampling,1,6
AUG0445,SM300_03,Augmented from Set menu 300.000đ /người (3),300000,standard,https://comnieuvietnam.vn/products/set-menu-300-000d-nguoi-3,6,Đậu que xào bò | Gà hấp mía | Cá ngừ đại dương lúc lắc | Tôm càng hấp bia | Mực 1 nắng chiên nước mắm | Canh chua cá dứa,1,slot_price_tier_resampling,2,1 | 6
AUG0446,SM200_02,Augmented from Set menu 200.000đ /người (2),200000,budget,https://comnieuvietnam.vn/products/set-menu-200-000d-nguoi-2,6,Rau luộc thập cẩm kho quẹt | Vịt kho gừng | Cá ngừ đại dương kho thơm | Tôm rim thịt | Tôm rang muối | Canh thát lát khổ qua,1,slot_price_tier_resampling,2,1 | 4
AUG0447,SM200_03,Augmented from Set menu 200.000đ /người (3),200000,budget,https://comnieuvietnam.vn/products/set-menu-200-000d-nguoi-3,6,Rau luộc thập cẩm kho quẹt | Vịt kho gừng | Cá bống kho tộ | Thịt kho củ cải trắng | Cá ngừ đại dương sốt cà | Canh cá nấu riêu,1,slot_price_tier_resampling,2,2 | 3
AUG0448,SM250_01,Augmented from Set menu 250.000đ /người (1),250000,standard,https://comnieuvietnam.vn/products/set-menu-250-000d-nguoi-1,6,Gân bò xào cải chua | Gà hấp mắm nhĩ | Giò heo nấu giả cầy | Cá thu sốt cà chua | Tôm rang muối | Canh hến (dắt) mồng tơi,1,slot_price_tier_resampling,3,3 | 4 | 6
AUG0449,SM250_02,Augmented from Set menu 250.000đ /người (2),250000,standard,https://comnieuvietnam.vn/products/set-menu-250-000d-nguoi-2,6,Đậu que xào bò | Gà chiên nước mắm | Giò heo nấu giả cầy | Bò sốt tiêu đen | Tôm cháy tỏi | Canh chua cá dứa,1,slot_price_tier_resampling,1,4
AUG0450,SM250_03,Augmented from Set menu 250.000đ /người (3),250000,standard,https://comnieuvietnam.vn/products/set-menu-250-000d-nguoi-3,6,Gân bò xào cải chua | Gà kho sả ớt | Thịt rang cháy cạnh | Cá chim hấp hong kong | Tôm cháy tỏi | Canh hến (dắt) mồng tơi,1,slot_price_tier_resampling,2,1 | 5
AUG0451,SM300_01,Augmented from Set menu 300.000đ /người (1),300000,standard,https://comnieuvietnam.vn/products/set-menu-300-000d-nguoi-1,6,Gỏi bò đồng quê | Gà kho sả ớt | Cá bống mú chưng tương | Bò sốt tiêu đen | Tôm càng cháy bơ tỏi | Lẩu vịt om sấu,1,slot_price_tier_resampling,1,2
AUG0452,SM300_02,Augmented from Set menu 300.000đ /người (2),300000,standard,https://comnieuvietnam.vn/products/set-menu-300-000d-nguoi-2,6,Gân bò xào cải chua | Gà hấp mắm nhĩ | Cá kho làng vũ đại | Bắp bò ngâm nước mắm | Tôm càng cháy bơ tỏi | Lẩu vịt om sấu,1,slot_price_tier_resampling,3,1 | 5 | 6
AUG0453,SM300_03,Augmented from Set menu 300.000đ /người (3),300000,standard,https://comnieuvietnam.vn/products/set-menu-300-000d-nguoi-3,6,Salad cải mầm bò | Gà hấp mía | Cá ngừ đại dương lúc lắc | Bắp bò ngâm nước mắm | Tôm chiên nước mắm | Lẩu riêu cua sườn sun,1,slot_price_tier_resampling,2,4 | 5
AUG0454,SM200_01,Augmented from Set menu 200.000đ /người (1),200000,budget,https://comnieuvietnam.vn/products/set-menu-200-000d-nguoi-1,6,Đậu que xào lòng gà | Gà rang gừng | Cá bống kho tộ | Thịt kho củ cải trắng | Mực chiên nước mắm | Canh cua cà pháo,1,slot_price_tier_resampling,2,1 | 4
AUG0455,SM200_02,Augmented from Set menu 200.000đ /người (2),200000,budget,https://comnieuvietnam.vn/products/set-menu-200-000d-nguoi-2,6,Rau luộc thập cẩm kho quẹt | Vịt kho gừng | Cá ngừ đại dương kho thơm | Thịt kho trứng | Mực chiên nước mắm | Canh thát lát khổ qua,1,slot_price_tier_resampling,2,1 | 5
AUG0456,SM200_03,Augmented from Set menu 200.000đ /người (3),200000,budget,https://comnieuvietnam.vn/products/set-menu-200-000d-nguoi-3,6,Cải thìa xào dầu hào | Gà chiên nước mắm | Tôm cháy tỏi | Tôm rim thịt | Cá ngừ đại dương sốt cà | Canh cua cà pháo,1,slot_price_tier_resampling,3,1 | 4 | 6
AUG0457,SM250_01,Augmented from Set menu 250.000đ /người (1),250000,standard,https://comnieuvietnam.vn/products/set-menu-250-000d-nguoi-1,6,Gân bò xào cải chua | Gà hấp mắm nhĩ | Cá bống mú chưng tương | Cá dứa kho tộ | Tôm càng xanh rang muối | Canh chua cá bóp,1,slot_price_tier_resampling,2,3 | 5
AUG0458,SM250_02,Augmented from Set menu 250.000đ /người (2),250000,standard,https://comnieuvietnam.vn/products/set-menu-250-000d-nguoi-2,6,Rau rừng gia lai xào bò | Gà chiên nước mắm | Giò heo nấu giả cầy | Cá thu sốt cà chua | Tôm chiên nước mắm | Canh chua cá dứa,1,slot_price_tier_resampling,2,1 | 5
AUG0459,SM250_03,Augmented from Set menu 250.000đ /người (3),250000,standard,https://comnieuvietnam.vn/products/set-menu-250-000d-nguoi-3,6,Salad cải mầm bò | Gà hấp cải xanh | Thịt rang cháy cạnh | Cá chim hấp hong kong | Tôm chiên nước mắm | Canh chua cá dứa,1,slot_price_tier_resampling,3,1 | 2 | 6
AUG0460,SM300_01,Augmented from Set menu 300.000đ /người (1),300000,standard,https://comnieuvietnam.vn/products/set-menu-300-000d-nguoi-1,6,Gỏi bò đồng quê | Gà hấp cải xanh | Cá bống mú chưng tương | Bắp bò ngâm nước mắm | Tôm càng cháy bơ tỏi | Lẩu riêu cua sườn sun,1,slot_price_tier_resampling,2,4 | 6
AUG0461,SM300_02,Augmented from Set menu 300.000đ /người (2),300000,standard,https://comnieuvietnam.vn/products/set-menu-300-000d-nguoi-2,6,Gỏi thái hải sản | Gà hấp mắm nhĩ | Giò heo nấu giả cầy | Bò sốt tiêu đen | Tôm càng xanh rang muối | Lẩu riêu cua sườn sun,1,slot_price_tier_resampling,3,3 | 4 | 6
AUG0462,SM300_03,Augmented from Set menu 300.000đ /người (3),300000,standard,https://comnieuvietnam.vn/products/set-menu-300-000d-nguoi-3,6,Salad cải mầm bò | Gà hấp mía | Cá ngừ đại dương lúc lắc | Bò sốt tiêu đen | Mực 1 nắng chiên nước mắm | Canh chua cá dứa,1,slot_price_tier_resampling,2,4 | 6
AUG0463,SM350_02,Augmented from Set menu 350.000đ /người (2),350000,premium,https://comnieuvietnam.vn/products/set-menu-350-000d-nguoi-3,6,Gân bò xào cải chua | Chả mực hạ long | Bắp bò ngâm nước mắm | Gà sốt nấm đông cô | Tôm càng hấp nước dừa | Lẩu cua nấu bầu,1,slot_price_tier_resampling,3,3 | 5 | 6
AUG0464,SM200_02,Augmented from Set menu 200.000đ /người (2),200000,budget,https://comnieuvietnam.vn/products/set-menu-200-000d-nguoi-2,6,Rau luộc thập cẩm kho quẹt | Vịt kho gừng | Cá ngừ đại dương kho thơm | Thịt kho trứng | Tôm rang muối | Canh thát lát khổ qua,1,slot_price_tier_resampling,1,1
AUG0465,SM250_02,Augmented from Set menu 250.000đ /người (2),250000,standard,https://comnieuvietnam.vn/products/set-menu-250-000d-nguoi-2,6,Đậu que xào bò | Gà hấp cải xanh | Giò heo nấu giả cầy | Cá thu sốt cà chua | Tôm cháy tỏi | Lẩu riêu cua sườn sun,1,slot_price_tier_resampling,2,2 | 6
AUG0466,SM250_03,Augmented from Set menu 250.000đ /người (3),250000,standard,https://comnieuvietnam.vn/products/set-menu-250-000d-nguoi-3,6,Rau rừng gia lai xào bò | Gà kho sả ớt | Thịt rang cháy cạnh | Tôm càng hấp bia | Tôm chiên nước mắm | Canh hến (dắt) mồng tơi,1,slot_price_tier_resampling,1,4
AUG0467,SM300_01,Augmented from Set menu 300.000đ /người (1),300000,standard,https://comnieuvietnam.vn/products/set-menu-300-000d-nguoi-1,6,Rau rừng gia lai xào bò | Gà hấp cải xanh | Thịt rang cháy cạnh | Bò sốt tiêu đen | Tôm càng cháy bơ tỏi | Lẩu vịt om sấu,1,slot_price_tier_resampling,2,1 | 3
AUG0468,SM300_02,Augmented from Set menu 300.000đ /người (2),300000,standard,https://comnieuvietnam.vn/products/set-menu-300-000d-nguoi-2,6,Gỏi thái hải sản | Gà hấp mắm nhĩ | Bò sốt nấm | Bắp bò ngâm nước mắm | Tôm càng xanh rang muối | Lẩu ngót cá chim,1,slot_price_tier_resampling,1,3
AUG0469,SM300_03,Augmented from Set menu 300.000đ /người (3),300000,standard,https://comnieuvietnam.vn/products/set-menu-300-000d-nguoi-3,6,Salad cải mầm bò | Gà hấp mía | Thịt rang cháy cạnh | Tôm càng hấp bia | Tôm chiên nước mắm | Canh chua cá dứa,1,slot_price_tier_resampling,3,3 | 5 | 6
AUG0470,SM250_01,Augmented from Set menu 250.000đ /người (1),250000,standard,https://comnieuvietnam.vn/products/set-menu-250-000d-nguoi-1,6,Gỏi bò đồng quê | Gà kho sả ớt | Cá kho làng vũ đại | Cá dứa kho tộ | Tôm rang muối | Canh chua cá bóp,1,slot_price_tier_resampling,3,1 | 2 | 3
AUG0471,SM250_02,Augmented from Set menu 250.000đ /người (2),250000,standard,https://comnieuvietnam.vn/products/set-menu-250-000d-nguoi-2,6,Đậu que xào bò | Gà chiên nước mắm | Giò heo nấu giả cầy | Cá dứa kho tộ | Tôm rang muối | Canh chua cá dứa,1,slot_price_tier_resampling,2,4 | 5
AUG0472,SM300_01,Augmented from Set menu 300.000đ /người (1),300000,standard,https://comnieuvietnam.vn/products/set-menu-300-000d-nguoi-1,6,Gỏi bò đồng quê | Gà hấp cải xanh | Cá bống mú chưng tương | Bò sốt tiêu đen | Mực 1 nắng chiên nước mắm | Lẩu ngót cá chim,1,slot_price_tier_resampling,2,5 | 6
AUG0473,SM300_02,Augmented from Set menu 300.000đ /người (2),300000,standard,https://comnieuvietnam.vn/products/set-menu-300-000d-nguoi-2,6,Salad cải mầm bò | Gà kho sả ớt | Cá kho làng vũ đại | Cá thu sốt cà chua | Tôm càng xanh rang muối | Lẩu ngót cá chim,1,slot_price_tier_resampling,3,1 | 2 | 4
AUG0474,SM300_03,Augmented from Set menu 300.000đ /người (3),300000,standard,https://comnieuvietnam.vn/products/set-menu-300-000d-nguoi-3,6,Rau rừng gia lai xào bò | Gà hấp mía | Cá ngừ đại dương lúc lắc | Tôm càng hấp bia | Mực 1 nắng chiên nước mắm | Lẩu riêu cua sườn sun,1,slot_price_tier_resampling,1,1
AUG0475,SM200_02,Augmented from Set menu 200.000đ /người (2),200000,budget,https://comnieuvietnam.vn/products/set-menu-200-000d-nguoi-2,6,Cải thìa xào dầu hào | Gà chiên nước mắm | Cá ngừ đại dương kho thơm | Thịt kho trứng | Mực chiên nước mắm | Canh thát lát khổ qua,1,slot_price_tier_resampling,3,1 | 2 | 5
AUG0476,SM200_03,Augmented from Set menu 200.000đ /người (3),200000,budget,https://comnieuvietnam.vn/products/set-menu-200-000d-nguoi-3,6,Rau luộc thập cẩm kho quẹt | Gà chiên nước mắm | Cá bống kho tộ | Thịt kho củ cải trắng | Cá ngừ đại dương sốt cà | Canh thát lát khổ qua,1,slot_price_tier_resampling,2,3 | 6
AUG0477,SM250_01,Augmented from Set menu 250.000đ /người (1),250000,standard,https://comnieuvietnam.vn/products/set-menu-250-000d-nguoi-1,6,Gân bò xào cải chua | Gà hấp mắm nhĩ | Cá ngừ đại dương lúc lắc | Cá dứa kho tộ | Tôm rang muối | Canh chua cá bóp,1,slot_price_tier_resampling,1,3
AUG0478,SM250_02,Augmented from Set menu 250.000đ /người (2),250000,standard,https://comnieuvietnam.vn/products/set-menu-250-000d-nguoi-2,6,Đậu que xào bò | Gà hấp mía | Thịt rang cháy cạnh | Bắp bò ngâm nước mắm | Tôm cháy tỏi | Canh chua cá dứa,1,slot_price_tier_resampling,3,2 | 3 | 4
AUG0479,SM300_01,Augmented from Set menu 300.000đ /người (1),300000,standard,https://comnieuvietnam.vn/products/set-menu-300-000d-nguoi-1,6,Gỏi bò đồng quê | Gà hấp cải xanh | Bò sốt nấm | Bò sốt tiêu đen | Tôm rang muối | Lẩu vịt om sấu,1,slot_price_tier_resampling,2,3 | 5
AUG0480,SM300_02,Augmented from Set menu 300.000đ /người (2),300000,standard,https://comnieuvietnam.vn/products/set-menu-300-000d-nguoi-2,6,Gỏi bò đồng quê | Gà hấp mắm nhĩ | Cá kho làng vũ đại | Bắp bò ngâm nước mắm | Tôm chiên nước mắm | Canh hến (dắt) mồng tơi,1,slot_price_tier_resampling,3,1 | 5 | 6
AUG0481,SM300_03,Augmented from Set menu 300.000đ /người (3),300000,standard,https://comnieuvietnam.vn/products/set-menu-300-000d-nguoi-3,6,Salad cải mầm bò | Gà kho sả ớt | Cá ngừ đại dương lúc lắc | Bò sốt tiêu đen | Mực 1 nắng chiên nước mắm | Lẩu riêu cua sườn sun,1,slot_price_tier_resampling,2,2 | 4
AUG0482,SM200_02,Augmented from Set menu 200.000đ /người (2),200000,budget,https://comnieuvietnam.vn/products/set-menu-200-000d-nguoi-2,6,Đậu que xào lòng gà | Vịt kho gừng | Cá ngừ đại dương kho thơm | Tôm rim thịt | Tôm rang muối | Canh thát lát khổ qua,1,slot_price_tier_resampling,1,4
AUG0483,SM250_01,Augmented from Set menu 250.000đ /người (1),250000,standard,https://comnieuvietnam.vn/products/set-menu-250-000d-nguoi-1,6,Gân bò xào cải chua | Gà hấp mía | Bò sốt nấm | Cá dứa kho tộ | Tôm rang muối | Canh chua cá bóp,1,slot_price_tier_resampling,1,2
AUG0484,SM250_02,Augmented from Set menu 250.000đ /người (2),250000,standard,https://comnieuvietnam.vn/products/set-menu-250-000d-nguoi-2,6,Gỏi bò đồng quê | Gà chiên nước mắm | Giò heo nấu giả cầy | Cá thu sốt cà chua | Tôm cháy tỏi | Canh chua cá dứa,1,slot_price_tier_resampling,1,1
AUG0485,SM250_03,Augmented from Set menu 250.000đ /người (3),250000,standard,https://comnieuvietnam.vn/products/set-menu-250-000d-nguoi-3,6,Gỏi bò đồng quê | Gà kho sả ớt | Thịt rang cháy cạnh | Cá chim hấp hong kong | Tôm chiên nước mắm | Canh hến (dắt) mồng tơi,1,slot_price_tier_resampling,1,1
AUG0486,SM300_01,Augmented from Set menu 300.000đ /người (1),300000,standard,https://comnieuvietnam.vn/products/set-menu-300-000d-nguoi-1,6,Gỏi bò đồng quê | Gà kho sả ớt | Cá bống mú chưng tương | Bò sốt tiêu đen | Tôm cháy tỏi | Lẩu vịt om sấu,1,slot_price_tier_resampling,2,2 | 5
AUG0487,SM300_02,Augmented from Set menu 300.000đ /người (2),300000,standard,https://comnieuvietnam.vn/products/set-menu-300-000d-nguoi-2,6,Gỏi thái hải sản | Gà hấp mắm nhĩ | Giò heo nấu giả cầy | Bắp bò ngâm nước mắm | Tôm cháy tỏi | Lẩu ngót cá chim,1,slot_price_tier_resampling,2,3 | 5
AUG0488,SM300_03,Augmented from Set menu 300.000đ /người (3),300000,standard,https://comnieuvietnam.vn/products/set-menu-300-000d-nguoi-3,6,Gỏi thái hải sản | Gà hấp mắm nhĩ | Cá ngừ đại dương lúc lắc | Tôm càng hấp bia | Mực 1 nắng chiên nước mắm | Lẩu vịt om sấu,1,slot_price_tier_resampling,3,1 | 2 | 6
AUG0489,SM350_02,Augmented from Set menu 350.000đ /người (2),350000,premium,https://comnieuvietnam.vn/products/set-menu-350-000d-nguoi-3,6,Gân bò xào cải chua | Chả mực hạ long | Bắp bò ngâm nước mắm | Cá kho làng vũ đại | Nem ghẹ phú quốc | Lẩu vịt om sấu,1,slot_price_tier_resampling,2,3 | 4
AUG0490,SM250_01,Augmented from Set menu 250.000đ /người (1),250000,standard,https://comnieuvietnam.vn/products/set-menu-250-000d-nguoi-1,6,Salad cải mầm bò | Gà hấp mía | Bò sốt nấm | Cá dứa kho tộ | Tôm rang muối | Canh chua cá bóp,1,slot_price_tier_resampling,2,1 | 2
AUG0491,SM250_03,Augmented from Set menu 250.000đ /người (3),250000,standard,https://comnieuvietnam.vn/products/set-menu-250-000d-nguoi-3,6,Rau rừng gia lai xào bò | Gà kho sả ớt | Thịt rang cháy cạnh | Cá chim hấp hong kong | Tôm chiên nước mắm | Canh chua cá dứa,1,slot_price_tier_resampling,1,6
AUG0492,SM300_01,Augmented from Set menu 300.000đ /người (1),300000,standard,https://comnieuvietnam.vn/products/set-menu-300-000d-nguoi-1,6,Gỏi bò đồng quê | Gà chiên nước mắm | Cá bống mú chưng tương | Bắp bò ngâm nước mắm | Tôm càng cháy bơ tỏi | Lẩu vịt om sấu,1,slot_price_tier_resampling,2,2 | 4
AUG0493,SM300_03,Augmented from Set menu 300.000đ /người (3),300000,standard,https://comnieuvietnam.vn/products/set-menu-300-000d-nguoi-3,6,Salad cải mầm bò | Gà hấp mắm nhĩ | Bò sốt nấm | Tôm càng hấp bia | Tôm chiên nước mắm | Lẩu riêu cua sườn sun,1,slot_price_tier_resampling,3,2 | 3 | 5
AUG0494,SM200_01,Augmented from Set menu 200.000đ /người (1),200000,budget,https://comnieuvietnam.vn/products/set-menu-200-000d-nguoi-1,6,Cải thìa xào dầu hào | Gà rang gừng | Cá ngừ đại dương kho thơm | Tôm rim thịt | Tôm rang muối | Canh cua cà pháo,1,slot_price_tier_resampling,2,3 | 5
AUG0495,SM200_02,Augmented from Set menu 200.000đ /người (2),200000,budget,https://comnieuvietnam.vn/products/set-menu-200-000d-nguoi-2,6,Đậu que xào lòng gà | Gà rang gừng | Cá ngừ đại dương kho thơm | Thịt kho trứng | Cá ngừ đại dương sốt cà | Canh thát lát khổ qua,1,slot_price_tier_resampling,2,2 | 5
AUG0496,SM250_01,Augmented from Set menu 250.000đ /người (1),250000,standard,https://comnieuvietnam.vn/products/set-menu-250-000d-nguoi-1,6,Gân bò xào cải chua | Gà hấp mắm nhĩ | Bò sốt nấm | Cá dứa kho tộ | Tôm rang muối | Lẩu vịt om sấu,1,slot_price_tier_resampling,1,6
AUG0497,SM250_02,Augmented from Set menu 250.000đ /người (2),250000,standard,https://comnieuvietnam.vn/products/set-menu-250-000d-nguoi-2,6,Salad cải mầm bò | Gà chiên nước mắm | Giò heo nấu giả cầy | Cá thu sốt cà chua | Tôm cháy tỏi | Canh hến (dắt) mồng tơi,1,slot_price_tier_resampling,2,1 | 6
AUG0498,SM250_03,Augmented from Set menu 250.000đ /người (3),250000,standard,https://comnieuvietnam.vn/products/set-menu-250-000d-nguoi-3,6,Gỏi bò đồng quê | Gà kho sả ớt | Thịt rang cháy cạnh | Tôm càng hấp bia | Tôm chiên nước mắm | Canh hến (dắt) mồng tơi,1,slot_price_tier_resampling,2,1 | 4
AUG0499,SM300_03,Augmented from Set menu 300.000đ /người (3),300000,standard,https://comnieuvietnam.vn/products/set-menu-300-000d-nguoi-3,6,Salad cải mầm bò | Gà hấp mía | Cá bống mú chưng tương | Tôm càng hấp bia | Tôm cháy tỏi | Canh chua cá bóp,1,slot_price_tier_resampling,3,3 | 5 | 6
AUG0500,SM200_01,Augmented from Set menu 200.000đ /người (1),200000,budget,https://comnieuvietnam.vn/products/set-menu-200-000d-nguoi-1,6,Cải thìa xào dầu hào | Vịt kho gừng | Cá bống kho tộ | Tôm rim thịt | Mực chiên nước mắm | Canh thát lát khổ qua,1,slot_price_tier_resampling,2,2 | 6
AUG0501,SM200_02,Augmented from Set menu 200.000đ /người (2),200000,budget,https://comnieuvietnam.vn/products/set-menu-200-000d-nguoi-2,6,Đậu que xào lòng gà | Vịt kho gừng | Cá ngừ đại dương kho thơm | Thịt kho củ cải trắng | Tôm rang muối | Canh cá nấu riêu,1,slot_price_tier_resampling,2,4 | 6
AUG0502,SM200_03,Augmented from Set menu 200.000đ /người (3),200000,budget,https://comnieuvietnam.vn/products/set-menu-200-000d-nguoi-3,6,Rau luộc thập cẩm kho quẹt | Gà rang gừng | Tôm cháy tỏi | Tôm rim thịt | Cá ngừ đại dương sốt cà | Canh cá nấu riêu,1,slot_price_tier_resampling,2,2 | 4
AUG0503,SM250_01,Augmented from Set menu 250.000đ /người (1),250000,standard,https://comnieuvietnam.vn/products/set-menu-250-000d-nguoi-1,6,Rau rừng gia lai xào bò | Gà hấp mắm nhĩ | Bò sốt nấm | Bắp bò ngâm nước mắm | Tôm rang muối | Canh chua cá bóp,1,slot_price_tier_resampling,2,1 | 4
AUG0504,SM250_02,Augmented from Set menu 250.000đ /người (2),250000,standard,https://comnieuvietnam.vn/products/set-menu-250-000d-nguoi-2,6,Gỏi thái hải sản | Gà chiên nước mắm | Thịt rang cháy cạnh | Cá thu sốt cà chua | Tôm càng cháy bơ tỏi | Canh chua cá dứa,1,slot_price_tier_resampling,3,1 | 3 | 5
AUG0505,SM300_01,Augmented from Set menu 300.000đ /người (1),300000,standard,https://comnieuvietnam.vn/products/set-menu-300-000d-nguoi-1,6,Gỏi bò đồng quê | Gà hấp cải xanh | Cá bống mú chưng tương | Bò sốt tiêu đen | Tôm càng cháy bơ tỏi | Lẩu riêu cua sườn sun,1,slot_price_tier_resampling,1,6
AUG0506,SM300_03,Augmented from Set menu 300.000đ /người (3),300000,standard,https://comnieuvietnam.vn/products/set-menu-300-000d-nguoi-3,6,Salad cải mầm bò | Gà chiên nước mắm | Cá ngừ đại dương lúc lắc | Tôm càng hấp bia | Mực 1 nắng chiên nước mắm | Canh chua cá bóp,1,slot_price_tier_resampling,2,2 | 6
AUG0507,SM200_02,Augmented from Set menu 200.000đ /người (2),200000,budget,https://comnieuvietnam.vn/products/set-menu-200-000d-nguoi-2,6,Đậu que xào lòng gà | Gà chiên nước mắm | Cá ngừ đại dương kho thơm | Thịt kho trứng | Tôm rang muối | Canh cua cà pháo,1,slot_price_tier_resampling,2,2 | 6
AUG0508,SM200_03,Augmented from Set menu 200.000đ /người (3),200000,budget,https://comnieuvietnam.vn/products/set-menu-200-000d-nguoi-3,6,Rau luộc thập cẩm kho quẹt | Gà chiên nước mắm | Cá bống kho tộ | Thịt kho củ cải trắng | Tôm rang muối | Canh cá nấu riêu,1,slot_price_tier_resampling,2,3 | 5
AUG0509,SM250_03,Augmented from Set menu 250.000đ /người (3),250000,standard,https://comnieuvietnam.vn/products/set-menu-250-000d-nguoi-3,6,Rau rừng gia lai xào bò | Gà hấp mía | Thịt rang cháy cạnh | Cá thu sốt cà chua | Tôm chiên nước mắm | Canh hến (dắt) mồng tơi,1,slot_price_tier_resampling,2,2 | 4
AUG0510,SM300_03,Augmented from Set menu 300.000đ /người (3),300000,standard,https://comnieuvietnam.vn/products/set-menu-300-000d-nguoi-3,6,Salad cải mầm bò | Gà hấp mía | Bò sốt nấm | Tôm càng hấp bia | Mực 1 nắng chiên nước mắm | Lẩu ngót cá chim,1,slot_price_tier_resampling,2,3 | 6
AUG0511,SM200_01,Augmented from Set menu 200.000đ /người (1),200000,budget,https://comnieuvietnam.vn/products/set-menu-200-000d-nguoi-1,6,Rau luộc thập cẩm kho quẹt | Gà chiên nước mắm | Cá ngừ đại dương kho thơm | Tôm rim thịt | Mực chiên nước mắm | Canh cua cà pháo,1,slot_price_tier_resampling,3,1 | 2 | 3
AUG0512,SM250_01,Augmented from Set menu 250.000đ /người (1),250000,standard,https://comnieuvietnam.vn/products/set-menu-250-000d-nguoi-1,6,Salad cải mầm bò | Gà hấp mắm nhĩ | Bò sốt nấm | Bò sốt tiêu đen | Tôm rang muối | Canh chua cá bóp,1,slot_price_tier_resampling,2,1 | 4
AUG0513,SM250_02,Augmented from Set menu 250.000đ /người (2),250000,standard,https://comnieuvietnam.vn/products/set-menu-250-000d-nguoi-2,6,Đậu que xào bò | Gà hấp mía | Giò heo nấu giả cầy | Cá thu sốt cà chua | Tôm cháy tỏi | Canh chua cá dứa,1,slot_price_tier_resampling,1,2
AUG0514,SM300_01,Augmented from Set menu 300.000đ /người (1),300000,standard,https://comnieuvietnam.vn/products/set-menu-300-000d-nguoi-1,6,Gỏi bò đồng quê | Gà hấp cải xanh | Cá bống mú chưng tương | Bò sốt tiêu đen | Tôm càng cháy bơ tỏi | Canh hến (dắt) mồng tơi,1,slot_price_tier_resampling,1,6
AUG0515,SM300_02,Augmented from Set menu 300.000đ /người (2),300000,standard,https://comnieuvietnam.vn/products/set-menu-300-000d-nguoi-2,6,Gân bò xào cải chua | Gà hấp mắm nhĩ | Bò sốt nấm | Tôm càng hấp bia | Tôm càng xanh rang muối | Lẩu ngót cá chim,1,slot_price_tier_resampling,3,1 | 3 | 4
AUG0516,SM200_01,Augmented from Set menu 200.000đ /người (1),200000,budget,https://comnieuvietnam.vn/products/set-menu-200-000d-nguoi-1,6,Rau luộc thập cẩm kho quẹt | Gà rang gừng | Cá ngừ đại dương kho thơm | Thịt kho trứng | Mực chiên nước mắm | Canh cua cà pháo,1,slot_price_tier_resampling,3,1 | 3 | 4
AUG0517,SM200_02,Augmented from Set menu 200.000đ /người (2),200000,budget,https://comnieuvietnam.vn/products/set-menu-200-000d-nguoi-2,6,Đậu que xào lòng gà | Gà chiên nước mắm | Tôm cháy tỏi | Tôm rim thịt | Tôm rang muối | Canh thát lát khổ qua,1,slot_price_tier_resampling,3,2 | 3 | 4
AUG0518,SM300_01,Augmented from Set menu 300.000đ /người (1),300000,standard,https://comnieuvietnam.vn/products/set-menu-300-000d-nguoi-1,6,Gỏi bò đồng quê | Gà hấp cải xanh | Cá ngừ đại dương lúc lắc | Bò sốt tiêu đen | Tôm càng cháy bơ tỏi | Canh chua cá bóp,1,slot_price_tier_resampling,2,3 | 6
AUG0519,SM300_02,Augmented from Set menu 300.000đ /người (2),300000,standard,https://comnieuvietnam.vn/products/set-menu-300-000d-nguoi-2,6,Gỏi thái hải sản | Gà hấp mắm nhĩ | Cá ngừ đại dương lúc lắc | Tôm càng hấp bia | Tôm càng xanh rang muối | Lẩu ngót cá chim,1,slot_price_tier_resampling,2,3 | 4
AUG0520,SM300_03,Augmented from Set menu 300.000đ /người (3),300000,standard,https://comnieuvietnam.vn/products/set-menu-300-000d-nguoi-3,6,Salad cải mầm bò | Gà hấp mía | Cá ngừ đại dương lúc lắc | Cá dứa kho tộ | Mực 1 nắng chiên nước mắm | Lẩu riêu cua sườn sun,1,slot_price_tier_resampling,1,4
AUG0521,SM200_01,Augmented from Set menu 200.000đ /người (1),200000,budget,https://comnieuvietnam.vn/products/set-menu-200-000d-nguoi-1,6,Rau luộc thập cẩm kho quẹt | Gà rang gừng | Cá ngừ đại dương kho thơm | Tôm rim thịt | Cá ngừ đại dương sốt cà | Canh cua cà pháo,1,slot_price_tier_resampling,3,1 | 3 | 5
AUG0522,SM250_01,Augmented from Set menu 250.000đ /người (1),250000,standard,https://comnieuvietnam.vn/products/set-menu-250-000d-nguoi-1,6,Gân bò xào cải chua | Gà hấp mắm nhĩ | Thịt rang cháy cạnh | Cá dứa kho tộ | Tôm càng xanh rang muối | Canh chua cá bóp,1,slot_price_tier_resampling,2,3 | 5
AUG0523,SM250_03,Augmented from Set menu 250.000đ /người (3),250000,standard,https://comnieuvietnam.vn/products/set-menu-250-000d-nguoi-3,6,Đậu que xào bò | Gà kho sả ớt | Thịt rang cháy cạnh | Bò sốt tiêu đen | Tôm chiên nước mắm | Canh hến (dắt) mồng tơi,1,slot_price_tier_resampling,2,1 | 4
AUG0524,SM300_01,Augmented from Set menu 300.000đ /người (1),300000,standard,https://comnieuvietnam.vn/products/set-menu-300-000d-nguoi-1,6,Đậu que xào bò | Gà hấp cải xanh | Cá bống mú chưng tương | Cá dứa kho tộ | Tôm càng cháy bơ tỏi | Lẩu vịt om sấu,1,slot_price_tier_resampling,2,1 | 4
AUG0525,SM300_03,Augmented from Set menu 300.000đ /người (3),300000,standard,https://comnieuvietnam.vn/products/set-menu-300-000d-nguoi-3,6,Salad cải mầm bò | Gà hấp mắm nhĩ | Cá ngừ đại dương lúc lắc | Tôm càng hấp bia | Mực 1 nắng chiên nước mắm | Lẩu riêu cua sườn sun,1,slot_price_tier_resampling,1,2
AUG0526,SM200_01,Augmented from Set menu 200.000đ /người (1),200000,budget,https://comnieuvietnam.vn/products/set-menu-200-000d-nguoi-1,6,Cải thìa xào dầu hào | Gà rang gừng | Tôm cháy tỏi | Thịt kho trứng | Mực chiên nước mắm | Canh cua cà pháo,1,slot_price_tier_resampling,2,3 | 4
AUG0527,SM200_02,Augmented from Set menu 200.000đ /người (2),200000,budget,https://comnieuvietnam.vn/products/set-menu-200-000d-nguoi-2,6,Đậu que xào lòng gà | Gà rang gừng | Cá ngừ đại dương kho thơm | Thịt kho trứng | Mực chiên nước mắm | Canh thát lát khổ qua,1,slot_price_tier_resampling,2,2 | 5
AUG0528,SM250_01,Augmented from Set menu 250.000đ /người (1),250000,standard,https://comnieuvietnam.vn/products/set-menu-250-000d-nguoi-1,6,Gân bò xào cải chua | Gà hấp mắm nhĩ | Cá bống mú chưng tương | Bắp bò ngâm nước mắm | Tôm rang muối | Lẩu ngót cá chim,1,slot_price_tier_resampling,3,3 | 4 | 6
AUG0529,SM250_02,Augmented from Set menu 250.000đ /người (2),250000,standard,https://comnieuvietnam.vn/products/set-menu-250-000d-nguoi-2,6,Rau rừng gia lai xào bò | Gà chiên nước mắm | Giò heo nấu giả cầy | Cá thu sốt cà chua | Tôm cháy tỏi | Canh hến (dắt) mồng tơi,1,slot_price_tier_resampling,2,1 | 6
AUG0530,SM250_03,Augmented from Set menu 250.000đ /người (3),250000,standard,https://comnieuvietnam.vn/products/set-menu-250-000d-nguoi-3,6,Rau rừng gia lai xào bò | Gà kho sả ớt | Thịt rang cháy cạnh | Cá chim hấp hong kong | Tôm càng cháy bơ tỏi | Canh hến (dắt) mồng tơi,1,slot_price_tier_resampling,1,5
AUG0531,SM300_01,Augmented from Set menu 300.000đ /người (1),300000,standard,https://comnieuvietnam.vn/products/set-menu-300-000d-nguoi-1,6,Gân bò xào cải chua | Gà hấp cải xanh | Cá bống mú chưng tương | Bò sốt tiêu đen | Tôm càng cháy bơ tỏi | Lẩu vịt om sấu,1,slot_price_tier_resampling,1,1
AUG0532,SM300_02,Augmented from Set menu 300.000đ /người (2),300000,standard,https://comnieuvietnam.vn/products/set-menu-300-000d-nguoi-2,6,Gỏi thái hải sản | Gà chiên nước mắm | Cá ngừ đại dương lúc lắc | Bắp bò ngâm nước mắm | Mực 1 nắng chiên nước mắm | Lẩu ngót cá chim,1,slot_price_tier_resampling,3,2 | 3 | 5
AUG0533,SM300_03,Augmented from Set menu 300.000đ /người (3),300000,standard,https://comnieuvietnam.vn/products/set-menu-300-000d-nguoi-3,6,Salad cải mầm bò | Gà chiên nước mắm | Thịt rang cháy cạnh | Tôm càng hấp bia | Mực 1 nắng chiên nước mắm | Canh chua cá bóp,1,slot_price_tier_resampling,3,2 | 3 | 6
AUG0534,SM200_01,Augmented from Set menu 200.000đ /người (1),200000,budget,https://comnieuvietnam.vn/products/set-menu-200-000d-nguoi-1,6,Cải thìa xào dầu hào | Gà rang gừng | Cá bống kho tộ | Thịt kho củ cải trắng | Mực chiên nước mắm | Canh thát lát khổ qua,1,slot_price_tier_resampling,2,4 | 6
AUG0535,SM200_03,Augmented from Set menu 200.000đ /người (3),200000,budget,https://comnieuvietnam.vn/products/set-menu-200-000d-nguoi-3,6,Rau luộc thập cẩm kho quẹt | Gà rang gừng | Cá bống kho tộ | Thịt kho củ cải trắng | Cá ngừ đại dương sốt cà | Canh cua cà pháo,1,slot_price_tier_resampling,3,2 | 3 | 6
AUG0536,SM250_01,Augmented from Set menu 250.000đ /người (1),250000,standard,https://comnieuvietnam.vn/products/set-menu-250-000d-nguoi-1,6,Gân bò xào cải chua | Gà hấp mắm nhĩ | Bò sốt nấm | Cá dứa kho tộ | Tôm cháy tỏi | Canh chua cá bóp,1,slot_price_tier_resampling,1,5
AUG0537,SM250_03,Augmented from Set menu 250.000đ /người (3),250000,standard,https://comnieuvietnam.vn/products/set-menu-250-000d-nguoi-3,6,Gỏi thái hải sản | Gà kho sả ớt | Thịt rang cháy cạnh | Bò sốt tiêu đen | Tôm chiên nước mắm | Canh hến (dắt) mồng tơi,1,slot_price_tier_resampling,2,1 | 4
AUG0538,SM300_02,Augmented from Set menu 300.000đ /người (2),300000,standard,https://comnieuvietnam.vn/products/set-menu-300-000d-nguoi-2,6,Gỏi thái hải sản | Gà hấp mắm nhĩ | Cá kho làng vũ đại | Tôm càng hấp bia | Tôm càng xanh rang muối | Lẩu ngót cá chim,1,slot_price_tier_resampling,1,4
AUG0539,SM300_03,Augmented from Set menu 300.000đ /người (3),300000,standard,https://comnieuvietnam.vn/products/set-menu-300-000d-nguoi-3,6,Gỏi thái hải sản | Gà hấp mía | Cá ngừ đại dương lúc lắc | Bò sốt tiêu đen | Mực 1 nắng chiên nước mắm | Canh chua cá dứa,1,slot_price_tier_resampling,3,1 | 4 | 6
AUG0540,SM200_01,Augmented from Set menu 200.000đ /người (1),200000,budget,https://comnieuvietnam.vn/products/set-menu-200-000d-nguoi-1,6,Cải thìa xào dầu hào | Gà rang gừng | Tôm cháy tỏi | Tôm rim thịt | Cá ngừ đại dương sốt cà | Canh thát lát khổ qua,1,slot_price_tier_resampling,3,3 | 5 | 6
AUG0541,SM200_02,Augmented from Set menu 200.000đ /người (2),200000,budget,https://comnieuvietnam.vn/products/set-menu-200-000d-nguoi-2,6,Đậu que xào lòng gà | Vịt kho gừng | Cá ngừ đại dương kho thơm | Thịt kho củ cải trắng | Tôm rang muối | Canh cua cà pháo,1,slot_price_tier_resampling,2,4 | 6
AUG0542,SM250_01,Augmented from Set menu 250.000đ /người (1),250000,standard,https://comnieuvietnam.vn/products/set-menu-250-000d-nguoi-1,6,Gân bò xào cải chua | Gà hấp mắm nhĩ | Bò sốt nấm | Cá thu sốt cà chua | Tôm rang muối | Lẩu riêu cua sườn sun,1,slot_price_tier_resampling,2,4 | 6
AUG0543,SM250_02,Augmented from Set menu 250.000đ /người (2),250000,standard,https://comnieuvietnam.vn/products/set-menu-250-000d-nguoi-2,6,Gân bò xào cải chua | Gà kho sả ớt | Giò heo nấu giả cầy | Cá thu sốt cà chua | Tôm rang muối | Canh chua cá dứa,1,slot_price_tier_resampling,3,1 | 2 | 5
AUG0544,SM300_01,Augmented from Set menu 300.000đ /người (1),300000,standard,https://comnieuvietnam.vn/products/set-menu-300-000d-nguoi-1,6,Gỏi bò đồng quê | Gà hấp cải xanh | Cá ngừ đại dương lúc lắc | Bò sốt tiêu đen | Tôm rang muối | Lẩu vịt om sấu,1,slot_price_tier_resampling,2,3 | 5
AUG0545,SM300_03,Augmented from Set menu 300.000đ /người (3),300000,standard,https://comnieuvietnam.vn/products/set-menu-300-000d-nguoi-3,6,Salad cải mầm bò | Gà hấp cải xanh | Cá ngừ đại dương lúc lắc | Tôm càng hấp bia | Mực 1 nắng chiên nước mắm | Lẩu riêu cua sườn sun,1,slot_price_tier_resampling,1,2
AUG0546,SM350_01,Augmented from Set menu 350.000đ /người (1),350000,premium,https://comnieuvietnam.vn/products/set-menu-350-000d-nguoi-1,6,Gỏi tiến vua tôm thịt | Gà hấp mắm nhĩ | Bắp bò ngâm nước mắm | Gà sốt nấm đông cô | Nem ghẹ phú quốc | Lẩu cua nấu bầu,1,slot_price_tier_resampling,2,4 | 5
AUG0547,SM200_02,Augmented from Set menu 200.000đ /người (2),200000,budget,https://comnieuvietnam.vn/products/set-menu-200-000d-nguoi-2,6,Đậu que xào lòng gà | Vịt kho gừng | Cá bống kho tộ | Tôm rim thịt | Tôm rang muối | Canh thát lát khổ qua,1,slot_price_tier_resampling,2,3 | 4
AUG0548,SM250_01,Augmented from Set menu 250.000đ /người (1),250000,standard,https://comnieuvietnam.vn/products/set-menu-250-000d-nguoi-1,6,Gân bò xào cải chua | Gà hấp mắm nhĩ | Bò sốt nấm | Cá dứa kho tộ | Tôm chiên nước mắm | Lẩu riêu cua sườn sun,1,slot_price_tier_resampling,2,5 | 6
AUG0549,SM250_02,Augmented from Set menu 250.000đ /người (2),250000,standard,https://comnieuvietnam.vn/products/set-menu-250-000d-nguoi-2,6,Đậu que xào bò | Gà chiên nước mắm | Giò heo nấu giả cầy | Cá thu sốt cà chua | Tôm càng cháy bơ tỏi | Lẩu vịt om sấu,1,slot_price_tier_resampling,2,5 | 6
AUG0550,SM250_03,Augmented from Set menu 250.000đ /người (3),250000,standard,https://comnieuvietnam.vn/products/set-menu-250-000d-nguoi-3,6,Rau rừng gia lai xào bò | Gà kho sả ớt | Cá kho làng vũ đại | Cá thu sốt cà chua | Tôm chiên nước mắm | Lẩu vịt om sấu,1,slot_price_tier_resampling,3,3 | 4 | 6
AUG0551,SM300_01,Augmented from Set menu 300.000đ /người (1),300000,standard,https://comnieuvietnam.vn/products/set-menu-300-000d-nguoi-1,6,Gỏi bò đồng quê | Gà hấp cải xanh | Cá ngừ đại dương lúc lắc | Tôm càng hấp bia | Tôm càng cháy bơ tỏi | Lẩu vịt om sấu,1,slot_price_tier_resampling,2,3 | 4
AUG0552,SM300_02,Augmented from Set menu 300.000đ /người (2),300000,standard,https://comnieuvietnam.vn/products/set-menu-300-000d-nguoi-2,6,Gỏi thái hải sản | Gà kho sả ớt | Cá kho làng vũ đại | Cá dứa kho tộ | Tôm càng xanh rang muối | Lẩu ngót cá chim,1,slot_price_tier_resampling,2,2 | 4
AUG0553,SM300_03,Augmented from Set menu 300.000đ /người (3),300000,standard,https://comnieuvietnam.vn/products/set-menu-300-000d-nguoi-3,6,Salad cải mầm bò | Gà hấp mía | Cá ngừ đại dương lúc lắc | Cá chim hấp hong kong | Mực 1 nắng chiên nước mắm | Lẩu riêu cua sườn sun,1,slot_price_tier_resampling,1,4
AUG0554,SM200_01,Augmented from Set menu 200.000đ /người (1),200000,budget,https://comnieuvietnam.vn/products/set-menu-200-000d-nguoi-1,6,Rau luộc thập cẩm kho quẹt | Gà rang gừng | Tôm cháy tỏi | Tôm rim thịt | Mực chiên nước mắm | Canh cua cà pháo,1,slot_price_tier_resampling,2,1 | 3
AUG0555,SM200_02,Augmented from Set menu 200.000đ /người (2),200000,budget,https://comnieuvietnam.vn/products/set-menu-200-000d-nguoi-2,6,Đậu que xào lòng gà | Gà chiên nước mắm | Cá bống kho tộ | Thịt kho trứng | Tôm rang muối | Canh thát lát khổ qua,1,slot_price_tier_resampling,2,2 | 3
AUG0556,SM250_01,Augmented from Set menu 250.000đ /người (1),250000,standard,https://comnieuvietnam.vn/products/set-menu-250-000d-nguoi-1,6,Rau rừng gia lai xào bò | Gà hấp mía | Giò heo nấu giả cầy | Cá dứa kho tộ | Tôm rang muối | Canh chua cá bóp,1,slot_price_tier_resampling,3,1 | 2 | 3
AUG0557,SM250_02,Augmented from Set menu 250.000đ /người (2),250000,standard,https://comnieuvietnam.vn/products/set-menu-250-000d-nguoi-2,6,Đậu que xào bò | Gà kho sả ớt | Bò sốt nấm | Cá thu sốt cà chua | Tôm cháy tỏi | Canh chua cá dứa,1,slot_price_tier_resampling,2,2 | 3
AUG0558,SM250_03,Augmented from Set menu 250.000đ /người (3),250000,standard,https://comnieuvietnam.vn/products/set-menu-250-000d-nguoi-3,6,Gỏi bò đồng quê | Gà kho sả ớt | Giò heo nấu giả cầy | Cá chim hấp hong kong | Tôm rang muối | Canh hến (dắt) mồng tơi,1,slot_price_tier_resampling,3,1 | 3 | 5
AUG0559,SM300_01,Augmented from Set menu 300.000đ /người (1),300000,standard,https://comnieuvietnam.vn/products/set-menu-300-000d-nguoi-1,6,Gỏi bò đồng quê | Gà hấp cải xanh | Giò heo nấu giả cầy | Bò sốt tiêu đen | Tôm chiên nước mắm | Lẩu vịt om sấu,1,slot_price_tier_resampling,2,3 | 5
AUG0560,SM300_02,Augmented from Set menu 300.000đ /người (2),300000,standard,https://comnieuvietnam.vn/products/set-menu-300-000d-nguoi-2,6,Gỏi thái hải sản | Gà hấp mắm nhĩ | Cá ngừ đại dương lúc lắc | Cá chim hấp hong kong | Tôm càng xanh rang muối | Lẩu ngót cá chim,1,slot_price_tier_resampling,2,3 | 4
AUG0561,SM300_03,Augmented from Set menu 300.000đ /người (3),300000,standard,https://comnieuvietnam.vn/products/set-menu-300-000d-nguoi-3,6,Đậu que xào bò | Gà hấp mía | Cá ngừ đại dương lúc lắc | Tôm càng hấp bia | Mực 1 nắng chiên nước mắm | Canh hến (dắt) mồng tơi,1,slot_price_tier_resampling,2,1 | 6
AUG0562,SM350_02,Augmented from Set menu 350.000đ /người (2),350000,premium,https://comnieuvietnam.vn/products/set-menu-350-000d-nguoi-3,6,Gỏi tiến vua tôm thịt | Chả mực hạ long | Bắp bò ngâm nước mắm | Gà sốt nấm đông cô | Nem ghẹ phú quốc | Lẩu vịt om sấu,1,slot_price_tier_resampling,2,1 | 3
AUG0563,SM200_01,Augmented from Set menu 200.000đ /người (1),200000,budget,https://comnieuvietnam.vn/products/set-menu-200-000d-nguoi-1,6,Đậu que xào lòng gà | Gà rang gừng | Tôm cháy tỏi | Tôm rim thịt | Mực chiên nước mắm | Canh thát lát khổ qua,1,slot_price_tier_resampling,3,1 | 3 | 6
AUG0564,SM250_01,Augmented from Set menu 250.000đ /người (1),250000,standard,https://comnieuvietnam.vn/products/set-menu-250-000d-nguoi-1,6,Gân bò xào cải chua | Gà hấp mắm nhĩ | Cá kho làng vũ đại | Cá thu sốt cà chua | Tôm rang muối | Canh chua cá bóp,1,slot_price_tier_resampling,2,3 | 4
AUG0565,SM250_02,Augmented from Set menu 250.000đ /người (2),250000,standard,https://comnieuvietnam.vn/products/set-menu-250-000d-nguoi-2,6,Đậu que xào bò | Gà chiên nước mắm | Giò heo nấu giả cầy | Cá thu sốt cà chua | Tôm cháy tỏi | Lẩu vịt om sấu,1,slot_price_tier_resampling,1,6
AUG0566,SM250_03,Augmented from Set menu 250.000đ /người (3),250000,standard,https://comnieuvietnam.vn/products/set-menu-250-000d-nguoi-3,6,Rau rừng gia lai xào bò | Gà kho sả ớt | Cá bống mú chưng tương | Cá chim hấp hong kong | Tôm rang muối | Canh hến (dắt) mồng tơi,1,slot_price_tier_resampling,2,3 | 5
AUG0567,SM200_01,Augmented from Set menu 200.000đ /người (1),200000,budget,https://comnieuvietnam.vn/products/set-menu-200-000d-nguoi-1,6,Cải thìa xào dầu hào | Vịt kho gừng | Cá bống kho tộ | Thịt kho trứng | Mực chiên nước mắm | Canh cua cà pháo,1,slot_price_tier_resampling,2,2 | 4
AUG0568,SM250_03,Augmented from Set menu 250.000đ /người (3),250000,standard,https://comnieuvietnam.vn/products/set-menu-250-000d-nguoi-3,6,Rau rừng gia lai xào bò | Gà kho sả ớt | Cá ngừ đại dương lúc lắc | Cá chim hấp hong kong | Mực 1 nắng chiên nước mắm | Canh hến (dắt) mồng tơi,1,slot_price_tier_resampling,2,3 | 5
AUG0569,SM300_01,Augmented from Set menu 300.000đ /người (1),300000,standard,https://comnieuvietnam.vn/products/set-menu-300-000d-nguoi-1,6,Salad cải mầm bò | Gà hấp cải xanh | Cá bống mú chưng tương | Tôm càng hấp bia | Tôm càng cháy bơ tỏi | Lẩu vịt om sấu,1,slot_price_tier_resampling,2,1 | 4
AUG0570,SM300_02,Augmented from Set menu 300.000đ /người (2),300000,standard,https://comnieuvietnam.vn/products/set-menu-300-000d-nguoi-2,6,Gỏi thái hải sản | Gà hấp cải xanh | Cá kho làng vũ đại | Bò sốt tiêu đen | Tôm càng cháy bơ tỏi | Lẩu ngót cá chim,1,slot_price_tier_resampling,3,2 | 4 | 5
AUG0571,SM300_03,Augmented from Set menu 300.000đ /người (3),300000,standard,https://comnieuvietnam.vn/products/set-menu-300-000d-nguoi-3,6,Salad cải mầm bò | Gà kho sả ớt | Thịt rang cháy cạnh | Tôm càng hấp bia | Mực 1 nắng chiên nước mắm | Lẩu riêu cua sườn sun,1,slot_price_tier_resampling,2,2 | 3
AUG0572,SM200_01,Augmented from Set menu 200.000đ /người (1),200000,budget,https://comnieuvietnam.vn/products/set-menu-200-000d-nguoi-1,6,Cải thìa xào dầu hào | Gà chiên nước mắm | Tôm cháy tỏi | Tôm rim thịt | Mực chiên nước mắm | Canh cua cà pháo,1,slot_price_tier_resampling,2,2 | 3
AUG0573,SM200_02,Augmented from Set menu 200.000đ /người (2),200000,budget,https://comnieuvietnam.vn/products/set-menu-200-000d-nguoi-2,6,Rau luộc thập cẩm kho quẹt | Vịt kho gừng | Tôm cháy tỏi | Thịt kho trứng | Tôm rang muối | Canh thát lát khổ qua,1,slot_price_tier_resampling,2,1 | 3
AUG0574,SM200_03,Augmented from Set menu 200.000đ /người (3),200000,budget,https://comnieuvietnam.vn/products/set-menu-200-000d-nguoi-3,6,Rau luộc thập cẩm kho quẹt | Gà chiên nước mắm | Tôm cháy tỏi | Thịt kho trứng | Cá ngừ đại dương sốt cà | Canh cá nấu riêu,1,slot_price_tier_resampling,1,4
AUG0575,SM250_01,Augmented from Set menu 250.000đ /người (1),250000,standard,https://comnieuvietnam.vn/products/set-menu-250-000d-nguoi-1,6,Gân bò xào cải chua | Gà hấp mắm nhĩ | Bò sốt nấm | Cá dứa kho tộ | Tôm càng cháy bơ tỏi | Canh chua cá dứa,1,slot_price_tier_resampling,2,5 | 6
AUG0576,SM250_03,Augmented from Set menu 250.000đ /người (3),250000,standard,https://comnieuvietnam.vn/products/set-menu-250-000d-nguoi-3,6,Rau rừng gia lai xào bò | Gà chiên nước mắm | Cá ngừ đại dương lúc lắc | Cá chim hấp hong kong | Tôm chiên nước mắm | Canh hến (dắt) mồng tơi,1,slot_price_tier_resampling,2,2 | 3
AUG0577,SM300_01,Augmented from Set menu 300.000đ /người (1),300000,standard,https://comnieuvietnam.vn/products/set-menu-300-000d-nguoi-1,6,Gỏi bò đồng quê | Gà hấp cải xanh | Bò sốt nấm | Bò sốt tiêu đen | Tôm càng cháy bơ tỏi | Canh hến (dắt) mồng tơi,1,slot_price_tier_resampling,2,3 | 6
AUG0578,SM300_02,Augmented from Set menu 300.000đ /người (2),300000,standard,https://comnieuvietnam.vn/products/set-menu-300-000d-nguoi-2,6,Gỏi thái hải sản | Gà hấp mắm nhĩ | Cá ngừ đại dương lúc lắc | Cá thu sốt cà chua | Tôm chiên nước mắm | Lẩu ngót cá chim,1,slot_price_tier_resampling,3,3 | 4 | 5
AUG0579,SM300_03,Augmented from Set menu 300.000đ /người (3),300000,standard,https://comnieuvietnam.vn/products/set-menu-300-000d-nguoi-3,6,Gỏi thái hải sản | Gà hấp mía | Cá ngừ đại dương lúc lắc | Tôm càng hấp bia | Mực 1 nắng chiên nước mắm | Canh hến (dắt) mồng tơi,1,slot_price_tier_resampling,2,1 | 6
AUG0580,SM200_01,Augmented from Set menu 200.000đ /người (1),200000,budget,https://comnieuvietnam.vn/products/set-menu-200-000d-nguoi-1,6,Cải thìa xào dầu hào | Vịt kho gừng | Cá bống kho tộ | Tôm rim thịt | Cá ngừ đại dương sốt cà | Canh cua cà pháo,1,slot_price_tier_resampling,2,2 | 5
AUG0581,SM250_01,Augmented from Set menu 250.000đ /người (1),250000,standard,https://comnieuvietnam.vn/products/set-menu-250-000d-nguoi-1,6,Gỏi bò đồng quê | Gà hấp mắm nhĩ | Bò sốt nấm | Cá dứa kho tộ | Tôm rang muối | Canh chua cá bóp,1,slot_price_tier_resampling,1,1
AUG0582,SM250_02,Augmented from Set menu 250.000đ /người (2),250000,standard,https://comnieuvietnam.vn/products/set-menu-250-000d-nguoi-2,6,Salad cải mầm bò | Gà chiên nước mắm | Cá kho làng vũ đại | Cá thu sốt cà chua | Tôm cháy tỏi | Canh chua cá dứa,1,slot_price_tier_resampling,2,1 | 3
AUG0583,SM250_03,Augmented from Set menu 250.000đ /người (3),250000,standard,https://comnieuvietnam.vn/products/set-menu-250-000d-nguoi-3,6,Salad cải mầm bò | Gà kho sả ớt | Cá bống mú chưng tương | Cá thu sốt cà chua | Tôm chiên nước mắm | Canh hến (dắt) mồng tơi,1,slot_price_tier_resampling,3,1 | 3 | 4
AUG0584,SM300_03,Augmented from Set menu 300.000đ /người (3),300000,standard,https://comnieuvietnam.vn/products/set-menu-300-000d-nguoi-3,6,Salad cải mầm bò | Gà hấp mía | Bò sốt nấm | Tôm càng hấp bia | Mực 1 nắng chiên nước mắm | Canh hến (dắt) mồng tơi,1,slot_price_tier_resampling,2,3 | 6
AUG0585,SM200_01,Augmented from Set menu 200.000đ /người (1),200000,budget,https://comnieuvietnam.vn/products/set-menu-200-000d-nguoi-1,6,Đậu que xào lòng gà | Gà rang gừng | Cá bống kho tộ | Thịt kho trứng | Mực chiên nước mắm | Canh cua cà pháo,1,slot_price_tier_resampling,2,1 | 4
AUG0586,SM250_01,Augmented from Set menu 250.000đ /người (1),250000,standard,https://comnieuvietnam.vn/products/set-menu-250-000d-nguoi-1,6,Đậu que xào bò | Gà hấp mắm nhĩ | Bò sốt nấm | Cá dứa kho tộ | Tôm rang muối | Canh hến (dắt) mồng tơi,1,slot_price_tier_resampling,2,1 | 6
AUG0587,SM250_03,Augmented from Set menu 250.000đ /người (3),250000,standard,https://comnieuvietnam.vn/products/set-menu-250-000d-nguoi-3,6,Rau rừng gia lai xào bò | Gà hấp mía | Thịt rang cháy cạnh | Cá chim hấp hong kong | Tôm chiên nước mắm | Lẩu riêu cua sườn sun,1,slot_price_tier_resampling,2,2 | 6
AUG0588,SM200_01,Augmented from Set menu 200.000đ /người (1),200000,budget,https://comnieuvietnam.vn/products/set-menu-200-000d-nguoi-1,6,Rau luộc thập cẩm kho quẹt | Vịt kho gừng | Cá bống kho tộ | Thịt kho trứng | Mực chiên nước mắm | Canh cua cà pháo,1,slot_price_tier_resampling,3,1 | 2 | 4
AUG0589,SM250_03,Augmented from Set menu 250.000đ /người (3),250000,standard,https://comnieuvietnam.vn/products/set-menu-250-000d-nguoi-3,6,Rau rừng gia lai xào bò | Gà kho sả ớt | Thịt rang cháy cạnh | Cá chim hấp hong kong | Tôm cháy tỏi | Canh hến (dắt) mồng tơi,1,slot_price_tier_resampling,1,5
AUG0590,SM300_02,Augmented from Set menu 300.000đ /người (2),300000,standard,https://comnieuvietnam.vn/products/set-menu-300-000d-nguoi-2,6,Gỏi thái hải sản | Gà hấp mắm nhĩ | Cá kho làng vũ đại | Bắp bò ngâm nước mắm | Tôm càng xanh rang muối | Canh chua cá bóp,1,slot_price_tier_resampling,1,6
AUG0591,SM300_03,Augmented from Set menu 300.000đ /người (3),300000,standard,https://comnieuvietnam.vn/products/set-menu-300-000d-nguoi-3,6,Rau rừng gia lai xào bò | Gà hấp mía | Bò sốt nấm | Tôm càng hấp bia | Tôm rang muối | Lẩu riêu cua sườn sun,1,slot_price_tier_resampling,3,1 | 3 | 5
AUG0592,SM200_01,Augmented from Set menu 200.000đ /người (1),200000,budget,https://comnieuvietnam.vn/products/set-menu-200-000d-nguoi-1,6,Cải thìa xào dầu hào | Gà rang gừng | Cá ngừ đại dương kho thơm | Tôm rim thịt | Cá ngừ đại dương sốt cà | Canh cua cà pháo,1,slot_price_tier_resampling,2,3 | 5
AUG0593,SM200_02,Augmented from Set menu 200.000đ /người (2),200000,budget,https://comnieuvietnam.vn/products/set-menu-200-000d-nguoi-2,6,Đậu que xào lòng gà | Vịt kho gừng | Cá bống kho tộ | Thịt kho trứng | Tôm rang muối | Canh cua cà pháo,1,slot_price_tier_resampling,2,3 | 6
AUG0594,SM250_01,Augmented from Set menu 250.000đ /người (1),250000,standard,https://comnieuvietnam.vn/products/set-menu-250-000d-nguoi-1,6,Gân bò xào cải chua | Gà hấp mắm nhĩ | Bò sốt nấm | Cá dứa kho tộ | Tôm càng xanh rang muối | Canh hến (dắt) mồng tơi,1,slot_price_tier_resampling,2,5 | 6
AUG0595,SM250_02,Augmented from Set menu 250.000đ /người (2),250000,standard,https://comnieuvietnam.vn/products/set-menu-250-000d-nguoi-2,6,Đậu que xào bò | Gà chiên nước mắm | Cá kho làng vũ đại | Bắp bò ngâm nước mắm | Tôm càng cháy bơ tỏi | Canh chua cá dứa,1,slot_price_tier_resampling,3,3 | 4 | 5
AUG0596,SM250_03,Augmented from Set menu 250.000đ /người (3),250000,standard,https://comnieuvietnam.vn/products/set-menu-250-000d-nguoi-3,6,Gân bò xào cải chua | Gà kho sả ớt | Thịt rang cháy cạnh | Cá chim hấp hong kong | Tôm chiên nước mắm | Lẩu vịt om sấu,1,slot_price_tier_resampling,2,1 | 6
AUG0597,SM300_01,Augmented from Set menu 300.000đ /người (1),300000,standard,https://comnieuvietnam.vn/products/set-menu-300-000d-nguoi-1,6,Gỏi bò đồng quê | Gà hấp cải xanh | Cá bống mú chưng tương | Cá thu sốt cà chua | Tôm càng cháy bơ tỏi | Lẩu ngót cá chim,1,slot_price_tier_resampling,2,4 | 6
AUG0598,SM300_03,Augmented from Set menu 300.000đ /người (3),300000,standard,https://comnieuvietnam.vn/products/set-menu-300-000d-nguoi-3,6,Salad cải mầm bò | Gà hấp mía | Giò heo nấu giả cầy | Tôm càng hấp bia | Mực 1 nắng chiên nước mắm | Lẩu ngót cá chim,1,slot_price_tier_resampling,2,3 | 6
AUG0599,SM250_01,Augmented from Set menu 250.000đ /người (1),250000,standard,https://comnieuvietnam.vn/products/set-menu-250-000d-nguoi-1,6,Gân bò xào cải chua | Gà kho sả ớt | Bò sốt nấm | Bắp bò ngâm nước mắm | Tôm rang muối | Canh chua cá bóp,1,slot_price_tier_resampling,2,2 | 4
AUG0600,SM250_02,Augmented from Set menu 250.000đ /người (2),250000,standard,https://comnieuvietnam.vn/products/set-menu-250-000d-nguoi-2,6,Đậu que xào bò | Gà chiên nước mắm | Giò heo nấu giả cầy | Cá thu sốt cà chua | Tôm càng xanh rang muối | Canh hến (dắt) mồng tơi,1,slot_price_tier_resampling,2,5 | 6
AUG0601,SM300_01,Augmented from Set menu 300.000đ /người (1),300000,standard,https://comnieuvietnam.vn/products/set-menu-300-000d-nguoi-1,6,Salad cải mầm bò | Gà hấp cải xanh | Cá kho làng vũ đại | Bò sốt tiêu đen | Tôm rang muối | Lẩu vịt om sấu,1,slot_price_tier_resampling,3,1 | 3 | 5
AUG0602,SM300_02,Augmented from Set menu 300.000đ /người (2),300000,standard,https://comnieuvietnam.vn/products/set-menu-300-000d-nguoi-2,6,Salad cải mầm bò | Gà hấp mắm nhĩ | Giò heo nấu giả cầy | Cá dứa kho tộ | Tôm càng xanh rang muối | Lẩu ngót cá chim,1,slot_price_tier_resampling,3,1 | 3 | 4
AUG0603,SM300_03,Augmented from Set menu 300.000đ /người (3),300000,standard,https://comnieuvietnam.vn/products/set-menu-300-000d-nguoi-3,6,Salad cải mầm bò | Gà hấp mía | Cá ngừ đại dương lúc lắc | Tôm càng hấp bia | Tôm càng cháy bơ tỏi | Lẩu riêu cua sườn sun,1,slot_price_tier_resampling,1,5
AUG0604,SM250_01,Augmented from Set menu 250.000đ /người (1),250000,standard,https://comnieuvietnam.vn/products/set-menu-250-000d-nguoi-1,6,Đậu que xào bò | Gà hấp cải xanh | Bò sốt nấm | Cá dứa kho tộ | Tôm rang muối | Lẩu vịt om sấu,1,slot_price_tier_resampling,3,1 | 2 | 6
AUG0605,SM250_02,Augmented from Set menu 250.000đ /người (2),250000,standard,https://comnieuvietnam.vn/products/set-menu-250-000d-nguoi-2,6,Gỏi thái hải sản | Gà chiên nước mắm | Bò sốt nấm | Cá thu sốt cà chua | Tôm chiên nước mắm | Canh chua cá dứa,1,slot_price_tier_resampling,3,1 | 3 | 5
AUG0606,SM250_03,Augmented from Set menu 250.000đ /người (3),250000,standard,https://comnieuvietnam.vn/products/set-menu-250-000d-nguoi-3,6,Gỏi thái hải sản | Gà kho sả ớt | Thịt rang cháy cạnh | Cá chim hấp hong kong | Tôm chiên nước mắm | Lẩu vịt om sấu,1,slot_price_tier_resampling,2,1 | 6
AUG0607,SM300_01,Augmented from Set menu 300.000đ /người (1),300000,standard,https://comnieuvietnam.vn/products/set-menu-300-000d-nguoi-1,6,Gỏi bò đồng quê | Gà hấp cải xanh | Bò sốt nấm | Bò sốt tiêu đen | Mực 1 nắng chiên nước mắm | Lẩu vịt om sấu,1,slot_price_tier_resampling,2,3 | 5
AUG0608,SM300_03,Augmented from Set menu 300.000đ /người (3),300000,standard,https://comnieuvietnam.vn/products/set-menu-300-000d-nguoi-3,6,Salad cải mầm bò | Gà hấp mía | Cá ngừ đại dương lúc lắc | Cá chim hấp hong kong | Mực 1 nắng chiên nước mắm | Lẩu vịt om sấu,1,slot_price_tier_resampling,2,4 | 6
AUG0609,SM200_01,Augmented from Set menu 200.000đ /người (1),200000,budget,https://comnieuvietnam.vn/products/set-menu-200-000d-nguoi-1,6,Cải thìa xào dầu hào | Gà rang gừng | Cá bống kho tộ | Thịt kho trứng | Mực chiên nước mắm | Canh thát lát khổ qua,1,slot_price_tier_resampling,2,4 | 6
AUG0610,SM250_01,Augmented from Set menu 250.000đ /người (1),250000,standard,https://comnieuvietnam.vn/products/set-menu-250-000d-nguoi-1,6,Đậu que xào bò | Gà hấp mắm nhĩ | Bò sốt nấm | Cá dứa kho tộ | Tôm rang muối | Canh chua cá bóp,1,slot_price_tier_resampling,1,1
AUG0611,SM250_02,Augmented from Set menu 250.000đ /người (2),250000,standard,https://comnieuvietnam.vn/products/set-menu-250-000d-nguoi-2,6,Đậu que xào bò | Gà kho sả ớt | Giò heo nấu giả cầy | Cá thu sốt cà chua | Tôm cháy tỏi | Lẩu riêu cua sườn sun,1,slot_price_tier_resampling,2,2 | 6
AUG0612,SM300_01,Augmented from Set menu 300.000đ /người (1),300000,standard,https://comnieuvietnam.vn/products/set-menu-300-000d-nguoi-1,6,Gỏi bò đồng quê | Gà hấp cải xanh | Cá bống mú chưng tương | Bò sốt tiêu đen | Tôm rang muối | Canh hến (dắt) mồng tơi,1,slot_price_tier_resampling,2,5 | 6
AUG0613,SM350_01,Augmented from Set menu 350.000đ /người (1),350000,premium,https://comnieuvietnam.vn/products/set-menu-350-000d-nguoi-1,6,Gỏi tiến vua tôm thịt | Gà hấp mắm nhĩ | Cá kho làng vũ đại | Gà sốt nấm đông cô | Tôm càng hấp nước dừa | Lẩu cua nấu bầu,1,slot_price_tier_resampling,2,3 | 4
AUG0614,SM200_01,Augmented from Set menu 200.000đ /người (1),200000,budget,https://comnieuvietnam.vn/products/set-menu-200-000d-nguoi-1,6,Cải thìa xào dầu hào | Gà rang gừng | Cá bống kho tộ | Tôm rim thịt | Cá ngừ đại dương sốt cà | Canh cá nấu riêu,1,slot_price_tier_resampling,2,5 | 6
AUG0615,SM200_03,Augmented from Set menu 200.000đ /người (3),200000,budget,https://comnieuvietnam.vn/products/set-menu-200-000d-nguoi-3,6,Cải thìa xào dầu hào | Vịt kho gừng | Tôm cháy tỏi | Thịt kho củ cải trắng | Cá ngừ đại dương sốt cà | Canh cá nấu riêu,1,slot_price_tier_resampling,2,1 | 2
AUG0616,SM250_01,Augmented from Set menu 250.000đ /người (1),250000,standard,https://comnieuvietnam.vn/products/set-menu-250-000d-nguoi-1,6,Đậu que xào bò | Gà chiên nước mắm | Bò sốt nấm | Cá dứa kho tộ | Tôm rang muối | Canh chua cá bóp,1,slot_price_tier_resampling,2,1 | 2
AUG0617,SM300_03,Augmented from Set menu 300.000đ /người (3),300000,standard,https://comnieuvietnam.vn/products/set-menu-300-000d-nguoi-3,6,Gân bò xào cải chua | Gà hấp mía | Cá ngừ đại dương lúc lắc | Tôm càng hấp bia | Mực 1 nắng chiên nước mắm | Lẩu ngót cá chim,1,slot_price_tier_resampling,2,1 | 6
AUG0618,SM250_01,Augmented from Set menu 250.000đ /người (1),250000,standard,https://comnieuvietnam.vn/products/set-menu-250-000d-nguoi-1,6,Gân bò xào cải chua | Gà hấp cải xanh | Bò sốt nấm | Cá chim hấp hong kong | Tôm rang muối | Canh chua cá bóp,1,slot_price_tier_resampling,2,2 | 4
AUG0619,SM250_02,Augmented from Set menu 250.000đ /người (2),250000,standard,https://comnieuvietnam.vn/products/set-menu-250-000d-nguoi-2,6,Đậu que xào bò | Gà chiên nước mắm | Giò heo nấu giả cầy | Bắp bò ngâm nước mắm | Mực 1 nắng chiên nước mắm | Canh chua cá dứa,1,slot_price_tier_resampling,2,4 | 5
AUG0620,SM250_03,Augmented from Set menu 250.000đ /người (3),250000,standard,https://comnieuvietnam.vn/products/set-menu-250-000d-nguoi-3,6,Salad cải mầm bò | Gà kho sả ớt | Thịt rang cháy cạnh | Cá chim hấp hong kong | Tôm càng cháy bơ tỏi | Canh hến (dắt) mồng tơi,1,slot_price_tier_resampling,2,1 | 5
AUG0621,SM300_01,Augmented from Set menu 300.000đ /người (1),300000,standard,https://comnieuvietnam.vn/products/set-menu-300-000d-nguoi-1,6,Gỏi bò đồng quê | Gà hấp mắm nhĩ | Cá bống mú chưng tương | Bò sốt tiêu đen | Mực 1 nắng chiên nước mắm | Lẩu vịt om sấu,1,slot_price_tier_resampling,2,2 | 5
AUG0622,SM300_03,Augmented from Set menu 300.000đ /người (3),300000,standard,https://comnieuvietnam.vn/products/set-menu-300-000d-nguoi-3,6,Salad cải mầm bò | Gà hấp mía | Cá ngừ đại dương lúc lắc | Tôm càng hấp bia | Mực 1 nắng chiên nước mắm | Lẩu vịt om sấu,1,slot_price_tier_resampling,1,6
AUG0623,SM200_01,Augmented from Set menu 200.000đ /người (1),200000,budget,https://comnieuvietnam.vn/products/set-menu-200-000d-nguoi-1,6,Cải thìa xào dầu hào | Gà chiên nước mắm | Cá bống kho tộ | Thịt kho củ cải trắng | Tôm rang muối | Canh cua cà pháo,1,slot_price_tier_resampling,3,2 | 4 | 5
AUG0624,SM250_02,Augmented from Set menu 250.000đ /người (2),250000,standard,https://comnieuvietnam.vn/products/set-menu-250-000d-nguoi-2,6,Salad cải mầm bò | Gà chiên nước mắm | Thịt rang cháy cạnh | Cá thu sốt cà chua | Tôm càng cháy bơ tỏi | Canh chua cá dứa,1,slot_price_tier_resampling,3,1 | 3 | 5
AUG0625,SM250_03,Augmented from Set menu 250.000đ /người (3),250000,standard,https://comnieuvietnam.vn/products/set-menu-250-000d-nguoi-3,6,Gỏi bò đồng quê | Gà hấp cải xanh | Thịt rang cháy cạnh | Cá thu sốt cà chua | Tôm chiên nước mắm | Canh hến (dắt) mồng tơi,1,slot_price_tier_resampling,3,1 | 2 | 4
AUG0626,SM300_01,Augmented from Set menu 300.000đ /người (1),300000,standard,https://comnieuvietnam.vn/products/set-menu-300-000d-nguoi-1,6,Gỏi thái hải sản | Gà hấp mía | Cá bống mú chưng tương | Bò sốt tiêu đen | Tôm càng cháy bơ tỏi | Lẩu riêu cua sườn sun,1,slot_price_tier_resampling,3,1 | 2 | 6
AUG0627,SM300_02,Augmented from Set menu 300.000đ /người (2),300000,standard,https://comnieuvietnam.vn/products/set-menu-300-000d-nguoi-2,6,Gỏi thái hải sản | Gà hấp mắm nhĩ | Thịt rang cháy cạnh | Bắp bò ngâm nước mắm | Tôm càng xanh rang muối | Lẩu riêu cua sườn sun,1,slot_price_tier_resampling,2,3 | 6
AUG0628,SM300_03,Augmented from Set menu 300.000đ /người (3),300000,standard,https://comnieuvietnam.vn/products/set-menu-300-000d-nguoi-3,6,Salad cải mầm bò | Gà hấp mía | Cá kho làng vũ đại | Tôm càng hấp bia | Mực 1 nắng chiên nước mắm | Lẩu riêu cua sườn sun,1,slot_price_tier_resampling,1,3
AUG0629,SM200_03,Augmented from Set menu 200.000đ /người (3),200000,budget,https://comnieuvietnam.vn/products/set-menu-200-000d-nguoi-3,6,Rau luộc thập cẩm kho quẹt | Gà chiên nước mắm | Cá ngừ đại dương kho thơm | Thịt kho củ cải trắng | Mực chiên nước mắm | Canh thát lát khổ qua,1,slot_price_tier_resampling,3,3 | 5 | 6
AUG0630,SM250_03,Augmented from Set menu 250.000đ /người (3),250000,standard,https://comnieuvietnam.vn/products/set-menu-250-000d-nguoi-3,6,Gỏi thái hải sản | Gà kho sả ớt | Giò heo nấu giả cầy | Cá chim hấp hong kong | Tôm chiên nước mắm | Canh chua cá bóp,1,slot_price_tier_resampling,3,1 | 3 | 6
AUG0631,SM300_02,Augmented from Set menu 300.000đ /người (2),300000,standard,https://comnieuvietnam.vn/products/set-menu-300-000d-nguoi-2,6,Gỏi bò đồng quê | Gà hấp mắm nhĩ | Cá ngừ đại dương lúc lắc | Bắp bò ngâm nước mắm | Tôm càng xanh rang muối | Canh hến (dắt) mồng tơi,1,slot_price_tier_resampling,3,1 | 3 | 6
AUG0632,SM250_01,Augmented from Set menu 250.000đ /người (1),250000,standard,https://comnieuvietnam.vn/products/set-menu-250-000d-nguoi-1,6,Gân bò xào cải chua | Gà chiên nước mắm | Bò sốt nấm | Tôm càng hấp bia | Tôm rang muối | Canh chua cá bóp,1,slot_price_tier_resampling,2,2 | 4
AUG0633,SM250_02,Augmented from Set menu 250.000đ /người (2),250000,standard,https://comnieuvietnam.vn/products/set-menu-250-000d-nguoi-2,6,Đậu que xào bò | Gà chiên nước mắm | Bò sốt nấm | Cá dứa kho tộ | Tôm càng xanh rang muối | Canh chua cá dứa,1,slot_price_tier_resampling,3,3 | 4 | 5
AUG0634,SM250_03,Augmented from Set menu 250.000đ /người (3),250000,standard,https://comnieuvietnam.vn/products/set-menu-250-000d-nguoi-3,6,Rau rừng gia lai xào bò | Gà kho sả ớt | Thịt rang cháy cạnh | Bò sốt tiêu đen | Tôm chiên nước mắm | Canh hến (dắt) mồng tơi,1,slot_price_tier_resampling,1,4
AUG0635,SM300_02,Augmented from Set menu 300.000đ /người (2),300000,standard,https://comnieuvietnam.vn/products/set-menu-300-000d-nguoi-2,6,Rau rừng gia lai xào bò | Gà hấp mắm nhĩ | Cá kho làng vũ đại | Cá dứa kho tộ | Tôm càng xanh rang muối | Lẩu ngót cá chim,1,slot_price_tier_resampling,2,1 | 4
AUG0636,SM300_03,Augmented from Set menu 300.000đ /người (3),300000,standard,https://comnieuvietnam.vn/products/set-menu-300-000d-nguoi-3,6,Salad cải mầm bò | Gà hấp mía | Cá bống mú chưng tương | Tôm càng hấp bia | Mực 1 nắng chiên nước mắm | Lẩu riêu cua sườn sun,1,slot_price_tier_resampling,1,3
AUG0637,SM200_01,Augmented from Set menu 200.000đ /người (1),200000,budget,https://comnieuvietnam.vn/products/set-menu-200-000d-nguoi-1,6,Cải thìa xào dầu hào | Gà rang gừng | Cá bống kho tộ | Tôm rim thịt | Cá ngừ đại dương sốt cà | Canh thát lát khổ qua,1,slot_price_tier_resampling,2,5 | 6
AUG0638,SM300_01,Augmented from Set menu 300.000đ /người (1),300000,standard,https://comnieuvietnam.vn/products/set-menu-300-000d-nguoi-1,6,Đậu que xào bò | Gà chiên nước mắm | Cá bống mú chưng tương | Bò sốt tiêu đen | Mực 1 nắng chiên nước mắm | Lẩu vịt om sấu,1,slot_price_tier_resampling,3,1 | 2 | 5
AUG0639,SM300_02,Augmented from Set menu 300.000đ /người (2),300000,standard,https://comnieuvietnam.vn/products/set-menu-300-000d-nguoi-2,6,Gỏi thái hải sản | Gà hấp mắm nhĩ | Cá ngừ đại dương lúc lắc | Bắp bò ngâm nước mắm | Tôm càng xanh rang muối | Lẩu ngót cá chim,1,slot_price_tier_resampling,1,3
AUG0640,SM300_03,Augmented from Set menu 300.000đ /người (3),300000,standard,https://comnieuvietnam.vn/products/set-menu-300-000d-nguoi-3,6,Salad cải mầm bò | Gà hấp mía | Cá ngừ đại dương lúc lắc | Bắp bò ngâm nước mắm | Mực 1 nắng chiên nước mắm | Canh chua cá bóp,1,slot_price_tier_resampling,2,4 | 6
AUG0641,SM200_01,Augmented from Set menu 200.000đ /người (1),200000,budget,https://comnieuvietnam.vn/products/set-menu-200-000d-nguoi-1,6,Cải thìa xào dầu hào | Gà chiên nước mắm | Cá bống kho tộ | Thịt kho trứng | Mực chiên nước mắm | Canh cua cà pháo,1,slot_price_tier_resampling,2,2 | 4
AUG0642,SM200_03,Augmented from Set menu 200.000đ /người (3),200000,budget,https://comnieuvietnam.vn/products/set-menu-200-000d-nguoi-3,6,Rau luộc thập cẩm kho quẹt | Vịt kho gừng | Tôm cháy tỏi | Tôm rim thịt | Cá ngừ đại dương sốt cà | Canh cá nấu riêu,1,slot_price_tier_resampling,2,2 | 4
AUG0643,SM250_02,Augmented from Set menu 250.000đ /người (2),250000,standard,https://comnieuvietnam.vn/products/set-menu-250-000d-nguoi-2,6,Gân bò xào cải chua | Gà chiên nước mắm | Cá kho làng vũ đại | Cá thu sốt cà chua | Tôm cháy tỏi | Canh chua cá dứa,1,slot_price_tier_resampling,2,1 | 3
AUG0644,SM300_01,Augmented from Set menu 300.000đ /người (1),300000,standard,https://comnieuvietnam.vn/products/set-menu-300-000d-nguoi-1,6,Gỏi bò đồng quê | Gà chiên nước mắm | Cá kho làng vũ đại | Bò sốt tiêu đen | Tôm càng cháy bơ tỏi | Lẩu vịt om sấu,1,slot_price_tier_resampling,2,2 | 3
AUG0645,SM300_02,Augmented from Set menu 300.000đ /người (2),300000,standard,https://comnieuvietnam.vn/products/set-menu-300-000d-nguoi-2,6,Gỏi thái hải sản | Gà hấp mía | Cá ngừ đại dương lúc lắc | Bắp bò ngâm nước mắm | Tôm càng xanh rang muối | Canh hến (dắt) mồng tơi,1,slot_price_tier_resampling,3,2 | 3 | 6
AUG0646,SM300_03,Augmented from Set menu 300.000đ /người (3),300000,standard,https://comnieuvietnam.vn/products/set-menu-300-000d-nguoi-3,6,Salad cải mầm bò | Gà hấp mía | Cá ngừ đại dương lúc lắc | Tôm càng hấp bia | Mực 1 nắng chiên nước mắm | Canh chua cá bóp,1,slot_price_tier_resampling,1,6
AUG0647,SM200_03,Augmented from Set menu 200.000đ /người (3),200000,budget,https://comnieuvietnam.vn/products/set-menu-200-000d-nguoi-3,6,Rau luộc thập cẩm kho quẹt | Gà chiên nước mắm | Cá ngừ đại dương kho thơm | Tôm rim thịt | Tôm rang muối | Canh cá nấu riêu,1,slot_price_tier_resampling,3,3 | 4 | 5
AUG0648,SM250_01,Augmented from Set menu 250.000đ /người (1),250000,standard,https://comnieuvietnam.vn/products/set-menu-250-000d-nguoi-1,6,Gân bò xào cải chua | Gà hấp cải xanh | Bò sốt nấm | Cá dứa kho tộ | Tôm chiên nước mắm | Canh chua cá bóp,1,slot_price_tier_resampling,2,2 | 5
AUG0649,SM250_02,Augmented from Set menu 250.000đ /người (2),250000,standard,https://comnieuvietnam.vn/products/set-menu-250-000d-nguoi-2,6,Đậu que xào bò | Gà chiên nước mắm | Cá kho làng vũ đại | Cá dứa kho tộ | Tôm càng cháy bơ tỏi | Canh chua cá dứa,1,slot_price_tier_resampling,3,3 | 4 | 5
AUG0650,SM250_03,Augmented from Set menu 250.000đ /người (3),250000,standard,https://comnieuvietnam.vn/products/set-menu-250-000d-nguoi-3,6,Salad cải mầm bò | Gà kho sả ớt | Thịt rang cháy cạnh | Cá chim hấp hong kong | Tôm chiên nước mắm | Canh hến (dắt) mồng tơi,1,slot_price_tier_resampling,1,1
AUG0651,SM300_01,Augmented from Set menu 300.000đ /người (1),300000,standard,https://comnieuvietnam.vn/products/set-menu-300-000d-nguoi-1,6,Gỏi bò đồng quê | Gà kho sả ớt | Cá bống mú chưng tương | Cá dứa kho tộ | Tôm càng cháy bơ tỏi | Lẩu vịt om sấu,1,slot_price_tier_resampling,2,2 | 4
AUG0652,SM300_02,Augmented from Set menu 300.000đ /người (2),300000,standard,https://comnieuvietnam.vn/products/set-menu-300-000d-nguoi-2,6,Gỏi thái hải sản | Gà chiên nước mắm | Cá kho làng vũ đại | Cá thu sốt cà chua | Tôm càng xanh rang muối | Lẩu riêu cua sườn sun,1,slot_price_tier_resampling,3,2 | 4 | 6
AUG0653,SM300_03,Augmented from Set menu 300.000đ /người (3),300000,standard,https://comnieuvietnam.vn/products/set-menu-300-000d-nguoi-3,6,Gân bò xào cải chua | Gà hấp mắm nhĩ | Cá ngừ đại dương lúc lắc | Tôm càng hấp bia | Mực 1 nắng chiên nước mắm | Lẩu riêu cua sườn sun,1,slot_price_tier_resampling,2,1 | 2
AUG0654,SM200_02,Augmented from Set menu 200.000đ /người (2),200000,budget,https://comnieuvietnam.vn/products/set-menu-200-000d-nguoi-2,6,Đậu que xào lòng gà | Gà chiên nước mắm | Tôm cháy tỏi | Thịt kho trứng | Mực chiên nước mắm | Canh thát lát khổ qua,1,slot_price_tier_resampling,3,2 | 3 | 5
AUG0655,SM250_02,Augmented from Set menu 250.000đ /người (2),250000,standard,https://comnieuvietnam.vn/products/set-menu-250-000d-nguoi-2,6,Đậu que xào bò | Gà chiên nước mắm | Cá kho làng vũ đại | Tôm càng hấp bia | Tôm cháy tỏi | Canh chua cá dứa,1,slot_price_tier_resampling,2,3 | 4
AUG0656,SM300_01,Augmented from Set menu 300.000đ /người (1),300000,standard,https://comnieuvietnam.vn/products/set-menu-300-000d-nguoi-1,6,Gỏi bò đồng quê | Gà hấp cải xanh | Cá bống mú chưng tương | Cá dứa kho tộ | Tôm rang muối | Lẩu vịt om sấu,1,slot_price_tier_resampling,2,4 | 5
AUG0657,SM300_02,Augmented from Set menu 300.000đ /người (2),300000,standard,https://comnieuvietnam.vn/products/set-menu-300-000d-nguoi-2,6,Gỏi thái hải sản | Gà hấp mía | Cá kho làng vũ đại | Bắp bò ngâm nước mắm | Tôm càng xanh rang muối | Canh chua cá dứa,1,slot_price_tier_resampling,2,2 | 6
AUG0658,SM200_03,Augmented from Set menu 200.000đ /người (3),200000,budget,https://comnieuvietnam.vn/products/set-menu-200-000d-nguoi-3,6,Đậu que xào lòng gà | Gà chiên nước mắm | Tôm cháy tỏi | Thịt kho củ cải trắng | Tôm rang muối | Canh cua cà pháo,1,slot_price_tier_resampling,3,1 | 5 | 6
AUG0659,SM250_01,Augmented from Set menu 250.000đ /người (1),250000,standard,https://comnieuvietnam.vn/products/set-menu-250-000d-nguoi-1,6,Gân bò xào cải chua | Gà hấp mắm nhĩ | Thịt rang cháy cạnh | Cá dứa kho tộ | Tôm rang muối | Canh chua cá dứa,1,slot_price_tier_resampling,2,3 | 6
AUG0660,SM250_02,Augmented from Set menu 250.000đ /người (2),250000,standard,https://comnieuvietnam.vn/products/set-menu-250-000d-nguoi-2,6,Đậu que xào bò | Gà chiên nước mắm | Bò sốt nấm | Cá thu sốt cà chua | Tôm càng xanh rang muối | Canh chua cá dứa,1,slot_price_tier_resampling,2,3 | 5
AUG0661,SM250_03,Augmented from Set menu 250.000đ /người (3),250000,standard,https://comnieuvietnam.vn/products/set-menu-250-000d-nguoi-3,6,Rau rừng gia lai xào bò | Gà hấp mắm nhĩ | Thịt rang cháy cạnh | Cá chim hấp hong kong | Tôm chiên nước mắm | Lẩu riêu cua sườn sun,1,slot_price_tier_resampling,2,2 | 6
AUG0662,SM300_01,Augmented from Set menu 300.000đ /người (1),300000,standard,https://comnieuvietnam.vn/products/set-menu-300-000d-nguoi-1,6,Salad cải mầm bò | Gà hấp mía | Cá kho làng vũ đại | Bò sốt tiêu đen | Tôm càng cháy bơ tỏi | Lẩu vịt om sấu,1,slot_price_tier_resampling,3,1 | 2 | 3
AUG0663,SM300_02,Augmented from Set menu 300.000đ /người (2),300000,standard,https://comnieuvietnam.vn/products/set-menu-300-000d-nguoi-2,6,Rau rừng gia lai xào bò | Gà hấp mắm nhĩ | Cá bống mú chưng tương | Bắp bò ngâm nước mắm | Tôm càng xanh rang muối | Lẩu ngót cá chim,1,slot_price_tier_resampling,2,1 | 3
AUG0664,SM300_03,Augmented from Set menu 300.000đ /người (3),300000,standard,https://comnieuvietnam.vn/products/set-menu-300-000d-nguoi-3,6,Gỏi thái hải sản | Gà hấp mía | Cá ngừ đại dương lúc lắc | Tôm càng hấp bia | Tôm rang muối | Lẩu riêu cua sườn sun,1,slot_price_tier_resampling,2,1 | 5
AUG0665,SM200_01,Augmented from Set menu 200.000đ /người (1),200000,budget,https://comnieuvietnam.vn/products/set-menu-200-000d-nguoi-1,6,Rau luộc thập cẩm kho quẹt | Gà rang gừng | Cá ngừ đại dương kho thơm | Tôm rim thịt | Mực chiên nước mắm | Canh cua cà pháo,1,slot_price_tier_resampling,2,1 | 3
AUG0666,SM200_02,Augmented from Set menu 200.000đ /người (2),200000,budget,https://comnieuvietnam.vn/products/set-menu-200-000d-nguoi-2,6,Đậu que xào lòng gà | Gà chiên nước mắm | Tôm cháy tỏi | Thịt kho trứng | Tôm rang muối | Canh thát lát khổ qua,1,slot_price_tier_resampling,2,2 | 3
AUG0667,SM250_01,Augmented from Set menu 250.000đ /người (1),250000,standard,https://comnieuvietnam.vn/products/set-menu-250-000d-nguoi-1,6,Gỏi thái hải sản | Gà hấp mắm nhĩ | Bò sốt nấm | Bắp bò ngâm nước mắm | Tôm càng xanh rang muối | Canh chua cá bóp,1,slot_price_tier_resampling,3,1 | 4 | 5
AUG0668,SM250_02,Augmented from Set menu 250.000đ /người (2),250000,standard,https://comnieuvietnam.vn/products/set-menu-250-000d-nguoi-2,6,Đậu que xào bò | Gà hấp cải xanh | Giò heo nấu giả cầy | Tôm càng hấp bia | Tôm càng xanh rang muối | Canh chua cá dứa,1,slot_price_tier_resampling,3,2 | 4 | 5
AUG0669,SM300_01,Augmented from Set menu 300.000đ /người (1),300000,standard,https://comnieuvietnam.vn/products/set-menu-300-000d-nguoi-1,6,Gỏi bò đồng quê | Gà kho sả ớt | Giò heo nấu giả cầy | Bò sốt tiêu đen | Tôm càng cháy bơ tỏi | Canh chua cá bóp,1,slot_price_tier_resampling,3,2 | 3 | 6
AUG0670,SM300_02,Augmented from Set menu 300.000đ /người (2),300000,standard,https://comnieuvietnam.vn/products/set-menu-300-000d-nguoi-2,6,Gỏi thái hải sản | Gà kho sả ớt | Cá kho làng vũ đại | Tôm càng hấp bia | Tôm rang muối | Lẩu ngót cá chim,1,slot_price_tier_resampling,3,2 | 4 | 5
AUG0671,SM300_03,Augmented from Set menu 300.000đ /người (3),300000,standard,https://comnieuvietnam.vn/products/set-menu-300-000d-nguoi-3,6,Rau rừng gia lai xào bò | Gà hấp mía | Cá kho làng vũ đại | Tôm càng hấp bia | Mực 1 nắng chiên nước mắm | Lẩu riêu cua sườn sun,1,slot_price_tier_resampling,2,1 | 3
AUG0672,SM200_01,Augmented from Set menu 200.000đ /người (1),200000,budget,https://comnieuvietnam.vn/products/set-menu-200-000d-nguoi-1,6,Cải thìa xào dầu hào | Gà rang gừng | Tôm cháy tỏi | Thịt kho củ cải trắng | Mực chiên nước mắm | Canh cua cà pháo,1,slot_price_tier_resampling,2,3 | 4
AUG0673,SM250_02,Augmented from Set menu 250.000đ /người (2),250000,standard,https://comnieuvietnam.vn/products/set-menu-250-000d-nguoi-2,6,Đậu que xào bò | Gà hấp cải xanh | Giò heo nấu giả cầy | Cá thu sốt cà chua | Tôm chiên nước mắm | Canh chua cá dứa,1,slot_price_tier_resampling,2,2 | 5
AUG0674,SM250_03,Augmented from Set menu 250.000đ /người (3),250000,standard,https://comnieuvietnam.vn/products/set-menu-250-000d-nguoi-3,6,Rau rừng gia lai xào bò | Gà hấp mắm nhĩ | Thịt rang cháy cạnh | Bò sốt tiêu đen | Tôm chiên nước mắm | Canh hến (dắt) mồng tơi,1,slot_price_tier_resampling,2,2 | 4
AUG0675,SM300_01,Augmented from Set menu 300.000đ /người (1),300000,standard,https://comnieuvietnam.vn/products/set-menu-300-000d-nguoi-1,6,Salad cải mầm bò | Gà hấp cải xanh | Giò heo nấu giả cầy | Cá chim hấp hong kong | Tôm càng cháy bơ tỏi | Lẩu vịt om sấu,1,slot_price_tier_resampling,3,1 | 3 | 4
AUG0676,SM300_03,Augmented from Set menu 300.000đ /người (3),300000,standard,https://comnieuvietnam.vn/products/set-menu-300-000d-nguoi-3,6,Salad cải mầm bò | Gà hấp mía | Cá ngừ đại dương lúc lắc | Cá chim hấp hong kong | Mực 1 nắng chiên nước mắm | Lẩu ngót cá chim,1,slot_price_tier_resampling,2,4 | 6
AUG0677,SM200_02,Augmented from Set menu 200.000đ /người (2),200000,budget,https://comnieuvietnam.vn/products/set-menu-200-000d-nguoi-2,6,Rau luộc thập cẩm kho quẹt | Vịt kho gừng | Tôm cháy tỏi | Thịt kho trứng | Cá ngừ đại dương sốt cà | Canh thát lát khổ qua,1,slot_price_tier_resampling,3,1 | 3 | 5
AUG0678,SM250_01,Augmented from Set menu 250.000đ /người (1),250000,standard,https://comnieuvietnam.vn/products/set-menu-250-000d-nguoi-1,6,Gân bò xào cải chua | Gà hấp mắm nhĩ | Cá kho làng vũ đại | Cá dứa kho tộ | Mực 1 nắng chiên nước mắm | Lẩu ngót cá chim,1,slot_price_tier_resampling,3,3 | 5 | 6
AUG0679,SM250_03,Augmented from Set menu 250.000đ /người (3),250000,standard,https://comnieuvietnam.vn/products/set-menu-250-000d-nguoi-3,6,Gỏi bò đồng quê | Gà chiên nước mắm | Thịt rang cháy cạnh | Cá chim hấp hong kong | Mực 1 nắng chiên nước mắm | Canh hến (dắt) mồng tơi,1,slot_price_tier_resampling,3,1 | 2 | 5
AUG0680,SM300_02,Augmented from Set menu 300.000đ /người (2),300000,standard,https://comnieuvietnam.vn/products/set-menu-300-000d-nguoi-2,6,Gỏi thái hải sản | Gà hấp mắm nhĩ | Cá kho làng vũ đại | Cá dứa kho tộ | Tôm cháy tỏi | Canh chua cá dứa,1,slot_price_tier_resampling,3,4 | 5 | 6
AUG0681,SM200_01,Augmented from Set menu 200.000đ /người (1),200000,budget,https://comnieuvietnam.vn/products/set-menu-200-000d-nguoi-1,6,Cải thìa xào dầu hào | Gà rang gừng | Cá bống kho tộ | Thịt kho trứng | Tôm rang muối | Canh thát lát khổ qua,1,slot_price_tier_resampling,3,4 | 5 | 6
AUG0682,SM200_03,Augmented from Set menu 200.000đ /người (3),200000,budget,https://comnieuvietnam.vn/products/set-menu-200-000d-nguoi-3,6,Cải thìa xào dầu hào | Gà chiên nước mắm | Tôm cháy tỏi | Tôm rim thịt | Cá ngừ đại dương sốt cà | Canh cá nấu riêu,1,slot_price_tier_resampling,2,1 | 4
AUG0683,SM250_02,Augmented from Set menu 250.000đ /người (2),250000,standard,https://comnieuvietnam.vn/products/set-menu-250-000d-nguoi-2,6,Gỏi bò đồng quê | Gà chiên nước mắm | Giò heo nấu giả cầy | Cá chim hấp hong kong | Tôm cháy tỏi | Canh chua cá dứa,1,slot_price_tier_resampling,2,1 | 4
AUG0684,SM250_03,Augmented from Set menu 250.000đ /người (3),250000,standard,https://comnieuvietnam.vn/products/set-menu-250-000d-nguoi-3,6,Gỏi thái hải sản | Gà kho sả ớt | Thịt rang cháy cạnh | Cá chim hấp hong kong | Tôm chiên nước mắm | Canh hến (dắt) mồng tơi,1,slot_price_tier_resampling,1,1
AUG0685,SM300_01,Augmented from Set menu 300.000đ /người (1),300000,standard,https://comnieuvietnam.vn/products/set-menu-300-000d-nguoi-1,6,Rau rừng gia lai xào bò | Gà hấp cải xanh | Cá bống mú chưng tương | Bò sốt tiêu đen | Tôm rang muối | Lẩu vịt om sấu,1,slot_price_tier_resampling,2,1 | 5
AUG0686,SM300_02,Augmented from Set menu 300.000đ /người (2),300000,standard,https://comnieuvietnam.vn/products/set-menu-300-000d-nguoi-2,6,Gỏi thái hải sản | Gà chiên nước mắm | Giò heo nấu giả cầy | Bắp bò ngâm nước mắm | Tôm càng xanh rang muối | Lẩu ngót cá chim,1,slot_price_tier_resampling,2,2 | 3
AUG0687,SM300_03,Augmented from Set menu 300.000đ /người (3),300000,standard,https://comnieuvietnam.vn/products/set-menu-300-000d-nguoi-3,6,Salad cải mầm bò | Gà hấp mắm nhĩ | Cá ngừ đại dương lúc lắc | Bắp bò ngâm nước mắm | Tôm rang muối | Lẩu riêu cua sườn sun,1,slot_price_tier_resampling,3,2 | 4 | 5
AUG0688,SM200_02,Augmented from Set menu 200.000đ /người (2),200000,budget,https://comnieuvietnam.vn/products/set-menu-200-000d-nguoi-2,6,Cải thìa xào dầu hào | Vịt kho gừng | Tôm cháy tỏi | Thịt kho trứng | Cá ngừ đại dương sốt cà | Canh thát lát khổ qua,1,slot_price_tier_resampling,3,1 | 3 | 5
AUG0689,SM200_03,Augmented from Set menu 200.000đ /người (3),200000,budget,https://comnieuvietnam.vn/products/set-menu-200-000d-nguoi-3,6,Cải thìa xào dầu hào | Gà chiên nước mắm | Cá ngừ đại dương kho thơm | Thịt kho củ cải trắng | Cá ngừ đại dương sốt cà | Canh thát lát khổ qua,1,slot_price_tier_resampling,3,1 | 3 | 6
AUG0690,SM250_02,Augmented from Set menu 250.000đ /người (2),250000,standard,https://comnieuvietnam.vn/products/set-menu-250-000d-nguoi-2,6,Đậu que xào bò | Gà kho sả ớt | Giò heo nấu giả cầy | Cá dứa kho tộ | Tôm rang muối | Canh chua cá dứa,1,slot_price_tier_resampling,3,2 | 4 | 5
AUG0691,SM250_03,Augmented from Set menu 250.000đ /người (3),250000,standard,https://comnieuvietnam.vn/products/set-menu-250-000d-nguoi-3,6,Rau rừng gia lai xào bò | Gà kho sả ớt | Cá bống mú chưng tương | Bắp bò ngâm nước mắm | Tôm càng cháy bơ tỏi | Canh hến (dắt) mồng tơi,1,slot_price_tier_resampling,3,3 | 4 | 5
AUG0692,SM300_01,Augmented from Set menu 300.000đ /người (1),300000,standard,https://comnieuvietnam.vn/products/set-menu-300-000d-nguoi-1,6,Rau rừng gia lai xào bò | Gà hấp cải xanh | Cá bống mú chưng tương | Bò sốt tiêu đen | Tôm chiên nước mắm | Canh chua cá dứa,1,slot_price_tier_resampling,3,1 | 5 | 6
AUG0693,SM300_03,Augmented from Set menu 300.000đ /người (3),300000,standard,https://comnieuvietnam.vn/products/set-menu-300-000d-nguoi-3,6,Salad cải mầm bò | Gà hấp cải xanh | Cá ngừ đại dương lúc lắc | Tôm càng hấp bia | Tôm càng xanh rang muối | Lẩu riêu cua sườn sun,1,slot_price_tier_resampling,2,2 | 5
AUG0694,SM200_02,Augmented from Set menu 200.000đ /người (2),200000,budget,https://comnieuvietnam.vn/products/set-menu-200-000d-nguoi-2,6,Đậu que xào lòng gà | Gà rang gừng | Cá bống kho tộ | Thịt kho trứng | Cá ngừ đại dương sốt cà | Canh thát lát khổ qua,1,slot_price_tier_resampling,3,2 | 3 | 5
AUG0695,SM200_03,Augmented from Set menu 200.000đ /người (3),200000,budget,https://comnieuvietnam.vn/products/set-menu-200-000d-nguoi-3,6,Rau luộc thập cẩm kho quẹt | Vịt kho gừng | Tôm cháy tỏi | Thịt kho củ cải trắng | Mực chiên nước mắm | Canh cá nấu riêu,1,slot_price_tier_resampling,2,2 | 5
AUG0696,SM250_01,Augmented from Set menu 250.000đ /người (1),250000,standard,https://comnieuvietnam.vn/products/set-menu-250-000d-nguoi-1,6,Salad cải mầm bò | Gà hấp mắm nhĩ | Bò sốt nấm | Cá dứa kho tộ | Mực 1 nắng chiên nước mắm | Canh hến (dắt) mồng tơi,1,slot_price_tier_resampling,3,1 | 5 | 6
AUG0697,SM250_02,Augmented from Set menu 250.000đ /người (2),250000,standard,https://comnieuvietnam.vn/products/set-menu-250-000d-nguoi-2,6,Đậu que xào bò | Gà chiên nước mắm | Giò heo nấu giả cầy | Cá thu sốt cà chua | Tôm càng cháy bơ tỏi | Canh chua cá dứa,1,slot_price_tier_resampling,1,5
AUG0698,SM250_03,Augmented from Set menu 250.000đ /người (3),250000,standard,https://comnieuvietnam.vn/products/set-menu-250-000d-nguoi-3,6,Rau rừng gia lai xào bò | Gà kho sả ớt | Thịt rang cháy cạnh | Cá chim hấp hong kong | Tôm chiên nước mắm | Lẩu vịt om sấu,1,slot_price_tier_resampling,1,6
AUG0699,SM300_01,Augmented from Set menu 300.000đ /người (1),300000,standard,https://comnieuvietnam.vn/products/set-menu-300-000d-nguoi-1,6,Rau rừng gia lai xào bò | Gà hấp cải xanh | Cá bống mú chưng tương | Bò sốt tiêu đen | Tôm càng cháy bơ tỏi | Canh hến (dắt) mồng tơi,1,slot_price_tier_resampling,2,1 | 6
AUG0700,SM300_02,Augmented from Set menu 300.000đ /người (2),300000,standard,https://comnieuvietnam.vn/products/set-menu-300-000d-nguoi-2,6,Gỏi thái hải sản | Gà hấp mía | Giò heo nấu giả cầy | Bắp bò ngâm nước mắm | Tôm càng xanh rang muối | Lẩu ngót cá chim,1,slot_price_tier_resampling,2,2 | 3
AUG0701,SM300_03,Augmented from Set menu 300.000đ /người (3),300000,standard,https://comnieuvietnam.vn/products/set-menu-300-000d-nguoi-3,6,Salad cải mầm bò | Gà hấp mía | Giò heo nấu giả cầy | Tôm càng hấp bia | Mực 1 nắng chiên nước mắm | Lẩu riêu cua sườn sun,1,slot_price_tier_resampling,1,3
AUG0702,SM200_03,Augmented from Set menu 200.000đ /người (3),200000,budget,https://comnieuvietnam.vn/products/set-menu-200-000d-nguoi-3,6,Đậu que xào lòng gà | Gà rang gừng | Tôm cháy tỏi | Thịt kho củ cải trắng | Cá ngừ đại dương sốt cà | Canh thát lát khổ qua,1,slot_price_tier_resampling,3,1 | 2 | 6
AUG0703,SM300_01,Augmented from Set menu 300.000đ /người (1),300000,standard,https://comnieuvietnam.vn/products/set-menu-300-000d-nguoi-1,6,Gỏi bò đồng quê | Gà hấp cải xanh | Cá bống mú chưng tương | Cá thu sốt cà chua | Tôm càng cháy bơ tỏi | Canh chua cá dứa,1,slot_price_tier_resampling,2,4 | 6
AUG0704,SM200_01,Augmented from Set menu 200.000đ /người (1),200000,budget,https://comnieuvietnam.vn/products/set-menu-200-000d-nguoi-1,6,Cải thìa xào dầu hào | Vịt kho gừng | Cá ngừ đại dương kho thơm | Thịt kho củ cải trắng | Mực chiên nước mắm | Canh cua cà pháo,1,slot_price_tier_resampling,3,2 | 3 | 4
AUG0705,SM250_02,Augmented from Set menu 250.000đ /người (2),250000,standard,https://comnieuvietnam.vn/products/set-menu-250-000d-nguoi-2,6,Đậu que xào bò | Gà hấp mắm nhĩ | Giò heo nấu giả cầy | Bắp bò ngâm nước mắm | Tôm cháy tỏi | Lẩu riêu cua sườn sun,1,slot_price_tier_resampling,3,2 | 4 | 6
AUG0706,SM250_03,Augmented from Set menu 250.000đ /người (3),250000,standard,https://comnieuvietnam.vn/products/set-menu-250-000d-nguoi-3,6,Rau rừng gia lai xào bò | Gà chiên nước mắm | Thịt rang cháy cạnh | Cá chim hấp hong kong | Tôm chiên nước mắm | Canh hến (dắt) mồng tơi,1,slot_price_tier_resampling,1,2
AUG0707,SM300_01,Augmented from Set menu 300.000đ /người (1),300000,standard,https://comnieuvietnam.vn/products/set-menu-300-000d-nguoi-1,6,Gỏi bò đồng quê | Gà hấp cải xanh | Cá bống mú chưng tương | Cá dứa kho tộ | Tôm càng xanh rang muối | Lẩu vịt om sấu,1,slot_price_tier_resampling,2,4 | 5
AUG0708,SM300_02,Augmented from Set menu 300.000đ /người (2),300000,standard,https://comnieuvietnam.vn/products/set-menu-300-000d-nguoi-2,6,Gỏi thái hải sản | Gà hấp mắm nhĩ | Bò sốt nấm | Bắp bò ngâm nước mắm | Tôm càng cháy bơ tỏi | Lẩu ngót cá chim,1,slot_price_tier_resampling,2,3 | 5
AUG0709,SM250_02,Augmented from Set menu 250.000đ /người (2),250000,standard,https://comnieuvietnam.vn/products/set-menu-250-000d-nguoi-2,6,Đậu que xào bò | Gà hấp mắm nhĩ | Giò heo nấu giả cầy | Cá thu sốt cà chua | Tôm chiên nước mắm | Canh chua cá dứa,1,slot_price_tier_resampling,2,2 | 5
AUG0710,SM300_03,Augmented from Set menu 300.000đ /người (3),300000,standard,https://comnieuvietnam.vn/products/set-menu-300-000d-nguoi-3,6,Salad cải mầm bò | Gà hấp mía | Bò sốt nấm | Tôm càng hấp bia | Tôm rang muối | Canh hến (dắt) mồng tơi,1,slot_price_tier_resampling,3,3 | 5 | 6
AUG0711,SM200_01,Augmented from Set menu 200.000đ /người (1),200000,budget,https://comnieuvietnam.vn/products/set-menu-200-000d-nguoi-1,6,Rau luộc thập cẩm kho quẹt | Gà rang gừng | Cá bống kho tộ | Thịt kho củ cải trắng | Mực chiên nước mắm | Canh cua cà pháo,1,slot_price_tier_resampling,2,1 | 4
AUG0712,SM200_03,Augmented from Set menu 200.000đ /người (3),200000,budget,https://comnieuvietnam.vn/products/set-menu-200-000d-nguoi-3,6,Đậu que xào lòng gà | Gà chiên nước mắm | Cá bống kho tộ | Thịt kho củ cải trắng | Cá ngừ đại dương sốt cà | Canh cá nấu riêu,1,slot_price_tier_resampling,2,1 | 3
AUG0713,SM250_02,Augmented from Set menu 250.000đ /người (2),250000,standard,https://comnieuvietnam.vn/products/set-menu-250-000d-nguoi-2,6,Salad cải mầm bò | Gà hấp mía | Cá kho làng vũ đại | Cá thu sốt cà chua | Tôm cháy tỏi | Canh chua cá dứa,1,slot_price_tier_resampling,3,1 | 2 | 3
AUG0714,SM300_02,Augmented from Set menu 300.000đ /người (2),300000,standard,https://comnieuvietnam.vn/products/set-menu-300-000d-nguoi-2,6,Gỏi thái hải sản | Gà hấp mắm nhĩ | Cá kho làng vũ đại | Bắp bò ngâm nước mắm | Tôm chiên nước mắm | Lẩu ngót cá chim,1,slot_price_tier_resampling,1,5
AUG0715,SM200_02,Augmented from Set menu 200.000đ /người (2),200000,budget,https://comnieuvietnam.vn/products/set-menu-200-000d-nguoi-2,6,Cải thìa xào dầu hào | Vịt kho gừng | Cá bống kho tộ | Thịt kho trứng | Tôm rang muối | Canh thát lát khổ qua,1,slot_price_tier_resampling,2,1 | 3
AUG0716,SM200_03,Augmented from Set menu 200.000đ /người (3),200000,budget,https://comnieuvietnam.vn/products/set-menu-200-000d-nguoi-3,6,Rau luộc thập cẩm kho quẹt | Gà rang gừng | Cá ngừ đại dương kho thơm | Thịt kho củ cải trắng | Cá ngừ đại dương sốt cà | Canh cá nấu riêu,1,slot_price_tier_resampling,2,2 | 3
AUG0717,SM250_01,Augmented from Set menu 250.000đ /người (1),250000,standard,https://comnieuvietnam.vn/products/set-menu-250-000d-nguoi-1,6,Gân bò xào cải chua | Gà hấp mắm nhĩ | Thịt rang cháy cạnh | Tôm càng hấp bia | Tôm càng xanh rang muối | Canh chua cá bóp,1,slot_price_tier_resampling,3,3 | 4 | 5
AUG0718,SM250_02,Augmented from Set menu 250.000đ /người (2),250000,standard,https://comnieuvietnam.vn/products/set-menu-250-000d-nguoi-2,6,Đậu que xào bò | Gà chiên nước mắm | Cá bống mú chưng tương | Cá thu sốt cà chua | Tôm cháy tỏi | Canh hến (dắt) mồng tơi,1,slot_price_tier_resampling,2,3 | 6
AUG0719,SM250_03,Augmented from Set menu 250.000đ /người (3),250000,standard,https://comnieuvietnam.vn/products/set-menu-250-000d-nguoi-3,6,Đậu que xào bò | Gà kho sả ớt | Giò heo nấu giả cầy | Cá chim hấp hong kong | Tôm chiên nước mắm | Canh chua cá dứa,1,slot_price_tier_resampling,3,1 | 3 | 6
AUG0720,SM300_01,Augmented from Set menu 300.000đ /người (1),300000,standard,https://comnieuvietnam.vn/products/set-menu-300-000d-nguoi-1,6,Gỏi bò đồng quê | Gà hấp cải xanh | Cá bống mú chưng tương | Cá chim hấp hong kong | Tôm càng cháy bơ tỏi | Lẩu riêu cua sườn sun,1,slot_price_tier_resampling,2,4 | 6
AUG0721,SM300_02,Augmented from Set menu 300.000đ /người (2),300000,standard,https://comnieuvietnam.vn/products/set-menu-300-000d-nguoi-2,6,Đậu que xào bò | Gà hấp mắm nhĩ | Cá ngừ đại dương lúc lắc | Bắp bò ngâm nước mắm | Tôm càng xanh rang muối | Lẩu ngót cá chim,1,slot_price_tier_resampling,2,1 | 3
AUG0722,SM300_03,Augmented from Set menu 300.000đ /người (3),300000,standard,https://comnieuvietnam.vn/products/set-menu-300-000d-nguoi-3,6,Gân bò xào cải chua | Gà hấp mía | Thịt rang cháy cạnh | Tôm càng hấp bia | Mực 1 nắng chiên nước mắm | Lẩu ngót cá chim,1,slot_price_tier_resampling,3,1 | 3 | 6
AUG0723,SM200_01,Augmented from Set menu 200.000đ /người (1),200000,budget,https://comnieuvietnam.vn/products/set-menu-200-000d-nguoi-1,6,Cải thìa xào dầu hào | Vịt kho gừng | Cá bống kho tộ | Thịt kho củ cải trắng | Mực chiên nước mắm | Canh cua cà pháo,1,slot_price_tier_resampling,2,2 | 4
AUG0724,SM200_02,Augmented from Set menu 200.000đ /người (2),200000,budget,https://comnieuvietnam.vn/products/set-menu-200-000d-nguoi-2,6,Cải thìa xào dầu hào | Gà chiên nước mắm | Tôm cháy tỏi | Thịt kho trứng | Tôm rang muối | Canh thát lát khổ qua,1,slot_price_tier_resampling,3,1 | 2 | 3
AUG0725,SM250_01,Augmented from Set menu 250.000đ /người (1),250000,standard,https://comnieuvietnam.vn/products/set-menu-250-000d-nguoi-1,6,Đậu que xào bò | Gà hấp mắm nhĩ | Cá bống mú chưng tương | Bắp bò ngâm nước mắm | Tôm rang muối | Canh chua cá bóp,1,slot_price_tier_resampling,3,1 | 3 | 4
AUG0726,SM250_02,Augmented from Set menu 250.000đ /người (2),250000,standard,https://comnieuvietnam.vn/products/set-menu-250-000d-nguoi-2,6,Đậu que xào bò | Gà hấp mắm nhĩ | Giò heo nấu giả cầy | Cá thu sốt cà chua | Tôm rang muối | Canh chua cá dứa,1,slot_price_tier_resampling,2,2 | 5
AUG0727,SM250_03,Augmented from Set menu 250.000đ /người (3),250000,standard,https://comnieuvietnam.vn/products/set-menu-250-000d-nguoi-3,6,Rau rừng gia lai xào bò | Gà chiên nước mắm | Bò sốt nấm | Cá chim hấp hong kong | Tôm chiên nước mắm | Canh chua cá dứa,1,slot_price_tier_resampling,3,2 | 3 | 6
AUG0728,SM300_02,Augmented from Set menu 300.000đ /người (2),300000,standard,https://comnieuvietnam.vn/products/set-menu-300-000d-nguoi-2,6,Gỏi thái hải sản | Gà hấp mắm nhĩ | Cá bống mú chưng tương | Cá thu sốt cà chua | Tôm càng xanh rang muối | Lẩu ngót cá chim,1,slot_price_tier_resampling,2,3 | 4
AUG0729,SM300_03,Augmented from Set menu 300.000đ /người (3),300000,standard,https://comnieuvietnam.vn/products/set-menu-300-000d-nguoi-3,6,Salad cải mầm bò | Gà hấp mía | Cá ngừ đại dương lúc lắc | Bắp bò ngâm nước mắm | Mực 1 nắng chiên nước mắm | Canh hến (dắt) mồng tơi,1,slot_price_tier_resampling,2,4 | 6
AUG0730,SM200_03,Augmented from Set menu 200.000đ /người (3),200000,budget,https://comnieuvietnam.vn/products/set-menu-200-000d-nguoi-3,6,Rau luộc thập cẩm kho quẹt | Gà chiên nước mắm | Tôm cháy tỏi | Tôm rim thịt | Tôm rang muối | Canh cá nấu riêu,1,slot_price_tier_resampling,2,4 | 5
AUG0731,SM250_01,Augmented from Set menu 250.000đ /người (1),250000,standard,https://comnieuvietnam.vn/products/set-menu-250-000d-nguoi-1,6,Rau rừng gia lai xào bò | Gà hấp mắm nhĩ | Bò sốt nấm | Cá dứa kho tộ | Tôm rang muối | Canh hến (dắt) mồng tơi,1,slot_price_tier_resampling,2,1 | 6
AUG0732,SM250_02,Augmented from Set menu 250.000đ /người (2),250000,standard,https://comnieuvietnam.vn/products/set-menu-250-000d-nguoi-2,6,Rau rừng gia lai xào bò | Gà chiên nước mắm | Giò heo nấu giả cầy | Cá thu sốt cà chua | Tôm cháy tỏi | Lẩu vịt om sấu,1,slot_price_tier_resampling,2,1 | 6
AUG0733,SM300_01,Augmented from Set menu 300.000đ /người (1),300000,standard,https://comnieuvietnam.vn/products/set-menu-300-000d-nguoi-1,6,Gỏi bò đồng quê | Gà kho sả ớt | Giò heo nấu giả cầy | Cá chim hấp hong kong | Tôm càng cháy bơ tỏi | Lẩu vịt om sấu,1,slot_price_tier_resampling,3,2 | 3 | 4
AUG0734,SM200_01,Augmented from Set menu 200.000đ /người (1),200000,budget,https://comnieuvietnam.vn/products/set-menu-200-000d-nguoi-1,6,Rau luộc thập cẩm kho quẹt | Vịt kho gừng | Cá bống kho tộ | Tôm rim thịt | Mực chiên nước mắm | Canh cua cà pháo,1,slot_price_tier_resampling,2,1 | 2
AUG0735,SM200_02,Augmented from Set menu 200.000đ /người (2),200000,budget,https://comnieuvietnam.vn/products/set-menu-200-000d-nguoi-2,6,Rau luộc thập cẩm kho quẹt | Vịt kho gừng | Cá ngừ đại dương kho thơm | Tôm rim thịt | Cá ngừ đại dương sốt cà | Canh thát lát khổ qua,1,slot_price_tier_resampling,3,1 | 4 | 5
AUG0736,SM250_01,Augmented from Set menu 250.000đ /người (1),250000,standard,https://comnieuvietnam.vn/products/set-menu-250-000d-nguoi-1,6,Gân bò xào cải chua | Gà hấp mía | Bò sốt nấm | Cá chim hấp hong kong | Tôm rang muối | Canh chua cá bóp,1,slot_price_tier_resampling,2,2 | 4
AUG0737,SM250_03,Augmented from Set menu 250.000đ /người (3),250000,standard,https://comnieuvietnam.vn/products/set-menu-250-000d-nguoi-3,6,Rau rừng gia lai xào bò | Gà hấp cải xanh | Thịt rang cháy cạnh | Cá chim hấp hong kong | Tôm chiên nước mắm | Lẩu ngót cá chim,1,slot_price_tier_resampling,2,2 | 6
AUG0738,SM300_01,Augmented from Set menu 300.000đ /người (1),300000,standard,https://comnieuvietnam.vn/products/set-menu-300-000d-nguoi-1,6,Gỏi bò đồng quê | Gà hấp mía | Cá bống mú chưng tương | Bò sốt tiêu đen | Tôm càng xanh rang muối | Lẩu vịt om sấu,1,slot_price_tier_resampling,2,2 | 5
AUG0739,SM300_02,Augmented from Set menu 300.000đ /người (2),300000,standard,https://comnieuvietnam.vn/products/set-menu-300-000d-nguoi-2,6,Gỏi thái hải sản | Gà kho sả ớt | Cá kho làng vũ đại | Bắp bò ngâm nước mắm | Tôm càng xanh rang muối | Canh hến (dắt) mồng tơi,1,slot_price_tier_resampling,2,2 | 6
AUG0740,SM300_03,Augmented from Set menu 300.000đ /người (3),300000,standard,https://comnieuvietnam.vn/products/set-menu-300-000d-nguoi-3,6,Salad cải mầm bò | Gà chiên nước mắm | Cá ngừ đại dương lúc lắc | Bắp bò ngâm nước mắm | Mực 1 nắng chiên nước mắm | Lẩu riêu cua sườn sun,1,slot_price_tier_resampling,2,2 | 4
AUG0741,SM250_01,Augmented from Set menu 250.000đ /người (1),250000,standard,https://comnieuvietnam.vn/products/set-menu-250-000d-nguoi-1,6,Gỏi bò đồng quê | Gà hấp mắm nhĩ | Cá ngừ đại dương lúc lắc | Cá dứa kho tộ | Tôm rang muối | Canh chua cá bóp,1,slot_price_tier_resampling,2,1 | 3
AUG0742,SM250_02,Augmented from Set menu 250.000đ /người (2),250000,standard,https://comnieuvietnam.vn/products/set-menu-250-000d-nguoi-2,6,Đậu que xào bò | Gà hấp cải xanh | Giò heo nấu giả cầy | Cá thu sốt cà chua | Tôm cháy tỏi | Lẩu vịt om sấu,1,slot_price_tier_resampling,2,2 | 6
AUG0743,SM250_03,Augmented from Set menu 250.000đ /người (3),250000,standard,https://comnieuvietnam.vn/products/set-menu-250-000d-nguoi-3,6,Rau rừng gia lai xào bò | Gà kho sả ớt | Thịt rang cháy cạnh | Bắp bò ngâm nước mắm | Mực 1 nắng chiên nước mắm | Canh hến (dắt) mồng tơi,1,slot_price_tier_resampling,2,4 | 5
AUG0744,SM200_03,Augmented from Set menu 200.000đ /người (3),200000,budget,https://comnieuvietnam.vn/products/set-menu-200-000d-nguoi-3,6,Rau luộc thập cẩm kho quẹt | Vịt kho gừng | Cá bống kho tộ | Thịt kho củ cải trắng | Tôm rang muối | Canh cá nấu riêu,1,slot_price_tier_resampling,3,2 | 3 | 5
AUG0745,SM250_01,Augmented from Set menu 250.000đ /người (1),250000,standard,https://comnieuvietnam.vn/products/set-menu-250-000d-nguoi-1,6,Rau rừng gia lai xào bò | Gà hấp mắm nhĩ | Bò sốt nấm | Cá dứa kho tộ | Tôm rang muối | Canh chua cá bóp,1,slot_price_tier_resampling,1,1
AUG0746,SM250_03,Augmented from Set menu 250.000đ /người (3),250000,standard,https://comnieuvietnam.vn/products/set-menu-250-000d-nguoi-3,6,Đậu que xào bò | Gà hấp mắm nhĩ | Thịt rang cháy cạnh | Cá chim hấp hong kong | Tôm chiên nước mắm | Canh hến (dắt) mồng tơi,1,slot_price_tier_resampling,2,1 | 2
AUG0747,SM300_01,Augmented from Set menu 300.000đ /người (1),300000,standard,https://comnieuvietnam.vn/products/set-menu-300-000d-nguoi-1,6,Gỏi bò đồng quê | Gà kho sả ớt | Cá bống mú chưng tương | Bắp bò ngâm nước mắm | Tôm càng xanh rang muối | Lẩu vịt om sấu,1,slot_price_tier_resampling,3,2 | 4 | 5
AUG0748,SM250_01,Augmented from Set menu 250.000đ /người (1),250000,standard,https://comnieuvietnam.vn/products/set-menu-250-000d-nguoi-1,6,Rau rừng gia lai xào bò | Gà hấp mắm nhĩ | Cá ngừ đại dương lúc lắc | Cá dứa kho tộ | Tôm rang muối | Canh chua cá bóp,1,slot_price_tier_resampling,2,1 | 3
AUG0749,SM250_02,Augmented from Set menu 250.000đ /người (2),250000,standard,https://comnieuvietnam.vn/products/set-menu-250-000d-nguoi-2,6,Đậu que xào bò | Gà chiên nước mắm | Cá kho làng vũ đại | Cá thu sốt cà chua | Tôm cháy tỏi | Canh chua cá dứa,1,slot_price_tier_resampling,1,3
AUG0750,SM250_03,Augmented from Set menu 250.000đ /người (3),250000,standard,https://comnieuvietnam.vn/products/set-menu-250-000d-nguoi-3,6,Rau rừng gia lai xào bò | Gà hấp mía | Thịt rang cháy cạnh | Cá chim hấp hong kong | Tôm cháy tỏi | Lẩu ngót cá chim,1,slot_price_tier_resampling,3,2 | 5 | 6
AUG0751,SM300_01,Augmented from Set menu 300.000đ /người (1),300000,standard,https://comnieuvietnam.vn/products/set-menu-300-000d-nguoi-1,6,Rau rừng gia lai xào bò | Gà hấp cải xanh | Cá bống mú chưng tương | Bò sốt tiêu đen | Tôm chiên nước mắm | Lẩu ngót cá chim,1,slot_price_tier_resampling,3,1 | 5 | 6
AUG0752,SM300_02,Augmented from Set menu 300.000đ /người (2),300000,standard,https://comnieuvietnam.vn/products/set-menu-300-000d-nguoi-2,6,Gỏi thái hải sản | Gà hấp mắm nhĩ | Bò sốt nấm | Bắp bò ngâm nước mắm | Tôm rang muối | Canh chua cá bóp,1,slot_price_tier_resampling,3,3 | 5 | 6
AUG0753,SM200_01,Augmented from Set menu 200.000đ /người (1),200000,budget,https://comnieuvietnam.vn/products/set-menu-200-000d-nguoi-1,6,Đậu que xào lòng gà | Vịt kho gừng | Cá bống kho tộ | Tôm rim thịt | Tôm rang muối | Canh cua cà pháo,1,slot_price_tier_resampling,3,1 | 2 | 5
AUG0754,SM200_03,Augmented from Set menu 200.000đ /người (3),200000,budget,https://comnieuvietnam.vn/products/set-menu-200-000d-nguoi-3,6,Rau luộc thập cẩm kho quẹt | Gà rang gừng | Tôm cháy tỏi | Thịt kho củ cải trắng | Cá ngừ đại dương sốt cà | Canh cua cà pháo,1,slot_price_tier_resampling,2,2 | 6
AUG0755,SM250_01,Augmented from Set menu 250.000đ /người (1),250000,standard,https://comnieuvietnam.vn/products/set-menu-250-000d-nguoi-1,6,Gỏi bò đồng quê | Gà hấp mía | Bò sốt nấm | Cá dứa kho tộ | Mực 1 nắng chiên nước mắm | Canh chua cá bóp,1,slot_price_tier_resampling,3,1 | 2 | 5
AUG0756,SM300_02,Augmented from Set menu 300.000đ /người (2),300000,standard,https://comnieuvietnam.vn/products/set-menu-300-000d-nguoi-2,6,Gỏi thái hải sản | Gà hấp mắm nhĩ | Cá kho làng vũ đại | Cá dứa kho tộ | Tôm chiên nước mắm | Lẩu ngót cá chim,1,slot_price_tier_resampling,2,4 | 5
AUG0757,SM350_02,Augmented from Set menu 350.000đ /người (2),350000,premium,https://comnieuvietnam.vn/products/set-menu-350-000d-nguoi-3,6,Gỏi tiến vua tôm thịt | Gà hấp mắm nhĩ | Cá kho làng vũ đại | Gà sốt nấm đông cô | Nem ghẹ phú quốc | Lẩu cua nấu bầu,1,slot_price_tier_resampling,3,1 | 2 | 6
AUG0758,SM200_02,Augmented from Set menu 200.000đ /người (2),200000,budget,https://comnieuvietnam.vn/products/set-menu-200-000d-nguoi-2,6,Đậu que xào lòng gà | Gà chiên nước mắm | Cá ngừ đại dương kho thơm | Thịt kho trứng | Cá ngừ đại dương sốt cà | Canh thát lát khổ qua,1,slot_price_tier_resampling,2,2 | 5
AUG0759,SM250_01,Augmented from Set menu 250.000đ /người (1),250000,standard,https://comnieuvietnam.vn/products/set-menu-250-000d-nguoi-1,6,Gân bò xào cải chua | Gà hấp mía | Bò sốt nấm | Bò sốt tiêu đen | Tôm rang muối | Canh chua cá bóp,1,slot_price_tier_resampling,2,2 | 4
AUG0760,SM250_02,Augmented from Set menu 250.000đ /người (2),250000,standard,https://comnieuvietnam.vn/products/set-menu-250-000d-nguoi-2,6,Gỏi thái hải sản | Gà chiên nước mắm | Thịt rang cháy cạnh | Cá thu sốt cà chua | Tôm chiên nước mắm | Canh chua cá dứa,1,slot_price_tier_resampling,3,1 | 3 | 5
AUG0761,SM300_02,Augmented from Set menu 300.000đ /người (2),300000,standard,https://comnieuvietnam.vn/products/set-menu-300-000d-nguoi-2,6,Đậu que xào bò | Gà hấp mắm nhĩ | Giò heo nấu giả cầy | Bò sốt tiêu đen | Tôm càng xanh rang muối | Lẩu ngót cá chim,1,slot_price_tier_resampling,3,1 | 3 | 4
AUG0762,SM200_01,Augmented from Set menu 200.000đ /người (1),200000,budget,https://comnieuvietnam.vn/products/set-menu-200-000d-nguoi-1,6,Cải thìa xào dầu hào | Vịt kho gừng | Cá bống kho tộ | Tôm rim thịt | Mực chiên nước mắm | Canh cá nấu riêu,1,slot_price_tier_resampling,2,2 | 6
AUG0763,SM250_02,Augmented from Set menu 250.000đ /người (2),250000,standard,https://comnieuvietnam.vn/products/set-menu-250-000d-nguoi-2,6,Đậu que xào bò | Gà chiên nước mắm | Giò heo nấu giả cầy | Cá thu sốt cà chua | Tôm cháy tỏi | Lẩu riêu cua sườn sun,1,slot_price_tier_resampling,1,6
AUG0764,SM250_03,Augmented from Set menu 250.000đ /người (3),250000,standard,https://comnieuvietnam.vn/products/set-menu-250-000d-nguoi-3,6,Rau rừng gia lai xào bò | Gà hấp cải xanh | Thịt rang cháy cạnh | Cá chim hấp hong kong | Mực 1 nắng chiên nước mắm | Lẩu ngót cá chim,1,slot_price_tier_resampling,3,2 | 5 | 6
AUG0765,SM300_01,Augmented from Set menu 300.000đ /người (1),300000,standard,https://comnieuvietnam.vn/products/set-menu-300-000d-nguoi-1,6,Gỏi bò đồng quê | Gà hấp cải xanh | Cá bống mú chưng tương | Bò sốt tiêu đen | Tôm chiên nước mắm | Canh chua cá bóp,1,slot_price_tier_resampling,2,5 | 6
AUG0766,SM300_03,Augmented from Set menu 300.000đ /người (3),300000,standard,https://comnieuvietnam.vn/products/set-menu-300-000d-nguoi-3,6,Gân bò xào cải chua | Gà hấp mía | Giò heo nấu giả cầy | Tôm càng hấp bia | Mực 1 nắng chiên nước mắm | Lẩu ngót cá chim,1,slot_price_tier_resampling,3,1 | 3 | 6
AUG0767,SM200_01,Augmented from Set menu 200.000đ /người (1),200000,budget,https://comnieuvietnam.vn/products/set-menu-200-000d-nguoi-1,6,Cải thìa xào dầu hào | Gà rang gừng | Cá ngừ đại dương kho thơm | Thịt kho trứng | Cá ngừ đại dương sốt cà | Canh cua cà pháo,1,slot_price_tier_resampling,3,3 | 4 | 5
AUG0768,SM200_02,Augmented from Set menu 200.000đ /người (2),200000,budget,https://comnieuvietnam.vn/products/set-menu-200-000d-nguoi-2,6,Đậu que xào lòng gà | Gà rang gừng | Cá ngừ đại dương kho thơm | Tôm rim thịt | Tôm rang muối | Canh thát lát khổ qua,1,slot_price_tier_resampling,2,2 | 4
AUG0769,SM250_01,Augmented from Set menu 250.000đ /người (1),250000,standard,https://comnieuvietnam.vn/products/set-menu-250-000d-nguoi-1,6,Rau rừng gia lai xào bò | Gà hấp mắm nhĩ | Giò heo nấu giả cầy | Tôm càng hấp bia | Tôm rang muối | Canh chua cá bóp,1,slot_price_tier_resampling,3,1 | 3 | 4
AUG0770,SM250_02,Augmented from Set menu 250.000đ /người (2),250000,standard,https://comnieuvietnam.vn/products/set-menu-250-000d-nguoi-2,6,Gỏi bò đồng quê | Gà chiên nước mắm | Giò heo nấu giả cầy | Cá thu sốt cà chua | Mực 1 nắng chiên nước mắm | Canh chua cá dứa,1,slot_price_tier_resampling,2,1 | 5
AUG0771,SM250_03,Augmented from Set menu 250.000đ /người (3),250000,standard,https://comnieuvietnam.vn/products/set-menu-250-000d-nguoi-3,6,Gân bò xào cải chua | Gà kho sả ớt | Giò heo nấu giả cầy | Tôm càng hấp bia | Tôm chiên nước mắm | Canh hến (dắt) mồng tơi,1,slot_price_tier_resampling,3,1 | 3 | 4
AUG0772,SM300_01,Augmented from Set menu 300.000đ /người (1),300000,standard,https://comnieuvietnam.vn/products/set-menu-300-000d-nguoi-1,6,Gỏi bò đồng quê | Gà hấp cải xanh | Cá kho làng vũ đại | Cá thu sốt cà chua | Tôm càng cháy bơ tỏi | Lẩu vịt om sấu,1,slot_price_tier_resampling,2,3 | 4
AUG0773,SM300_02,Augmented from Set menu 300.000đ /người (2),300000,standard,https://comnieuvietnam.vn/products/set-menu-300-000d-nguoi-2,6,Gỏi bò đồng quê | Gà hấp mắm nhĩ | Cá kho làng vũ đại | Bắp bò ngâm nước mắm | Tôm rang muối | Canh hến (dắt) mồng tơi,1,slot_price_tier_resampling,3,1 | 5 | 6
AUG0774,SM250_01,Augmented from Set menu 250.000đ /người (1),250000,standard,https://comnieuvietnam.vn/products/set-menu-250-000d-nguoi-1,6,Gỏi bò đồng quê | Gà hấp mắm nhĩ | Cá bống mú chưng tương | Cá dứa kho tộ | Tôm rang muối | Lẩu vịt om sấu,1,slot_price_tier_resampling,3,1 | 3 | 6
AUG0775,SM250_03,Augmented from Set menu 250.000đ /người (3),250000,standard,https://comnieuvietnam.vn/products/set-menu-250-000d-nguoi-3,6,Rau rừng gia lai xào bò | Gà kho sả ớt | Thịt rang cháy cạnh | Cá thu sốt cà chua | Tôm chiên nước mắm | Lẩu ngót cá chim,1,slot_price_tier_resampling,2,4 | 6
AUG0776,SM300_02,Augmented from Set menu 300.000đ /người (2),300000,standard,https://comnieuvietnam.vn/products/set-menu-300-000d-nguoi-2,6,Gỏi thái hải sản | Gà kho sả ớt | Cá kho làng vũ đại | Bắp bò ngâm nước mắm | Tôm càng xanh rang muối | Lẩu vịt om sấu,1,slot_price_tier_resampling,2,2 | 6
AUG0777,SM200_01,Augmented from Set menu 200.000đ /người (1),200000,budget,https://comnieuvietnam.vn/products/set-menu-200-000d-nguoi-1,6,Cải thìa xào dầu hào | Gà rang gừng | Cá bống kho tộ | Thịt kho củ cải trắng | Mực chiên nước mắm | Canh cá nấu riêu,1,slot_price_tier_resampling,2,4 | 6
AUG0778,SM250_01,Augmented from Set menu 250.000đ /người (1),250000,standard,https://comnieuvietnam.vn/products/set-menu-250-000d-nguoi-1,6,Gân bò xào cải chua | Gà hấp mắm nhĩ | Bò sốt nấm | Cá dứa kho tộ | Tôm chiên nước mắm | Canh chua cá dứa,1,slot_price_tier_resampling,2,5 | 6
AUG0779,SM250_02,Augmented from Set menu 250.000đ /người (2),250000,standard,https://comnieuvietnam.vn/products/set-menu-250-000d-nguoi-2,6,Đậu que xào bò | Gà chiên nước mắm | Bò sốt nấm | Bắp bò ngâm nước mắm | Tôm cháy tỏi | Canh chua cá dứa,1,slot_price_tier_resampling,2,3 | 4
AUG0780,SM250_03,Augmented from Set menu 250.000đ /người (3),250000,standard,https://comnieuvietnam.vn/products/set-menu-250-000d-nguoi-3,6,Gỏi thái hải sản | Gà kho sả ớt | Thịt rang cháy cạnh | Tôm càng hấp bia | Tôm chiên nước mắm | Lẩu vịt om sấu,1,slot_price_tier_resampling,3,1 | 4 | 6
AUG0781,SM300_01,Augmented from Set menu 300.000đ /người (1),300000,standard,https://comnieuvietnam.vn/products/set-menu-300-000d-nguoi-1,6,Đậu que xào bò | Gà hấp cải xanh | Thịt rang cháy cạnh | Bắp bò ngâm nước mắm | Tôm càng cháy bơ tỏi | Lẩu vịt om sấu,1,slot_price_tier_resampling,3,1 | 3 | 4
AUG0782,SM300_03,Augmented from Set menu 300.000đ /người (3),300000,standard,https://comnieuvietnam.vn/products/set-menu-300-000d-nguoi-3,6,Salad cải mầm bò | Gà chiên nước mắm | Cá kho làng vũ đại | Tôm càng hấp bia | Mực 1 nắng chiên nước mắm | Canh chua cá bóp,1,slot_price_tier_resampling,3,2 | 3 | 6
AUG0783,SM200_02,Augmented from Set menu 200.000đ /người (2),200000,budget,https://comnieuvietnam.vn/products/set-menu-200-000d-nguoi-2,6,Rau luộc thập cẩm kho quẹt | Gà chiên nước mắm | Cá ngừ đại dương kho thơm | Thịt kho trứng | Tôm rang muối | Canh thát lát khổ qua,1,slot_price_tier_resampling,2,1 | 2
AUG0784,SM250_01,Augmented from Set menu 250.000đ /người (1),250000,standard,https://comnieuvietnam.vn/products/set-menu-250-000d-nguoi-1,6,Gân bò xào cải chua | Gà kho sả ớt | Thịt rang cháy cạnh | Cá dứa kho tộ | Tôm rang muối | Canh chua cá bóp,1,slot_price_tier_resampling,2,2 | 3
AUG0785,SM250_02,Augmented from Set menu 250.000đ /người (2),250000,standard,https://comnieuvietnam.vn/products/set-menu-250-000d-nguoi-2,6,Gỏi bò đồng quê | Gà chiên nước mắm | Giò heo nấu giả cầy | Cá thu sốt cà chua | Tôm càng xanh rang muối | Canh chua cá dứa,1,slot_price_tier_resampling,2,1 | 5
AUG0786,SM250_03,Augmented from Set menu 250.000đ /người (3),250000,standard,https://comnieuvietnam.vn/products/set-menu-250-000d-nguoi-3,6,Rau rừng gia lai xào bò | Gà kho sả ớt | Cá kho làng vũ đại | Bắp bò ngâm nước mắm | Tôm chiên nước mắm | Canh hến (dắt) mồng tơi,1,slot_price_tier_resampling,2,3 | 4
AUG0787,SM300_01,Augmented from Set menu 300.000đ /người (1),300000,standard,https://comnieuvietnam.vn/products/set-menu-300-000d-nguoi-1,6,Gỏi bò đồng quê | Gà hấp cải xanh | Cá bống mú chưng tương | Tôm càng hấp bia | Tôm càng cháy bơ tỏi | Lẩu riêu cua sườn sun,1,slot_price_tier_resampling,2,4 | 6
AUG0788,SM200_01,Augmented from Set menu 200.000đ /người (1),200000,budget,https://comnieuvietnam.vn/products/set-menu-200-000d-nguoi-1,6,Đậu que xào lòng gà | Gà rang gừng | Cá bống kho tộ | Thịt kho trứng | Tôm rang muối | Canh cua cà pháo,1,slot_price_tier_resampling,3,1 | 4 | 5
AUG0789,SM200_02,Augmented from Set menu 200.000đ /người (2),200000,budget,https://comnieuvietnam.vn/products/set-menu-200-000d-nguoi-2,6,Đậu que xào lòng gà | Gà chiên nước mắm | Cá ngừ đại dương kho thơm | Tôm rim thịt | Mực chiên nước mắm | Canh thát lát khổ qua,1,slot_price_tier_resampling,3,2 | 4 | 5
AUG0790,SM200_03,Augmented from Set menu 200.000đ /người (3),200000,budget,https://comnieuvietnam.vn/products/set-menu-200-000d-nguoi-3,6,Rau luộc thập cẩm kho quẹt | Gà chiên nước mắm | Cá ngừ đại dương kho thơm | Thịt kho củ cải trắng | Tôm rang muối | Canh cá nấu riêu,1,slot_price_tier_resampling,2,3 | 5
AUG0791,SM250_01,Augmented from Set menu 250.000đ /người (1),250000,standard,https://comnieuvietnam.vn/products/set-menu-250-000d-nguoi-1,6,Đậu que xào bò | Gà hấp mắm nhĩ | Bò sốt nấm | Tôm càng hấp bia | Tôm rang muối | Canh chua cá bóp,1,slot_price_tier_resampling,2,1 | 4
AUG0792,SM250_02,Augmented from Set menu 250.000đ /người (2),250000,standard,https://comnieuvietnam.vn/products/set-menu-250-000d-nguoi-2,6,Đậu que xào bò | Gà hấp cải xanh | Giò heo nấu giả cầy | Bắp bò ngâm nước mắm | Tôm cháy tỏi | Canh chua cá dứa,1,slot_price_tier_resampling,2,2 | 4
AUG0793,SM300_03,Augmented from Set menu 300.000đ /người (3),300000,standard,https://comnieuvietnam.vn/products/set-menu-300-000d-nguoi-3,6,Salad cải mầm bò | Gà hấp mía | Cá bống mú chưng tương | Tôm càng hấp bia | Mực 1 nắng chiên nước mắm | Canh chua cá bóp,1,slot_price_tier_resampling,2,3 | 6
AUG0794,SM200_01,Augmented from Set menu 200.000đ /người (1),200000,budget,https://comnieuvietnam.vn/products/set-menu-200-000d-nguoi-1,6,Cải thìa xào dầu hào | Gà chiên nước mắm | Cá ngừ đại dương kho thơm | Tôm rim thịt | Mực chiên nước mắm | Canh cua cà pháo,1,slot_price_tier_resampling,2,2 | 3
AUG0795,SM250_01,Augmented from Set menu 250.000đ /người (1),250000,standard,https://comnieuvietnam.vn/products/set-menu-250-000d-nguoi-1,6,Gân bò xào cải chua | Gà hấp cải xanh | Bò sốt nấm | Cá dứa kho tộ | Tôm càng xanh rang muối | Lẩu vịt om sấu,1,slot_price_tier_resampling,3,2 | 5 | 6
AUG0796,SM300_01,Augmented from Set menu 300.000đ /người (1),300000,standard,https://comnieuvietnam.vn/products/set-menu-300-000d-nguoi-1,6,Gỏi bò đồng quê | Gà hấp mía | Cá bống mú chưng tương | Bò sốt tiêu đen | Tôm càng cháy bơ tỏi | Lẩu vịt om sấu,1,slot_price_tier_resampling,1,2
AUG0797,SM300_02,Augmented from Set menu 300.000đ /người (2),300000,standard,https://comnieuvietnam.vn/products/set-menu-300-000d-nguoi-2,6,Gân bò xào cải chua | Gà hấp mắm nhĩ | Cá kho làng vũ đại | Bắp bò ngâm nước mắm | Tôm càng xanh rang muối | Lẩu ngót cá chim,1,slot_price_tier_resampling,1,1
AUG0798,SM200_01,Augmented from Set menu 200.000đ /người (1),200000,budget,https://comnieuvietnam.vn/products/set-menu-200-000d-nguoi-1,6,Rau luộc thập cẩm kho quẹt | Gà chiên nước mắm | Cá bống kho tộ | Tôm rim thịt | Cá ngừ đại dương sốt cà | Canh cua cà pháo,1,slot_price_tier_resampling,3,1 | 2 | 5
AUG0799,SM200_02,Augmented from Set menu 200.000đ /người (2),200000,budget,https://comnieuvietnam.vn/products/set-menu-200-000d-nguoi-2,6,Rau luộc thập cẩm kho quẹt | Gà rang gừng | Cá ngừ đại dương kho thơm | Thịt kho củ cải trắng | Tôm rang muối | Canh thát lát khổ qua,1,slot_price_tier_resampling,3,1 | 2 | 4
AUG0800,SM250_01,Augmented from Set menu 250.000đ /người (1),250000,standard,https://comnieuvietnam.vn/products/set-menu-250-000d-nguoi-1,6,Gân bò xào cải chua | Gà chiên nước mắm | Bò sốt nấm | Bò sốt tiêu đen | Tôm rang muối | Lẩu vịt om sấu,1,slot_price_tier_resampling,3,2 | 4 | 6
AUG0801,SM250_02,Augmented from Set menu 250.000đ /người (2),250000,standard,https://comnieuvietnam.vn/products/set-menu-250-000d-nguoi-2,6,Đậu que xào bò | Gà hấp mía | Giò heo nấu giả cầy | Tôm càng hấp bia | Tôm cháy tỏi | Canh chua cá dứa,1,slot_price_tier_resampling,2,2 | 4
AUG0802,SM250_03,Augmented from Set menu 250.000đ /người (3),250000,standard,https://comnieuvietnam.vn/products/set-menu-250-000d-nguoi-3,6,Rau rừng gia lai xào bò | Gà kho sả ớt | Thịt rang cháy cạnh | Bắp bò ngâm nước mắm | Tôm càng cháy bơ tỏi | Canh hến (dắt) mồng tơi,1,slot_price_tier_resampling,2,4 | 5
AUG0803,SM300_01,Augmented from Set menu 300.000đ /người (1),300000,standard,https://comnieuvietnam.vn/products/set-menu-300-000d-nguoi-1,6,Gỏi thái hải sản | Gà hấp cải xanh | Thịt rang cháy cạnh | Bò sốt tiêu đen | Tôm càng cháy bơ tỏi | Lẩu vịt om sấu,1,slot_price_tier_resampling,2,1 | 3
AUG0804,SM300_02,Augmented from Set menu 300.000đ /người (2),300000,standard,https://comnieuvietnam.vn/products/set-menu-300-000d-nguoi-2,6,Gỏi bò đồng quê | Gà hấp mắm nhĩ | Cá ngừ đại dương lúc lắc | Bắp bò ngâm nước mắm | Tôm càng xanh rang muối | Lẩu ngót cá chim,1,slot_price_tier_resampling,2,1 | 3
AUG0805,SM300_03,Augmented from Set menu 300.000đ /người (3),300000,standard,https://comnieuvietnam.vn/products/set-menu-300-000d-nguoi-3,6,Salad cải mầm bò | Gà kho sả ớt | Cá ngừ đại dương lúc lắc | Tôm càng hấp bia | Tôm cháy tỏi | Lẩu riêu cua sườn sun,1,slot_price_tier_resampling,2,2 | 5
AUG0806,SM200_03,Augmented from Set menu 200.000đ /người (3),200000,budget,https://comnieuvietnam.vn/products/set-menu-200-000d-nguoi-3,6,Đậu que xào lòng gà | Gà chiên nước mắm | Tôm cháy tỏi | Thịt kho củ cải trắng | Mực chiên nước mắm | Canh cá nấu riêu,1,slot_price_tier_resampling,2,1 | 5
AUG0807,SM300_01,Augmented from Set menu 300.000đ /người (1),300000,standard,https://comnieuvietnam.vn/products/set-menu-300-000d-nguoi-1,6,Rau rừng gia lai xào bò | Gà hấp cải xanh | Giò heo nấu giả cầy | Bò sốt tiêu đen | Tôm càng cháy bơ tỏi | Lẩu vịt om sấu,1,slot_price_tier_resampling,2,1 | 3
AUG0808,SM300_02,Augmented from Set menu 300.000đ /người (2),300000,standard,https://comnieuvietnam.vn/products/set-menu-300-000d-nguoi-2,6,Gỏi thái hải sản | Gà hấp mía | Cá kho làng vũ đại | Tôm càng hấp bia | Tôm càng xanh rang muối | Lẩu ngót cá chim,1,slot_price_tier_resampling,2,2 | 4
AUG0809,SM300_03,Augmented from Set menu 300.000đ /người (3),300000,standard,https://comnieuvietnam.vn/products/set-menu-300-000d-nguoi-3,6,Salad cải mầm bò | Gà hấp mía | Thịt rang cháy cạnh | Tôm càng hấp bia | Mực 1 nắng chiên nước mắm | Lẩu vịt om sấu,1,slot_price_tier_resampling,2,3 | 6
AUG0810,SM200_02,Augmented from Set menu 200.000đ /người (2),200000,budget,https://comnieuvietnam.vn/products/set-menu-200-000d-nguoi-2,6,Rau luộc thập cẩm kho quẹt | Gà chiên nước mắm | Cá bống kho tộ | Thịt kho trứng | Tôm rang muối | Canh thát lát khổ qua,1,slot_price_tier_resampling,3,1 | 2 | 3
AUG0811,SM250_01,Augmented from Set menu 250.000đ /người (1),250000,standard,https://comnieuvietnam.vn/products/set-menu-250-000d-nguoi-1,6,Gân bò xào cải chua | Gà chiên nước mắm | Bò sốt nấm | Tôm càng hấp bia | Tôm chiên nước mắm | Canh chua cá bóp,1,slot_price_tier_resampling,3,2 | 4 | 5
AUG0812,SM250_02,Augmented from Set menu 250.000đ /người (2),250000,standard,https://comnieuvietnam.vn/products/set-menu-250-000d-nguoi-2,6,Đậu que xào bò | Gà hấp mắm nhĩ | Giò heo nấu giả cầy | Cá thu sốt cà chua | Tôm cháy tỏi | Lẩu vịt om sấu,1,slot_price_tier_resampling,2,2 | 6
AUG0813,SM250_03,Augmented from Set menu 250.000đ /người (3),250000,standard,https://comnieuvietnam.vn/products/set-menu-250-000d-nguoi-3,6,Đậu que xào bò | Gà kho sả ớt | Thịt rang cháy cạnh | Cá chim hấp hong kong | Tôm chiên nước mắm | Canh hến (dắt) mồng tơi,1,slot_price_tier_resampling,1,1
AUG0814,SM300_01,Augmented from Set menu 300.000đ /người (1),300000,standard,https://comnieuvietnam.vn/products/set-menu-300-000d-nguoi-1,6,Gân bò xào cải chua | Gà hấp cải xanh | Cá bống mú chưng tương | Bò sốt tiêu đen | Tôm càng cháy bơ tỏi | Canh hến (dắt) mồng tơi,1,slot_price_tier_resampling,2,1 | 6
AUG0815,SM300_02,Augmented from Set menu 300.000đ /người (2),300000,standard,https://comnieuvietnam.vn/products/set-menu-300-000d-nguoi-2,6,Gỏi thái hải sản | Gà hấp mía | Thịt rang cháy cạnh | Tôm càng hấp bia | Tôm càng xanh rang muối | Lẩu ngót cá chim,1,slot_price_tier_resampling,3,2 | 3 | 4
AUG0816,SM300_03,Augmented from Set menu 300.000đ /người (3),300000,standard,https://comnieuvietnam.vn/products/set-menu-300-000d-nguoi-3,6,Gỏi thái hải sản | Gà hấp mía | Cá ngừ đại dương lúc lắc | Tôm càng hấp bia | Mực 1 nắng chiên nước mắm | Lẩu ngót cá chim,1,slot_price_tier_resampling,2,1 | 6
AUG0817,SM250_02,Augmented from Set menu 250.000đ /người (2),250000,standard,https://comnieuvietnam.vn/products/set-menu-250-000d-nguoi-2,6,Đậu que xào bò | Gà chiên nước mắm | Giò heo nấu giả cầy | Cá chim hấp hong kong | Tôm chiên nước mắm | Canh chua cá bóp,1,slot_price_tier_resampling,3,4 | 5 | 6
AUG0818,SM300_01,Augmented from Set menu 300.000đ /người (1),300000,standard,https://comnieuvietnam.vn/products/set-menu-300-000d-nguoi-1,6,Gỏi bò đồng quê | Gà hấp cải xanh | Cá bống mú chưng tương | Cá dứa kho tộ | Tôm càng cháy bơ tỏi | Lẩu vịt om sấu,1,slot_price_tier_resampling,1,4
AUG0819,SM300_02,Augmented from Set menu 300.000đ /người (2),300000,standard,https://comnieuvietnam.vn/products/set-menu-300-000d-nguoi-2,6,Gỏi thái hải sản | Gà hấp mắm nhĩ | Cá kho làng vũ đại | Bò sốt tiêu đen | Tôm rang muối | Lẩu ngót cá chim,1,slot_price_tier_resampling,2,4 | 5
AUG0820,SM200_01,Augmented from Set menu 200.000đ /người (1),200000,budget,https://comnieuvietnam.vn/products/set-menu-200-000d-nguoi-1,6,Cải thìa xào dầu hào | Gà chiên nước mắm | Cá bống kho tộ | Tôm rim thịt | Cá ngừ đại dương sốt cà | Canh cua cà pháo,1,slot_price_tier_resampling,2,2 | 5
AUG0821,SM200_02,Augmented from Set menu 200.000đ /người (2),200000,budget,https://comnieuvietnam.vn/products/set-menu-200-000d-nguoi-2,6,Cải thìa xào dầu hào | Gà chiên nước mắm | Cá ngừ đại dương kho thơm | Thịt kho trứng | Cá ngừ đại dương sốt cà | Canh thát lát khổ qua,1,slot_price_tier_resampling,3,1 | 2 | 5
AUG0822,SM250_02,Augmented from Set menu 250.000đ /người (2),250000,standard,https://comnieuvietnam.vn/products/set-menu-250-000d-nguoi-2,6,Đậu que xào bò | Gà hấp mắm nhĩ | Giò heo nấu giả cầy | Cá thu sốt cà chua | Tôm cháy tỏi | Canh chua cá bóp,1,slot_price_tier_resampling,2,2 | 6
AUG0823,SM250_03,Augmented from Set menu 250.000đ /người (3),250000,standard,https://comnieuvietnam.vn/products/set-menu-250-000d-nguoi-3,6,Rau rừng gia lai xào bò | Gà kho sả ớt | Thịt rang cháy cạnh | Cá thu sốt cà chua | Tôm rang muối | Canh hến (dắt) mồng tơi,1,slot_price_tier_resampling,2,4 | 5
AUG0824,SM300_02,Augmented from Set menu 300.000đ /người (2),300000,standard,https://comnieuvietnam.vn/products/set-menu-300-000d-nguoi-2,6,Gân bò xào cải chua | Gà hấp mắm nhĩ | Cá kho làng vũ đại | Bắp bò ngâm nước mắm | Tôm càng xanh rang muối | Lẩu riêu cua sườn sun,1,slot_price_tier_resampling,2,1 | 6
AUG0825,SM200_02,Augmented from Set menu 200.000đ /người (2),200000,budget,https://comnieuvietnam.vn/products/set-menu-200-000d-nguoi-2,6,Rau luộc thập cẩm kho quẹt | Gà rang gừng | Cá ngừ đại dương kho thơm | Thịt kho trứng | Tôm rang muối | Canh cá nấu riêu,1,slot_price_tier_resampling,3,1 | 2 | 6
AUG0826,SM250_01,Augmented from Set menu 250.000đ /người (1),250000,standard,https://comnieuvietnam.vn/products/set-menu-250-000d-nguoi-1,6,Đậu que xào bò | Gà hấp mắm nhĩ | Bò sốt nấm | Cá dứa kho tộ | Tôm rang muối | Canh chua cá dứa,1,slot_price_tier_resampling,2,1 | 6
AUG0827,SM250_02,Augmented from Set menu 250.000đ /người (2),250000,standard,https://comnieuvietnam.vn/products/set-menu-250-000d-nguoi-2,6,Đậu que xào bò | Gà chiên nước mắm | Giò heo nấu giả cầy | Cá dứa kho tộ | Tôm cháy tỏi | Lẩu ngót cá chim,1,slot_price_tier_resampling,2,4 | 6
AUG0828,SM300_02,Augmented from Set menu 300.000đ /người (2),300000,standard,https://comnieuvietnam.vn/products/set-menu-300-000d-nguoi-2,6,Gỏi thái hải sản | Gà hấp cải xanh | Cá kho làng vũ đại | Cá thu sốt cà chua | Tôm càng xanh rang muối | Lẩu ngót cá chim,1,slot_price_tier_resampling,2,2 | 4
AUG0829,SM300_03,Augmented from Set menu 300.000đ /người (3),300000,standard,https://comnieuvietnam.vn/products/set-menu-300-000d-nguoi-3,6,Gỏi thái hải sản | Gà hấp mía | Cá ngừ đại dương lúc lắc | Tôm càng hấp bia | Mực 1 nắng chiên nước mắm | Lẩu riêu cua sườn sun,1,slot_price_tier_resampling,1,1
AUG0830,SM200_03,Augmented from Set menu 200.000đ /người (3),200000,budget,https://comnieuvietnam.vn/products/set-menu-200-000d-nguoi-3,6,Rau luộc thập cẩm kho quẹt | Vịt kho gừng | Cá ngừ đại dương kho thơm | Tôm rim thịt | Cá ngừ đại dương sốt cà | Canh cá nấu riêu,1,slot_price_tier_resampling,3,2 | 3 | 4
AUG0831,SM250_01,Augmented from Set menu 250.000đ /người (1),250000,standard,https://comnieuvietnam.vn/products/set-menu-250-000d-nguoi-1,6,Rau rừng gia lai xào bò | Gà hấp mắm nhĩ | Bò sốt nấm | Cá dứa kho tộ | Tôm rang muối | Lẩu ngót cá chim,1,slot_price_tier_resampling,2,1 | 6
AUG0832,SM250_03,Augmented from Set menu 250.000đ /người (3),250000,standard,https://comnieuvietnam.vn/products/set-menu-250-000d-nguoi-3,6,Rau rừng gia lai xào bò | Gà kho sả ớt | Cá kho làng vũ đại | Cá chim hấp hong kong | Tôm càng xanh rang muối | Canh hến (dắt) mồng tơi,1,slot_price_tier_resampling,2,3 | 5
AUG0833,SM300_01,Augmented from Set menu 300.000đ /người (1),300000,standard,https://comnieuvietnam.vn/products/set-menu-300-000d-nguoi-1,6,Gỏi bò đồng quê | Gà hấp cải xanh | Cá bống mú chưng tương | Cá thu sốt cà chua | Tôm càng cháy bơ tỏi | Canh chua cá bóp,1,slot_price_tier_resampling,2,4 | 6
AUG0834,SM300_02,Augmented from Set menu 300.000đ /người (2),300000,standard,https://comnieuvietnam.vn/products/set-menu-300-000d-nguoi-2,6,Gỏi thái hải sản | Gà hấp mắm nhĩ | Cá kho làng vũ đại | Bắp bò ngâm nước mắm | Tôm càng cháy bơ tỏi | Canh chua cá bóp,1,slot_price_tier_resampling,2,5 | 6
AUG0835,SM200_03,Augmented from Set menu 200.000đ /người (3),200000,budget,https://comnieuvietnam.vn/products/set-menu-200-000d-nguoi-3,6,Rau luộc thập cẩm kho quẹt | Vịt kho gừng | Tôm cháy tỏi | Thịt kho trứng | Mực chiên nước mắm | Canh cá nấu riêu,1,slot_price_tier_resampling,3,2 | 4 | 5
AUG0836,SM250_02,Augmented from Set menu 250.000đ /người (2),250000,standard,https://comnieuvietnam.vn/products/set-menu-250-000d-nguoi-2,6,Đậu que xào bò | Gà chiên nước mắm | Giò heo nấu giả cầy | Cá thu sốt cà chua | Tôm rang muối | Canh chua cá dứa,1,slot_price_tier_resampling,1,5
AUG0837,SM250_03,Augmented from Set menu 250.000đ /người (3),250000,standard,https://comnieuvietnam.vn/products/set-menu-250-000d-nguoi-3,6,Gỏi bò đồng quê | Gà kho sả ớt | Thịt rang cháy cạnh | Cá thu sốt cà chua | Tôm chiên nước mắm | Lẩu vịt om sấu,1,slot_price_tier_resampling,3,1 | 4 | 6
AUG0838,SM300_01,Augmented from Set menu 300.000đ /người (1),300000,standard,https://comnieuvietnam.vn/products/set-menu-300-000d-nguoi-1,6,Gỏi thái hải sản | Gà kho sả ớt | Cá bống mú chưng tương | Bò sốt tiêu đen | Tôm càng cháy bơ tỏi | Lẩu vịt om sấu,1,slot_price_tier_resampling,2,1 | 2
AUG0839,SM300_02,Augmented from Set menu 300.000đ /người (2),300000,standard,https://comnieuvietnam.vn/products/set-menu-300-000d-nguoi-2,6,Gỏi thái hải sản | Gà hấp cải xanh | Cá kho làng vũ đại | Bắp bò ngâm nước mắm | Tôm rang muối | Lẩu ngót cá chim,1,slot_price_tier_resampling,2,2 | 5
AUG0840,SM300_03,Augmented from Set menu 300.000đ /người (3),300000,standard,https://comnieuvietnam.vn/products/set-menu-300-000d-nguoi-3,6,Gân bò xào cải chua | Gà hấp mía | Cá kho làng vũ đại | Tôm càng hấp bia | Mực 1 nắng chiên nước mắm | Lẩu riêu cua sườn sun,1,slot_price_tier_resampling,2,1 | 3
AUG0841,SM200_01,Augmented from Set menu 200.000đ /người (1),200000,budget,https://comnieuvietnam.vn/products/set-menu-200-000d-nguoi-1,6,Cải thìa xào dầu hào | Gà rang gừng | Tôm cháy tỏi | Tôm rim thịt | Mực chiên nước mắm | Canh cá nấu riêu,1,slot_price_tier_resampling,2,3 | 6
AUG0842,SM200_03,Augmented from Set menu 200.000đ /người (3),200000,budget,https://comnieuvietnam.vn/products/set-menu-200-000d-nguoi-3,6,Cải thìa xào dầu hào | Gà rang gừng | Tôm cháy tỏi | Tôm rim thịt | Cá ngừ đại dương sốt cà | Canh cá nấu riêu,1,slot_price_tier_resampling,3,1 | 2 | 4
AUG0843,SM250_01,Augmented from Set menu 250.000đ /người (1),250000,standard,https://comnieuvietnam.vn/products/set-menu-250-000d-nguoi-1,6,Gỏi thái hải sản | Gà hấp mía | Bò sốt nấm | Cá dứa kho tộ | Tôm rang muối | Canh chua cá bóp,1,slot_price_tier_resampling,2,1 | 2
AUG0844,SM250_03,Augmented from Set menu 250.000đ /người (3),250000,standard,https://comnieuvietnam.vn/products/set-menu-250-000d-nguoi-3,6,Rau rừng gia lai xào bò | Gà kho sả ớt | Thịt rang cháy cạnh | Cá chim hấp hong kong | Tôm rang muối | Canh chua cá bóp,1,slot_price_tier_resampling,2,5 | 6
AUG0845,SM300_01,Augmented from Set menu 300.000đ /người (1),300000,standard,https://comnieuvietnam.vn/products/set-menu-300-000d-nguoi-1,6,Gỏi bò đồng quê | Gà hấp cải xanh | Thịt rang cháy cạnh | Cá thu sốt cà chua | Tôm càng cháy bơ tỏi | Lẩu vịt om sấu,1,slot_price_tier_resampling,2,3 | 4
AUG0846,SM300_02,Augmented from Set menu 300.000đ /người (2),300000,standard,https://comnieuvietnam.vn/products/set-menu-300-000d-nguoi-2,6,Đậu que xào bò | Gà hấp mắm nhĩ | Cá kho làng vũ đại | Cá thu sốt cà chua | Tôm chiên nước mắm | Lẩu ngót cá chim,1,slot_price_tier_resampling,3,1 | 4 | 5
AUG0847,SM300_03,Augmented from Set menu 300.000đ /người (3),300000,standard,https://comnieuvietnam.vn/products/set-menu-300-000d-nguoi-3,6,Salad cải mầm bò | Gà hấp mía | Thịt rang cháy cạnh | Tôm càng hấp bia | Tôm càng xanh rang muối | Lẩu riêu cua sườn sun,1,slot_price_tier_resampling,2,3 | 5
AUG0848,SM250_02,Augmented from Set menu 250.000đ /người (2),250000,standard,https://comnieuvietnam.vn/products/set-menu-250-000d-nguoi-2,6,Đậu que xào bò | Gà hấp cải xanh | Cá kho làng vũ đại | Cá thu sốt cà chua | Tôm cháy tỏi | Lẩu riêu cua sườn sun,1,slot_price_tier_resampling,3,2 | 3 | 6
AUG0849,SM250_03,Augmented from Set menu 250.000đ /người (3),250000,standard,https://comnieuvietnam.vn/products/set-menu-250-000d-nguoi-3,6,Gỏi bò đồng quê | Gà hấp cải xanh | Thịt rang cháy cạnh | Cá chim hấp hong kong | Tôm chiên nước mắm | Canh hến (dắt) mồng tơi,1,slot_price_tier_resampling,2,1 | 2
AUG0850,SM300_03,Augmented from Set menu 300.000đ /người (3),300000,standard,https://comnieuvietnam.vn/products/set-menu-300-000d-nguoi-3,6,Gỏi thái hải sản | Gà hấp mía | Cá ngừ đại dương lúc lắc | Tôm càng hấp bia | Tôm càng cháy bơ tỏi | Lẩu riêu cua sườn sun,1,slot_price_tier_resampling,2,1 | 5
AUG0851,SM250_03,Augmented from Set menu 250.000đ /người (3),250000,standard,https://comnieuvietnam.vn/products/set-menu-250-000d-nguoi-3,6,Gân bò xào cải chua | Gà chiên nước mắm | Thịt rang cháy cạnh | Cá chim hấp hong kong | Tôm chiên nước mắm | Canh hến (dắt) mồng tơi,1,slot_price_tier_resampling,2,1 | 2
AUG0852,SM200_01,Augmented from Set menu 200.000đ /người (1),200000,budget,https://comnieuvietnam.vn/products/set-menu-200-000d-nguoi-1,6,Cải thìa xào dầu hào | Gà rang gừng | Cá ngừ đại dương kho thơm | Thịt kho củ cải trắng | Mực chiên nước mắm | Canh cua cà pháo,1,slot_price_tier_resampling,2,3 | 4
AUG0853,SM250_01,Augmented from Set menu 250.000đ /người (1),250000,standard,https://comnieuvietnam.vn/products/set-menu-250-000d-nguoi-1,6,Gân bò xào cải chua | Gà hấp cải xanh | Bò sốt nấm | Bắp bò ngâm nước mắm | Tôm rang muối | Canh chua cá bóp,1,slot_price_tier_resampling,2,2 | 4
AUG0854,SM250_02,Augmented from Set menu 250.000đ /người (2),250000,standard,https://comnieuvietnam.vn/products/set-menu-250-000d-nguoi-2,6,Đậu que xào bò | Gà chiên nước mắm | Thịt rang cháy cạnh | Cá thu sốt cà chua | Mực 1 nắng chiên nước mắm | Canh chua cá dứa,1,slot_price_tier_resampling,2,3 | 5
AUG0855,SM300_02,Augmented from Set menu 300.000đ /người (2),300000,standard,https://comnieuvietnam.vn/products/set-menu-300-000d-nguoi-2,6,Gỏi thái hải sản | Gà hấp mắm nhĩ | Thịt rang cháy cạnh | Tôm càng hấp bia | Tôm chiên nước mắm | Lẩu ngót cá chim,1,slot_price_tier_resampling,3,3 | 4 | 5
AUG0856,SM200_03,Augmented from Set menu 200.000đ /người (3),200000,budget,https://comnieuvietnam.vn/products/set-menu-200-000d-nguoi-3,6,Rau luộc thập cẩm kho quẹt | Vịt kho gừng | Tôm cháy tỏi | Tôm rim thịt | Cá ngừ đại dương sốt cà | Canh cua cà pháo,1,slot_price_tier_resampling,3,2 | 4 | 6
AUG0857,SM250_01,Augmented from Set menu 250.000đ /người (1),250000,standard,https://comnieuvietnam.vn/products/set-menu-250-000d-nguoi-1,6,Gân bò xào cải chua | Gà hấp mắm nhĩ | Bò sốt nấm | Cá thu sốt cà chua | Tôm càng cháy bơ tỏi | Canh chua cá bóp,1,slot_price_tier_resampling,2,4 | 5
AUG0858,SM300_01,Augmented from Set menu 300.000đ /người (1),300000,standard,https://comnieuvietnam.vn/products/set-menu-300-000d-nguoi-1,6,Rau rừng gia lai xào bò | Gà hấp cải xanh | Cá bống mú chưng tương | Bò sốt tiêu đen | Tôm càng cháy bơ tỏi | Lẩu vịt om sấu,1,slot_price_tier_resampling,1,1
AUG0859,SM200_01,Augmented from Set menu 200.000đ /người (1),200000,budget,https://comnieuvietnam.vn/products/set-menu-200-000d-nguoi-1,6,Cải thìa xào dầu hào | Gà rang gừng | Cá bống kho tộ | Tôm rim thịt | Tôm rang muối | Canh cá nấu riêu,1,slot_price_tier_resampling,2,5 | 6
AUG0860,SM200_02,Augmented from Set menu 200.000đ /người (2),200000,budget,https://comnieuvietnam.vn/products/set-menu-200-000d-nguoi-2,6,Rau luộc thập cẩm kho quẹt | Gà rang gừng | Cá bống kho tộ | Thịt kho trứng | Tôm rang muối | Canh thát lát khổ qua,1,slot_price_tier_resampling,3,1 | 2 | 3
AUG0861,SM300_01,Augmented from Set menu 300.000đ /người (1),300000,standard,https://comnieuvietnam.vn/products/set-menu-300-000d-nguoi-1,6,Gỏi thái hải sản | Gà hấp cải xanh | Bò sốt nấm | Bắp bò ngâm nước mắm | Tôm càng cháy bơ tỏi | Lẩu vịt om sấu,1,slot_price_tier_resampling,3,1 | 3 | 4
AUG0862,SM250_01,Augmented from Set menu 250.000đ /người (1),250000,standard,https://comnieuvietnam.vn/products/set-menu-250-000d-nguoi-1,6,Gân bò xào cải chua | Gà hấp mắm nhĩ | Bò sốt nấm | Cá dứa kho tộ | Tôm càng cháy bơ tỏi | Lẩu vịt om sấu,1,slot_price_tier_resampling,2,5 | 6
AUG0863,SM300_01,Augmented from Set menu 300.000đ /người (1),300000,standard,https://comnieuvietnam.vn/products/set-menu-300-000d-nguoi-1,6,Gỏi bò đồng quê | Gà hấp mắm nhĩ | Thịt rang cháy cạnh | Bò sốt tiêu đen | Tôm càng cháy bơ tỏi | Lẩu ngót cá chim,1,slot_price_tier_resampling,3,2 | 3 | 6
AUG0864,SM300_03,Augmented from Set menu 300.000đ /người (3),300000,standard,https://comnieuvietnam.vn/products/set-menu-300-000d-nguoi-3,6,Salad cải mầm bò | Gà hấp cải xanh | Cá kho làng vũ đại | Tôm càng hấp bia | Tôm càng xanh rang muối | Lẩu riêu cua sườn sun,1,slot_price_tier_resampling,3,2 | 3 | 5
AUG0865,SM250_01,Augmented from Set menu 250.000đ /người (1),250000,standard,https://comnieuvietnam.vn/products/set-menu-250-000d-nguoi-1,6,Rau rừng gia lai xào bò | Gà hấp mắm nhĩ | Bò sốt nấm | Cá dứa kho tộ | Tôm cháy tỏi | Canh chua cá bóp,1,slot_price_tier_resampling,2,1 | 5
AUG0866,SM300_01,Augmented from Set menu 300.000đ /người (1),300000,standard,https://comnieuvietnam.vn/products/set-menu-300-000d-nguoi-1,6,Gỏi bò đồng quê | Gà chiên nước mắm | Bò sốt nấm | Bò sốt tiêu đen | Tôm càng cháy bơ tỏi | Canh chua cá dứa,1,slot_price_tier_resampling,3,2 | 3 | 6
AUG0867,SM200_03,Augmented from Set menu 200.000đ /người (3),200000,budget,https://comnieuvietnam.vn/products/set-menu-200-000d-nguoi-3,6,Rau luộc thập cẩm kho quẹt | Gà chiên nước mắm | Tôm cháy tỏi | Tôm rim thịt | Cá ngừ đại dương sốt cà | Canh thát lát khổ qua,1,slot_price_tier_resampling,2,4 | 6
AUG0868,SM250_01,Augmented from Set menu 250.000đ /người (1),250000,standard,https://comnieuvietnam.vn/products/set-menu-250-000d-nguoi-1,6,Rau rừng gia lai xào bò | Gà hấp cải xanh | Bò sốt nấm | Cá dứa kho tộ | Tôm rang muối | Canh chua cá bóp,1,slot_price_tier_resampling,2,1 | 2
AUG0869,SM250_02,Augmented from Set menu 250.000đ /người (2),250000,standard,https://comnieuvietnam.vn/products/set-menu-250-000d-nguoi-2,6,Đậu que xào bò | Gà hấp cải xanh | Giò heo nấu giả cầy | Bò sốt tiêu đen | Tôm cháy tỏi | Lẩu ngót cá chim,1,slot_price_tier_resampling,3,2 | 4 | 6
AUG0870,SM300_01,Augmented from Set menu 300.000đ /người (1),300000,standard,https://comnieuvietnam.vn/products/set-menu-300-000d-nguoi-1,6,Gỏi thái hải sản | Gà hấp cải xanh | Cá bống mú chưng tương | Bò sốt tiêu đen | Tôm chiên nước mắm | Canh chua cá dứa,1,slot_price_tier_resampling,3,1 | 5 | 6
AUG0871,SM300_02,Augmented from Set menu 300.000đ /người (2),300000,standard,https://comnieuvietnam.vn/products/set-menu-300-000d-nguoi-2,6,Gỏi thái hải sản | Gà hấp mắm nhĩ | Cá kho làng vũ đại | Bắp bò ngâm nước mắm | Tôm cháy tỏi | Canh chua cá bóp,1,slot_price_tier_resampling,2,5 | 6
AUG0872,SM300_03,Augmented from Set menu 300.000đ /người (3),300000,standard,https://comnieuvietnam.vn/products/set-menu-300-000d-nguoi-3,6,Gỏi bò đồng quê | Gà hấp cải xanh | Cá ngừ đại dương lúc lắc | Tôm càng hấp bia | Mực 1 nắng chiên nước mắm | Lẩu vịt om sấu,1,slot_price_tier_resampling,3,1 | 2 | 6
AUG0873,SM250_01,Augmented from Set menu 250.000đ /người (1),250000,standard,https://comnieuvietnam.vn/products/set-menu-250-000d-nguoi-1,6,Gân bò xào cải chua | Gà hấp mắm nhĩ | Bò sốt nấm | Cá chim hấp hong kong | Tôm rang muối | Lẩu vịt om sấu,1,slot_price_tier_resampling,2,4 | 6
AUG0874,SM250_03,Augmented from Set menu 250.000đ /người (3),250000,standard,https://comnieuvietnam.vn/products/set-menu-250-000d-nguoi-3,6,Rau rừng gia lai xào bò | Gà hấp mía | Thịt rang cháy cạnh | Bò sốt tiêu đen | Tôm chiên nước mắm | Canh hến (dắt) mồng tơi,1,slot_price_tier_resampling,2,2 | 4
AUG0875,SM300_01,Augmented from Set menu 300.000đ /người (1),300000,standard,https://comnieuvietnam.vn/products/set-menu-300-000d-nguoi-1,6,Rau rừng gia lai xào bò | Gà hấp cải xanh | Cá bống mú chưng tương | Bò sốt tiêu đen | Tôm cháy tỏi | Lẩu ngót cá chim,1,slot_price_tier_resampling,3,1 | 5 | 6
AUG0876,SM300_02,Augmented from Set menu 300.000đ /người (2),300000,standard,https://comnieuvietnam.vn/products/set-menu-300-000d-nguoi-2,6,Rau rừng gia lai xào bò | Gà hấp mắm nhĩ | Cá kho làng vũ đại | Bắp bò ngâm nước mắm | Tôm rang muối | Lẩu ngót cá chim,1,slot_price_tier_resampling,2,1 | 5
AUG0877,SM250_02,Augmented from Set menu 250.000đ /người (2),250000,standard,https://comnieuvietnam.vn/products/set-menu-250-000d-nguoi-2,6,Salad cải mầm bò | Gà chiên nước mắm | Cá bống mú chưng tương | Cá thu sốt cà chua | Tôm chiên nước mắm | Canh chua cá dứa,1,slot_price_tier_resampling,3,1 | 3 | 5
AUG0878,SM250_03,Augmented from Set menu 250.000đ /người (3),250000,standard,https://comnieuvietnam.vn/products/set-menu-250-000d-nguoi-3,6,Rau rừng gia lai xào bò | Gà kho sả ớt | Giò heo nấu giả cầy | Cá chim hấp hong kong | Tôm càng cháy bơ tỏi | Canh hến (dắt) mồng tơi,1,slot_price_tier_resampling,2,3 | 5
AUG0879,SM300_03,Augmented from Set menu 300.000đ /người (3),300000,standard,https://comnieuvietnam.vn/products/set-menu-300-000d-nguoi-3,6,Salad cải mầm bò | Gà hấp mía | Thịt rang cháy cạnh | Cá dứa kho tộ | Mực 1 nắng chiên nước mắm | Lẩu riêu cua sườn sun,1,slot_price_tier_resampling,2,3 | 4
AUG0880,SM250_01,Augmented from Set menu 250.000đ /người (1),250000,standard,https://comnieuvietnam.vn/products/set-menu-250-000d-nguoi-1,6,Gân bò xào cải chua | Gà hấp cải xanh | Thịt rang cháy cạnh | Cá dứa kho tộ | Tôm rang muối | Lẩu ngót cá chim,1,slot_price_tier_resampling,3,2 | 3 | 6
AUG0881,SM250_02,Augmented from Set menu 250.000đ /người (2),250000,standard,https://comnieuvietnam.vn/products/set-menu-250-000d-nguoi-2,6,Gỏi thái hải sản | Gà hấp mắm nhĩ | Giò heo nấu giả cầy | Cá thu sốt cà chua | Tôm cháy tỏi | Canh chua cá dứa,1,slot_price_tier_resampling,2,1 | 2
AUG0882,SM250_03,Augmented from Set menu 250.000đ /người (3),250000,standard,https://comnieuvietnam.vn/products/set-menu-250-000d-nguoi-3,6,Rau rừng gia lai xào bò | Gà kho sả ớt | Thịt rang cháy cạnh | Cá thu sốt cà chua | Tôm chiên nước mắm | Canh chua cá bóp,1,slot_price_tier_resampling,2,4 | 6
AUG0883,SM300_02,Augmented from Set menu 300.000đ /người (2),300000,standard,https://comnieuvietnam.vn/products/set-menu-300-000d-nguoi-2,6,Rau rừng gia lai xào bò | Gà hấp mắm nhĩ | Cá kho làng vũ đại | Bắp bò ngâm nước mắm | Tôm càng xanh rang muối | Lẩu ngót cá chim,1,slot_price_tier_resampling,1,1
AUG0884,SM250_01,Augmented from Set menu 250.000đ /người (1),250000,standard,https://comnieuvietnam.vn/products/set-menu-250-000d-nguoi-1,6,Gỏi bò đồng quê | Gà hấp mắm nhĩ | Bò sốt nấm | Tôm càng hấp bia | Tôm rang muối | Lẩu ngót cá chim,1,slot_price_tier_resampling,3,1 | 4 | 6
AUG0885,SM250_03,Augmented from Set menu 250.000đ /người (3),250000,standard,https://comnieuvietnam.vn/products/set-menu-250-000d-nguoi-3,6,Gỏi thái hải sản | Gà kho sả ớt | Cá ngừ đại dương lúc lắc | Cá chim hấp hong kong | Tôm chiên nước mắm | Canh hến (dắt) mồng tơi,1,slot_price_tier_resampling,2,1 | 3
AUG0886,SM300_02,Augmented from Set menu 300.000đ /người (2),300000,standard,https://comnieuvietnam.vn/products/set-menu-300-000d-nguoi-2,6,Gỏi thái hải sản | Gà hấp mắm nhĩ | Cá kho làng vũ đại | Cá chim hấp hong kong | Tôm càng xanh rang muối | Lẩu riêu cua sườn sun,1,slot_price_tier_resampling,2,4 | 6
AUG0887,SM350_01,Augmented from Set menu 350.000đ /người (1),350000,premium,https://comnieuvietnam.vn/products/set-menu-350-000d-nguoi-1,6,Gỏi tiến vua tôm thịt | Gà hấp mắm nhĩ | Bắp bò ngâm nước mắm | Cá kho làng vũ đại | Nem ghẹ phú quốc | Lẩu vịt om sấu,1,slot_price_tier_resampling,2,5 | 6
AUG0888,SM200_03,Augmented from Set menu 200.000đ /người (3),200000,budget,https://comnieuvietnam.vn/products/set-menu-200-000d-nguoi-3,6,Rau luộc thập cẩm kho quẹt | Gà chiên nước mắm | Tôm cháy tỏi | Thịt kho củ cải trắng | Tôm rang muối | Canh cua cà pháo,1,slot_price_tier_resampling,2,5 | 6
AUG0889,SM250_03,Augmented from Set menu 250.000đ /người (3),250000,standard,https://comnieuvietnam.vn/products/set-menu-250-000d-nguoi-3,6,Rau rừng gia lai xào bò | Gà chiên nước mắm | Thịt rang cháy cạnh | Tôm càng hấp bia | Tôm chiên nước mắm | Canh hến (dắt) mồng tơi,1,slot_price_tier_resampling,2,2 | 4
AUG0890,SM300_02,Augmented from Set menu 300.000đ /người (2),300000,standard,https://comnieuvietnam.vn/products/set-menu-300-000d-nguoi-2,6,Gỏi thái hải sản | Gà kho sả ớt | Cá kho làng vũ đại | Cá chim hấp hong kong | Tôm càng xanh rang muối | Lẩu ngót cá chim,1,slot_price_tier_resampling,2,2 | 4
AUG0891,SM250_02,Augmented from Set menu 250.000đ /người (2),250000,standard,https://comnieuvietnam.vn/products/set-menu-250-000d-nguoi-2,6,Đậu que xào bò | Gà chiên nước mắm | Thịt rang cháy cạnh | Cá thu sốt cà chua | Tôm cháy tỏi | Canh chua cá bóp,1,slot_price_tier_resampling,2,3 | 6
AUG0892,SM250_03,Augmented from Set menu 250.000đ /người (3),250000,standard,https://comnieuvietnam.vn/products/set-menu-250-000d-nguoi-3,6,Rau rừng gia lai xào bò | Gà hấp cải xanh | Giò heo nấu giả cầy | Cá chim hấp hong kong | Tôm chiên nước mắm | Canh hến (dắt) mồng tơi,1,slot_price_tier_resampling,2,2 | 3
AUG0893,SM300_03,Augmented from Set menu 300.000đ /người (3),300000,standard,https://comnieuvietnam.vn/products/set-menu-300-000d-nguoi-3,6,Salad cải mầm bò | Gà hấp mắm nhĩ | Cá ngừ đại dương lúc lắc | Cá chim hấp hong kong | Mực 1 nắng chiên nước mắm | Lẩu riêu cua sườn sun,1,slot_price_tier_resampling,2,2 | 4
AUG0894,SM200_03,Augmented from Set menu 200.000đ /người (3),200000,budget,https://comnieuvietnam.vn/products/set-menu-200-000d-nguoi-3,6,Rau luộc thập cẩm kho quẹt | Gà chiên nước mắm | Cá ngừ đại dương kho thơm | Tôm rim thịt | Cá ngừ đại dương sốt cà | Canh cá nấu riêu,1,slot_price_tier_resampling,2,3 | 4
AUG0895,SM250_01,Augmented from Set menu 250.000đ /người (1),250000,standard,https://comnieuvietnam.vn/products/set-menu-250-000d-nguoi-1,6,Gân bò xào cải chua | Gà hấp mắm nhĩ | Bò sốt nấm | Bò sốt tiêu đen | Tôm cháy tỏi | Canh chua cá bóp,1,slot_price_tier_resampling,2,4 | 5
AUG0896,SM250_02,Augmented from Set menu 250.000đ /người (2),250000,standard,https://comnieuvietnam.vn/products/set-menu-250-000d-nguoi-2,6,Gân bò xào cải chua | Gà chiên nước mắm | Cá kho làng vũ đại | Tôm càng hấp bia | Tôm cháy tỏi | Canh chua cá dứa,1,slot_price_tier_resampling,3,1 | 3 | 4
AUG0897,SM250_03,Augmented from Set menu 250.000đ /người (3),250000,standard,https://comnieuvietnam.vn/products/set-menu-250-000d-nguoi-3,6,Gỏi thái hải sản | Gà hấp mía | Thịt rang cháy cạnh | Tôm càng hấp bia | Tôm chiên nước mắm | Canh hến (dắt) mồng tơi,1,slot_price_tier_resampling,3,1 | 2 | 4
AUG0898,SM300_01,Augmented from Set menu 300.000đ /người (1),300000,standard,https://comnieuvietnam.vn/products/set-menu-300-000d-nguoi-1,6,Gỏi bò đồng quê | Gà hấp cải xanh | Bò sốt nấm | Cá chim hấp hong kong | Tôm càng cháy bơ tỏi | Lẩu vịt om sấu,1,slot_price_tier_resampling,2,3 | 4
AUG0899,SM300_02,Augmented from Set menu 300.000đ /người (2),300000,standard,https://comnieuvietnam.vn/products/set-menu-300-000d-nguoi-2,6,Gỏi bò đồng quê | Gà hấp mắm nhĩ | Cá kho làng vũ đại | Bắp bò ngâm nước mắm | Tôm càng xanh rang muối | Canh chua cá dứa,1,slot_price_tier_resampling,2,1 | 6
AUG0900,SM300_03,Augmented from Set menu 300.000đ /người (3),300000,standard,https://comnieuvietnam.vn/products/set-menu-300-000d-nguoi-3,6,Gỏi bò đồng quê | Gà hấp mía | Cá ngừ đại dương lúc lắc | Tôm càng hấp bia | Tôm rang muối | Lẩu riêu cua sườn sun,1,slot_price_tier_resampling,2,1 | 5
AUG0901,SM200_02,Augmented from Set menu 200.000đ /người (2),200000,budget,https://comnieuvietnam.vn/products/set-menu-200-000d-nguoi-2,6,Cải thìa xào dầu hào | Gà rang gừng | Cá ngừ đại dương kho thơm | Thịt kho củ cải trắng | Tôm rang muối | Canh thát lát khổ qua,1,slot_price_tier_resampling,3,1 | 2 | 4
AUG0902,SM250_01,Augmented from Set menu 250.000đ /người (1),250000,standard,https://comnieuvietnam.vn/products/set-menu-250-000d-nguoi-1,6,Gân bò xào cải chua | Gà hấp mắm nhĩ | Thịt rang cháy cạnh | Cá thu sốt cà chua | Tôm rang muối | Canh chua cá dứa,1,slot_price_tier_resampling,3,3 | 4 | 6
AUG0903,SM250_03,Augmented from Set menu 250.000đ /người (3),250000,standard,https://comnieuvietnam.vn/products/set-menu-250-000d-nguoi-3,6,Gỏi bò đồng quê | Gà chiên nước mắm | Thịt rang cháy cạnh | Bắp bò ngâm nước mắm | Tôm chiên nước mắm | Canh hến (dắt) mồng tơi,1,slot_price_tier_resampling,3,1 | 2 | 4
AUG0904,SM300_01,Augmented from Set menu 300.000đ /người (1),300000,standard,https://comnieuvietnam.vn/products/set-menu-300-000d-nguoi-1,6,Gỏi bò đồng quê | Gà hấp cải xanh | Giò heo nấu giả cầy | Bò sốt tiêu đen | Tôm càng cháy bơ tỏi | Canh chua cá bóp,1,slot_price_tier_resampling,2,3 | 6
AUG0905,SM200_01,Augmented from Set menu 200.000đ /người (1),200000,budget,https://comnieuvietnam.vn/products/set-menu-200-000d-nguoi-1,6,Rau luộc thập cẩm kho quẹt | Gà rang gừng | Cá bống kho tộ | Tôm rim thịt | Cá ngừ đại dương sốt cà | Canh cá nấu riêu,1,slot_price_tier_resampling,3,1 | 5 | 6
AUG0906,SM250_01,Augmented from Set menu 250.000đ /người (1),250000,standard,https://comnieuvietnam.vn/products/set-menu-250-000d-nguoi-1,6,Gân bò xào cải chua | Gà hấp mắm nhĩ | Bò sốt nấm | Cá dứa kho tộ | Tôm càng xanh rang muối | Lẩu vịt om sấu,1,slot_price_tier_resampling,2,5 | 6
AUG0907,SM250_02,Augmented from Set menu 250.000đ /người (2),250000,standard,https://comnieuvietnam.vn/products/set-menu-250-000d-nguoi-2,6,Đậu que xào bò | Gà chiên nước mắm | Giò heo nấu giả cầy | Cá thu sốt cà chua | Tôm rang muối | Lẩu vịt om sấu,1,slot_price_tier_resampling,2,5 | 6
AUG0908,SM300_01,Augmented from Set menu 300.000đ /người (1),300000,standard,https://comnieuvietnam.vn/products/set-menu-300-000d-nguoi-1,6,Gỏi thái hải sản | Gà hấp cải xanh | Cá bống mú chưng tương | Bò sốt tiêu đen | Tôm chiên nước mắm | Lẩu vịt om sấu,1,slot_price_tier_resampling,2,1 | 5
AUG0909,SM300_03,Augmented from Set menu 300.000đ /người (3),300000,standard,https://comnieuvietnam.vn/products/set-menu-300-000d-nguoi-3,6,Gỏi bò đồng quê | Gà chiên nước mắm | Cá ngừ đại dương lúc lắc | Tôm càng hấp bia | Mực 1 nắng chiên nước mắm | Canh chua cá bóp,1,slot_price_tier_resampling,3,1 | 2 | 6
AUG0910,SM250_01,Augmented from Set menu 250.000đ /người (1),250000,standard,https://comnieuvietnam.vn/products/set-menu-250-000d-nguoi-1,6,Gân bò xào cải chua | Gà hấp mắm nhĩ | Cá ngừ đại dương lúc lắc | Cá dứa kho tộ | Tôm cháy tỏi | Canh chua cá bóp,1,slot_price_tier_resampling,2,3 | 5
AUG0911,SM250_02,Augmented from Set menu 250.000đ /người (2),250000,standard,https://comnieuvietnam.vn/products/set-menu-250-000d-nguoi-2,6,Đậu que xào bò | Gà chiên nước mắm | Giò heo nấu giả cầy | Tôm càng hấp bia | Tôm cháy tỏi | Lẩu riêu cua sườn sun,1,slot_price_tier_resampling,2,4 | 6
AUG0912,SM250_03,Augmented from Set menu 250.000đ /người (3),250000,standard,https://comnieuvietnam.vn/products/set-menu-250-000d-nguoi-3,6,Rau rừng gia lai xào bò | Gà kho sả ớt | Thịt rang cháy cạnh | Tôm càng hấp bia | Tôm càng cháy bơ tỏi | Canh chua cá dứa,1,slot_price_tier_resampling,3,4 | 5 | 6
AUG0913,SM300_01,Augmented from Set menu 300.000đ /người (1),300000,standard,https://comnieuvietnam.vn/products/set-menu-300-000d-nguoi-1,6,Gân bò xào cải chua | Gà hấp cải xanh | Cá ngừ đại dương lúc lắc | Bò sốt tiêu đen | Tôm càng cháy bơ tỏi | Canh chua cá bóp,1,slot_price_tier_resampling,3,1 | 3 | 6
AUG0914,SM300_02,Augmented from Set menu 300.000đ /người (2),300000,standard,https://comnieuvietnam.vn/products/set-menu-300-000d-nguoi-2,6,Salad cải mầm bò | Gà hấp mắm nhĩ | Cá ngừ đại dương lúc lắc | Bắp bò ngâm nước mắm | Tôm chiên nước mắm | Lẩu ngót cá chim,1,slot_price_tier_resampling,3,1 | 3 | 5
AUG0915,SM300_03,Augmented from Set menu 300.000đ /người (3),300000,standard,https://comnieuvietnam.vn/products/set-menu-300-000d-nguoi-3,6,Salad cải mầm bò | Gà hấp mía | Cá ngừ đại dương lúc lắc | Cá chim hấp hong kong | Tôm chiên nước mắm | Lẩu riêu cua sườn sun,1,slot_price_tier_resampling,2,4 | 5
AUG0916,SM200_01,Augmented from Set menu 200.000đ /người (1),200000,budget,https://comnieuvietnam.vn/products/set-menu-200-000d-nguoi-1,6,Cải thìa xào dầu hào | Gà chiên nước mắm | Cá bống kho tộ | Thịt kho củ cải trắng | Mực chiên nước mắm | Canh thát lát khổ qua,1,slot_price_tier_resampling,3,2 | 4 | 6
AUG0917,SM200_03,Augmented from Set menu 200.000đ /người (3),200000,budget,https://comnieuvietnam.vn/products/set-menu-200-000d-nguoi-3,6,Rau luộc thập cẩm kho quẹt | Vịt kho gừng | Cá ngừ đại dương kho thơm | Thịt kho củ cải trắng | Cá ngừ đại dương sốt cà | Canh cá nấu riêu,1,slot_price_tier_resampling,2,2 | 3
AUG0918,SM250_03,Augmented from Set menu 250.000đ /người (3),250000,standard,https://comnieuvietnam.vn/products/set-menu-250-000d-nguoi-3,6,Gỏi thái hải sản | Gà chiên nước mắm | Thịt rang cháy cạnh | Cá chim hấp hong kong | Tôm chiên nước mắm | Canh hến (dắt) mồng tơi,1,slot_price_tier_resampling,2,1 | 2
AUG0919,SM250_02,Augmented from Set menu 250.000đ /người (2),250000,standard,https://comnieuvietnam.vn/products/set-menu-250-000d-nguoi-2,6,Đậu que xào bò | Gà hấp cải xanh | Giò heo nấu giả cầy | Cá thu sốt cà chua | Tôm chiên nước mắm | Lẩu riêu cua sườn sun,1,slot_price_tier_resampling,3,2 | 5 | 6
AUG0920,SM250_03,Augmented from Set menu 250.000đ /người (3),250000,standard,https://comnieuvietnam.vn/products/set-menu-250-000d-nguoi-3,6,Rau rừng gia lai xào bò | Gà hấp mía | Thịt rang cháy cạnh | Cá dứa kho tộ | Tôm chiên nước mắm | Canh chua cá bóp,1,slot_price_tier_resampling,3,2 | 4 | 6
AUG0921,SM300_01,Augmented from Set menu 300.000đ /người (1),300000,standard,https://comnieuvietnam.vn/products/set-menu-300-000d-nguoi-1,6,Gỏi bò đồng quê | Gà hấp cải xanh | Cá ngừ đại dương lúc lắc | Bắp bò ngâm nước mắm | Tôm càng cháy bơ tỏi | Lẩu vịt om sấu,1,slot_price_tier_resampling,2,3 | 4
AUG0922,SM300_03,Augmented from Set menu 300.000đ /người (3),300000,standard,https://comnieuvietnam.vn/products/set-menu-300-000d-nguoi-3,6,Rau rừng gia lai xào bò | Gà hấp mía | Cá ngừ đại dương lúc lắc | Cá chim hấp hong kong | Tôm càng xanh rang muối | Lẩu riêu cua sườn sun,1,slot_price_tier_resampling,3,1 | 4 | 5
AUG0923,SM250_02,Augmented from Set menu 250.000đ /người (2),250000,standard,https://comnieuvietnam.vn/products/set-menu-250-000d-nguoi-2,6,Salad cải mầm bò | Gà chiên nước mắm | Giò heo nấu giả cầy | Cá thu sốt cà chua | Tôm cháy tỏi | Canh chua cá dứa,1,slot_price_tier_resampling,1,1
AUG0924,SM350_01,Augmented from Set menu 350.000đ /người (1),350000,premium,https://comnieuvietnam.vn/products/set-menu-350-000d-nguoi-1,6,Gân bò xào cải chua | Gà hấp mắm nhĩ | Bắp bò ngâm nước mắm | Cá kho làng vũ đại | Nem ghẹ phú quốc | Lẩu vịt om sấu,1,slot_price_tier_resampling,3,1 | 5 | 6
AUG0925,SM250_02,Augmented from Set menu 250.000đ /người (2),250000,standard,https://comnieuvietnam.vn/products/set-menu-250-000d-nguoi-2,6,Đậu que xào bò | Gà chiên nước mắm | Giò heo nấu giả cầy | Bắp bò ngâm nước mắm | Tôm càng xanh rang muối | Canh chua cá dứa,1,slot_price_tier_resampling,2,4 | 5
AUG0926,SM300_01,Augmented from Set menu 300.000đ /người (1),300000,standard,https://comnieuvietnam.vn/products/set-menu-300-000d-nguoi-1,6,Gân bò xào cải chua | Gà chiên nước mắm | Bò sốt nấm | Bò sốt tiêu đen | Tôm càng cháy bơ tỏi | Lẩu vịt om sấu,1,slot_price_tier_resampling,3,1 | 2 | 3
AUG0927,SM300_03,Augmented from Set menu 300.000đ /người (3),300000,standard,https://comnieuvietnam.vn/products/set-menu-300-000d-nguoi-3,6,Gân bò xào cải chua | Gà hấp cải xanh | Cá ngừ đại dương lúc lắc | Tôm càng hấp bia | Mực 1 nắng chiên nước mắm | Lẩu riêu cua sườn sun,1,slot_price_tier_resampling,2,1 | 2
AUG0928,SM250_01,Augmented from Set menu 250.000đ /người (1),250000,standard,https://comnieuvietnam.vn/products/set-menu-250-000d-nguoi-1,6,Gân bò xào cải chua | Gà hấp mắm nhĩ | Bò sốt nấm | Cá dứa kho tộ | Tôm càng xanh rang muối | Canh chua cá dứa,1,slot_price_tier_resampling,2,5 | 6
AUG0929,SM300_01,Augmented from Set menu 300.000đ /người (1),300000,standard,https://comnieuvietnam.vn/products/set-menu-300-000d-nguoi-1,6,Đậu que xào bò | Gà hấp mía | Cá bống mú chưng tương | Tôm càng hấp bia | Tôm càng cháy bơ tỏi | Lẩu vịt om sấu,1,slot_price_tier_resampling,3,1 | 2 | 4
AUG0930,SM200_01,Augmented from Set menu 200.000đ /người (1),200000,budget,https://comnieuvietnam.vn/products/set-menu-200-000d-nguoi-1,6,Cải thìa xào dầu hào | Gà chiên nước mắm | Cá bống kho tộ | Tôm rim thịt | Cá ngừ đại dương sốt cà | Canh cá nấu riêu,1,slot_price_tier_resampling,3,2 | 5 | 6
AUG0931,SM200_02,Augmented from Set menu 200.000đ /người (2),200000,budget,https://comnieuvietnam.vn/products/set-menu-200-000d-nguoi-2,6,Cải thìa xào dầu hào | Vịt kho gừng | Cá ngừ đại dương kho thơm | Thịt kho trứng | Cá ngừ đại dương sốt cà | Canh thát lát khổ qua,1,slot_price_tier_resampling,2,1 | 5
AUG0932,SM250_01,Augmented from Set menu 250.000đ /người (1),250000,standard,https://comnieuvietnam.vn/products/set-menu-250-000d-nguoi-1,6,Gân bò xào cải chua | Gà hấp mía | Bò sốt nấm | Bò sốt tiêu đen | Tôm rang muối | Lẩu ngót cá chim,1,slot_price_tier_resampling,3,2 | 4 | 6
AUG0933,SM300_02,Augmented from Set menu 300.000đ /người (2),300000,standard,https://comnieuvietnam.vn/products/set-menu-300-000d-nguoi-2,6,Salad cải mầm bò | Gà hấp mắm nhĩ | Cá kho làng vũ đại | Cá chim hấp hong kong | Tôm càng xanh rang muối | Lẩu ngót cá chim,1,slot_price_tier_resampling,2,1 | 4
AUG0934,SM300_03,Augmented from Set menu 300.000đ /người (3),300000,standard,https://comnieuvietnam.vn/products/set-menu-300-000d-nguoi-3,6,Gân bò xào cải chua | Gà chiên nước mắm | Cá ngừ đại dương lúc lắc | Tôm càng hấp bia | Mực 1 nắng chiên nước mắm | Lẩu vịt om sấu,1,slot_price_tier_resampling,3,1 | 2 | 6
AUG0935,SM200_01,Augmented from Set menu 200.000đ /người (1),200000,budget,https://comnieuvietnam.vn/products/set-menu-200-000d-nguoi-1,6,Cải thìa xào dầu hào | Vịt kho gừng | Tôm cháy tỏi | Thịt kho củ cải trắng | Mực chiên nước mắm | Canh cua cà pháo,1,slot_price_tier_resampling,3,2 | 3 | 4
AUG0936,SM250_01,Augmented from Set menu 250.000đ /người (1),250000,standard,https://comnieuvietnam.vn/products/set-menu-250-000d-nguoi-1,6,Gân bò xào cải chua | Gà hấp mắm nhĩ | Thịt rang cháy cạnh | Cá dứa kho tộ | Tôm rang muối | Canh chua cá bóp,1,slot_price_tier_resampling,1,3
AUG0937,SM250_02,Augmented from Set menu 250.000đ /người (2),250000,standard,https://comnieuvietnam.vn/products/set-menu-250-000d-nguoi-2,6,Rau rừng gia lai xào bò | Gà kho sả ớt | Giò heo nấu giả cầy | Cá thu sốt cà chua | Tôm cháy tỏi | Canh chua cá dứa,1,slot_price_tier_resampling,2,1 | 2
AUG0938,SM250_03,Augmented from Set menu 250.000đ /người (3),250000,standard,https://comnieuvietnam.vn/products/set-menu-250-000d-nguoi-3,6,Gỏi thái hải sản | Gà kho sả ớt | Thịt rang cháy cạnh | Cá chim hấp hong kong | Tôm cháy tỏi | Canh hến (dắt) mồng tơi,1,slot_price_tier_resampling,2,1 | 5
AUG0939,SM300_01,Augmented from Set menu 300.000đ /người (1),300000,standard,https://comnieuvietnam.vn/products/set-menu-300-000d-nguoi-1,6,Salad cải mầm bò | Gà hấp cải xanh | Bò sốt nấm | Bò sốt tiêu đen | Tôm càng cháy bơ tỏi | Lẩu vịt om sấu,1,slot_price_tier_resampling,2,1 | 3
AUG0940,SM300_02,Augmented from Set menu 300.000đ /người (2),300000,standard,https://comnieuvietnam.vn/products/set-menu-300-000d-nguoi-2,6,Salad cải mầm bò | Gà chiên nước mắm | Cá kho làng vũ đại | Bắp bò ngâm nước mắm | Tôm càng xanh rang muối | Canh chua cá bóp,1,slot_price_tier_resampling,3,1 | 2 | 6
AUG0941,SM200_02,Augmented from Set menu 200.000đ /người (2),200000,budget,https://comnieuvietnam.vn/products/set-menu-200-000d-nguoi-2,6,Đậu que xào lòng gà | Gà chiên nước mắm | Cá ngừ đại dương kho thơm | Thịt kho trứng | Cá ngừ đại dương sốt cà | Canh cua cà pháo,1,slot_price_tier_resampling,3,2 | 5 | 6
AUG0942,SM250_01,Augmented from Set menu 250.000đ /người (1),250000,standard,https://comnieuvietnam.vn/products/set-menu-250-000d-nguoi-1,6,Gân bò xào cải chua | Gà kho sả ớt | Bò sốt nấm | Bò sốt tiêu đen | Tôm rang muối | Canh chua cá bóp,1,slot_price_tier_resampling,2,2 | 4
AUG0943,SM250_03,Augmented from Set menu 250.000đ /người (3),250000,standard,https://comnieuvietnam.vn/products/set-menu-250-000d-nguoi-3,6,Rau rừng gia lai xào bò | Gà hấp mía | Thịt rang cháy cạnh | Tôm càng hấp bia | Tôm chiên nước mắm | Canh hến (dắt) mồng tơi,1,slot_price_tier_resampling,2,2 | 4
AUG0944,SM300_02,Augmented from Set menu 300.000đ /người (2),300000,standard,https://comnieuvietnam.vn/products/set-menu-300-000d-nguoi-2,6,Gân bò xào cải chua | Gà hấp mắm nhĩ | Cá kho làng vũ đại | Cá dứa kho tộ | Tôm càng xanh rang muối | Lẩu ngót cá chim,1,slot_price_tier_resampling,2,1 | 4
AUG0945,SM300_03,Augmented from Set menu 300.000đ /người (3),300000,standard,https://comnieuvietnam.vn/products/set-menu-300-000d-nguoi-3,6,Salad cải mầm bò | Gà kho sả ớt | Cá ngừ đại dương lúc lắc | Cá chim hấp hong kong | Mực 1 nắng chiên nước mắm | Lẩu riêu cua sườn sun,1,slot_price_tier_resampling,2,2 | 4
AUG0946,SM250_01,Augmented from Set menu 250.000đ /người (1),250000,standard,https://comnieuvietnam.vn/products/set-menu-250-000d-nguoi-1,6,Salad cải mầm bò | Gà hấp mắm nhĩ | Bò sốt nấm | Cá dứa kho tộ | Tôm rang muối | Canh chua cá dứa,1,slot_price_tier_resampling,2,1 | 6
AUG0947,SM300_02,Augmented from Set menu 300.000đ /người (2),300000,standard,https://comnieuvietnam.vn/products/set-menu-300-000d-nguoi-2,6,Rau rừng gia lai xào bò | Gà hấp mắm nhĩ | Cá kho làng vũ đại | Bắp bò ngâm nước mắm | Tôm càng xanh rang muối | Canh chua cá dứa,1,slot_price_tier_resampling,2,1 | 6
AUG0948,SM300_03,Augmented from Set menu 300.000đ /người (3),300000,standard,https://comnieuvietnam.vn/products/set-menu-300-000d-nguoi-3,6,Đậu que xào bò | Gà hấp mía | Cá ngừ đại dương lúc lắc | Tôm càng hấp bia | Mực 1 nắng chiên nước mắm | Lẩu riêu cua sườn sun,1,slot_price_tier_resampling,1,1
AUG0949,SM200_02,Augmented from Set menu 200.000đ /người (2),200000,budget,https://comnieuvietnam.vn/products/set-menu-200-000d-nguoi-2,6,Rau luộc thập cẩm kho quẹt | Vịt kho gừng | Tôm cháy tỏi | Tôm rim thịt | Tôm rang muối | Canh thát lát khổ qua,1,slot_price_tier_resampling,3,1 | 3 | 4
AUG0950,SM200_03,Augmented from Set menu 200.000đ /người (3),200000,budget,https://comnieuvietnam.vn/products/set-menu-200-000d-nguoi-3,6,Rau luộc thập cẩm kho quẹt | Gà chiên nước mắm | Cá bống kho tộ | Tôm rim thịt | Cá ngừ đại dương sốt cà | Canh thát lát khổ qua,1,slot_price_tier_resampling,3,3 | 4 | 6
AUG0951,SM250_01,Augmented from Set menu 250.000đ /người (1),250000,standard,https://comnieuvietnam.vn/products/set-menu-250-000d-nguoi-1,6,Salad cải mầm bò | Gà hấp cải xanh | Bò sốt nấm | Cá dứa kho tộ | Tôm rang muối | Canh chua cá bóp,1,slot_price_tier_resampling,2,1 | 2
AUG0952,SM250_02,Augmented from Set menu 250.000đ /người (2),250000,standard,https://comnieuvietnam.vn/products/set-menu-250-000d-nguoi-2,6,Đậu que xào bò | Gà hấp mía | Giò heo nấu giả cầy | Cá thu sốt cà chua | Tôm chiên nước mắm | Canh chua cá dứa,1,slot_price_tier_resampling,2,2 | 5
AUG0953,SM300_02,Augmented from Set menu 300.000đ /người (2),300000,standard,https://comnieuvietnam.vn/products/set-menu-300-000d-nguoi-2,6,Gỏi thái hải sản | Gà hấp mắm nhĩ | Cá ngừ đại dương lúc lắc | Bắp bò ngâm nước mắm | Tôm cháy tỏi | Lẩu vịt om sấu,1,slot_price_tier_resampling,3,3 | 5 | 6
AUG0954,SM300_03,Augmented from Set menu 300.000đ /người (3),300000,standard,https://comnieuvietnam.vn/products/set-menu-300-000d-nguoi-3,6,Salad cải mầm bò | Gà hấp mía | Cá ngừ đại dương lúc lắc | Cá thu sốt cà chua | Tôm rang muối | Lẩu riêu cua sườn sun,1,slot_price_tier_resampling,2,4 | 5
AUG0955,SM250_03,Augmented from Set menu 250.000đ /người (3),250000,standard,https://comnieuvietnam.vn/products/set-menu-250-000d-nguoi-3,6,Rau rừng gia lai xào bò | Gà kho sả ớt | Bò sốt nấm | Bắp bò ngâm nước mắm | Tôm cháy tỏi | Canh hến (dắt) mồng tơi,1,slot_price_tier_resampling,3,3 | 4 | 5
AUG0956,SM300_02,Augmented from Set menu 300.000đ /người (2),300000,standard,https://comnieuvietnam.vn/products/set-menu-300-000d-nguoi-2,6,Gỏi thái hải sản | Gà hấp mắm nhĩ | Cá kho làng vũ đại | Bắp bò ngâm nước mắm | Mực 1 nắng chiên nước mắm | Canh chua cá bóp,1,slot_price_tier_resampling,2,5 | 6
AUG0957,SM200_02,Augmented from Set menu 200.000đ /người (2),200000,budget,https://comnieuvietnam.vn/products/set-menu-200-000d-nguoi-2,6,Đậu que xào lòng gà | Gà rang gừng | Cá ngừ đại dương kho thơm | Thịt kho củ cải trắng | Tôm rang muối | Canh thát lát khổ qua,1,slot_price_tier_resampling,2,2 | 4
AUG0958,SM250_01,Augmented from Set menu 250.000đ /người (1),250000,standard,https://comnieuvietnam.vn/products/set-menu-250-000d-nguoi-1,6,Gân bò xào cải chua | Gà kho sả ớt | Bò sốt nấm | Cá dứa kho tộ | Tôm chiên nước mắm | Canh chua cá bóp,1,slot_price_tier_resampling,2,2 | 5
AUG0959,SM250_02,Augmented from Set menu 250.000đ /người (2),250000,standard,https://comnieuvietnam.vn/products/set-menu-250-000d-nguoi-2,6,Gỏi bò đồng quê | Gà chiên nước mắm | Cá kho làng vũ đại | Cá thu sốt cà chua | Tôm cháy tỏi | Canh chua cá bóp,1,slot_price_tier_resampling,3,1 | 3 | 6
AUG0960,SM250_03,Augmented from Set menu 250.000đ /người (3),250000,standard,https://comnieuvietnam.vn/products/set-menu-250-000d-nguoi-3,6,Đậu que xào bò | Gà hấp mía | Cá bống mú chưng tương | Cá chim hấp hong kong | Tôm chiên nước mắm | Canh hến (dắt) mồng tơi,1,slot_price_tier_resampling,3,1 | 2 | 3
AUG0961,SM300_01,Augmented from Set menu 300.000đ /người (1),300000,standard,https://comnieuvietnam.vn/products/set-menu-300-000d-nguoi-1,6,Gỏi bò đồng quê | Gà hấp cải xanh | Cá kho làng vũ đại | Bò sốt tiêu đen | Tôm càng cháy bơ tỏi | Lẩu vịt om sấu,1,slot_price_tier_resampling,1,3
AUG0962,SM300_02,Augmented from Set menu 300.000đ /người (2),300000,standard,https://comnieuvietnam.vn/products/set-menu-300-000d-nguoi-2,6,Rau rừng gia lai xào bò | Gà hấp mía | Cá kho làng vũ đại | Bắp bò ngâm nước mắm | Tôm càng xanh rang muối | Lẩu riêu cua sườn sun,1,slot_price_tier_resampling,3,1 | 2 | 6
AUG0963,SM250_02,Augmented from Set menu 250.000đ /người (2),250000,standard,https://comnieuvietnam.vn/products/set-menu-250-000d-nguoi-2,6,Salad cải mầm bò | Gà chiên nước mắm | Giò heo nấu giả cầy | Cá thu sốt cà chua | Tôm rang muối | Lẩu riêu cua sườn sun,1,slot_price_tier_resampling,3,1 | 5 | 6
AUG0964,SM250_03,Augmented from Set menu 250.000đ /người (3),250000,standard,https://comnieuvietnam.vn/products/set-menu-250-000d-nguoi-3,6,Rau rừng gia lai xào bò | Gà kho sả ớt | Thịt rang cháy cạnh | Cá chim hấp hong kong | Tôm chiên nước mắm | Canh chua cá bóp,1,slot_price_tier_resampling,1,6
AUG0965,SM300_01,Augmented from Set menu 300.000đ /người (1),300000,standard,https://comnieuvietnam.vn/products/set-menu-300-000d-nguoi-1,6,Gỏi bò đồng quê | Gà hấp cải xanh | Cá bống mú chưng tương | Tôm càng hấp bia | Tôm càng cháy bơ tỏi | Canh hến (dắt) mồng tơi,1,slot_price_tier_resampling,2,4 | 6
AUG0966,SM300_02,Augmented from Set menu 300.000đ /người (2),300000,standard,https://comnieuvietnam.vn/products/set-menu-300-000d-nguoi-2,6,Gỏi thái hải sản | Gà kho sả ớt | Thịt rang cháy cạnh | Bắp bò ngâm nước mắm | Tôm càng xanh rang muối | Canh chua cá dứa,1,slot_price_tier_resampling,3,2 | 3 | 6
AUG0967,SM300_03,Augmented from Set menu 300.000đ /người (3),300000,standard,https://comnieuvietnam.vn/products/set-menu-300-000d-nguoi-3,6,Gân bò xào cải chua | Gà hấp mía | Cá ngừ đại dương lúc lắc | Tôm càng hấp bia | Tôm càng cháy bơ tỏi | Canh chua cá dứa,1,slot_price_tier_resampling,3,1 | 5 | 6
AUG0968,SM250_01,Augmented from Set menu 250.000đ /người (1),250000,standard,https://comnieuvietnam.vn/products/set-menu-250-000d-nguoi-1,6,Salad cải mầm bò | Gà hấp mắm nhĩ | Bò sốt nấm | Cá dứa kho tộ | Tôm rang muối | Canh chua cá bóp,1,slot_price_tier_resampling,1,1
AUG0969,SM250_03,Augmented from Set menu 250.000đ /người (3),250000,standard,https://comnieuvietnam.vn/products/set-menu-250-000d-nguoi-3,6,Rau rừng gia lai xào bò | Gà kho sả ớt | Thịt rang cháy cạnh | Cá dứa kho tộ | Tôm chiên nước mắm | Lẩu riêu cua sườn sun,1,slot_price_tier_resampling,2,4 | 6
AUG0970,SM300_01,Augmented from Set menu 300.000đ /người (1),300000,standard,https://comnieuvietnam.vn/products/set-menu-300-000d-nguoi-1,6,Gỏi bò đồng quê | Gà hấp cải xanh | Cá ngừ đại dương lúc lắc | Bò sốt tiêu đen | Tôm càng xanh rang muối | Lẩu vịt om sấu,1,slot_price_tier_resampling,2,3 | 5
AUG0971,SM300_02,Augmented from Set menu 300.000đ /người (2),300000,standard,https://comnieuvietnam.vn/products/set-menu-300-000d-nguoi-2,6,Rau rừng gia lai xào bò | Gà hấp mắm nhĩ | Cá kho làng vũ đại | Bắp bò ngâm nước mắm | Tôm càng cháy bơ tỏi | Lẩu ngót cá chim,1,slot_price_tier_resampling,2,1 | 5
AUG0972,SM350_02,Augmented from Set menu 350.000đ /người (2),350000,premium,https://comnieuvietnam.vn/products/set-menu-350-000d-nguoi-3,6,Gỏi tiến vua tôm thịt | Chả mực hạ long | Cá kho làng vũ đại | Gà sốt nấm đông cô | Tôm càng hấp nước dừa | Lẩu vịt om sấu,1,slot_price_tier_resampling,2,1 | 5
AUG0973,SM200_01,Augmented from Set menu 200.000đ /người (1),200000,budget,https://comnieuvietnam.vn/products/set-menu-200-000d-nguoi-1,6,Rau luộc thập cẩm kho quẹt | Gà chiên nước mắm | Cá bống kho tộ | Thịt kho trứng | Mực chiên nước mắm | Canh cua cà pháo,1,slot_price_tier_resampling,3,1 | 2 | 4
AUG0974,SM250_01,Augmented from Set menu 250.000đ /người (1),250000,standard,https://comnieuvietnam.vn/products/set-menu-250-000d-nguoi-1,6,Salad cải mầm bò | Gà hấp mắm nhĩ | Cá bống mú chưng tương | Cá thu sốt cà chua | Tôm rang muối | Canh chua cá bóp,1,slot_price_tier_resampling,3,1 | 3 | 4
AUG0975,SM200_01,Augmented from Set menu 200.000đ /người (1),200000,budget,https://comnieuvietnam.vn/products/set-menu-200-000d-nguoi-1,6,Rau luộc thập cẩm kho quẹt | Gà rang gừng | Tôm cháy tỏi | Thịt kho củ cải trắng | Mực chiên nước mắm | Canh cua cà pháo,1,slot_price_tier_resampling,3,1 | 3 | 4
AUG0976,SM200_02,Augmented from Set menu 200.000đ /người (2),200000,budget,https://comnieuvietnam.vn/products/set-menu-200-000d-nguoi-2,6,Cải thìa xào dầu hào | Gà chiên nước mắm | Cá bống kho tộ | Thịt kho trứng | Tôm rang muối | Canh thát lát khổ qua,1,slot_price_tier_resampling,3,1 | 2 | 3
AUG0977,SM250_01,Augmented from Set menu 250.000đ /người (1),250000,standard,https://comnieuvietnam.vn/products/set-menu-250-000d-nguoi-1,6,Đậu que xào bò | Gà hấp mắm nhĩ | Bò sốt nấm | Cá dứa kho tộ | Tôm cháy tỏi | Canh chua cá bóp,1,slot_price_tier_resampling,2,1 | 5
AUG0978,SM250_03,Augmented from Set menu 250.000đ /người (3),250000,standard,https://comnieuvietnam.vn/products/set-menu-250-000d-nguoi-3,6,Salad cải mầm bò | Gà hấp mía | Giò heo nấu giả cầy | Cá chim hấp hong kong | Tôm chiên nước mắm | Canh hến (dắt) mồng tơi,1,slot_price_tier_resampling,3,1 | 2 | 3
AUG0979,SM300_01,Augmented from Set menu 300.000đ /người (1),300000,standard,https://comnieuvietnam.vn/products/set-menu-300-000d-nguoi-1,6,Gỏi bò đồng quê | Gà hấp mắm nhĩ | Cá bống mú chưng tương | Bò sốt tiêu đen | Tôm chiên nước mắm | Lẩu vịt om sấu,1,slot_price_tier_resampling,2,2 | 5
AUG0980,SM300_02,Augmented from Set menu 300.000đ /người (2),300000,standard,https://comnieuvietnam.vn/products/set-menu-300-000d-nguoi-2,6,Rau rừng gia lai xào bò | Gà hấp mía | Cá bống mú chưng tương | Bắp bò ngâm nước mắm | Tôm càng xanh rang muối | Lẩu ngót cá chim,1,slot_price_tier_resampling,3,1 | 2 | 3
AUG0981,SM300_03,Augmented from Set menu 300.000đ /người (3),300000,standard,https://comnieuvietnam.vn/products/set-menu-300-000d-nguoi-3,6,Gỏi thái hải sản | Gà hấp mía | Cá ngừ đại dương lúc lắc | Tôm càng hấp bia | Mực 1 nắng chiên nước mắm | Lẩu vịt om sấu,1,slot_price_tier_resampling,2,1 | 6
AUG0982,SM200_02,Augmented from Set menu 200.000đ /người (2),200000,budget,https://comnieuvietnam.vn/products/set-menu-200-000d-nguoi-2,6,Đậu que xào lòng gà | Gà rang gừng | Tôm cháy tỏi | Thịt kho trứng | Cá ngừ đại dương sốt cà | Canh thát lát khổ qua,1,slot_price_tier_resampling,3,2 | 3 | 5
AUG0983,SM250_01,Augmented from Set menu 250.000đ /người (1),250000,standard,https://comnieuvietnam.vn/products/set-menu-250-000d-nguoi-1,6,Salad cải mầm bò | Gà hấp mắm nhĩ | Thịt rang cháy cạnh | Bò sốt tiêu đen | Tôm rang muối | Canh chua cá bóp,1,slot_price_tier_resampling,3,1 | 3 | 4
AUG0984,SM250_02,Augmented from Set menu 250.000đ /người (2),250000,standard,https://comnieuvietnam.vn/products/set-menu-250-000d-nguoi-2,6,Gỏi thái hải sản | Gà chiên nước mắm | Cá ngừ đại dương lúc lắc | Cá thu sốt cà chua | Tôm cháy tỏi | Canh chua cá dứa,1,slot_price_tier_resampling,2,1 | 3
AUG0985,SM250_03,Augmented from Set menu 250.000đ /người (3),250000,standard,https://comnieuvietnam.vn/products/set-menu-250-000d-nguoi-3,6,Gỏi bò đồng quê | Gà hấp mắm nhĩ | Thịt rang cháy cạnh | Cá chim hấp hong kong | Tôm chiên nước mắm | Canh chua cá bóp,1,slot_price_tier_resampling,3,1 | 2 | 6
AUG0986,SM300_01,Augmented from Set menu 300.000đ /người (1),300000,standard,https://comnieuvietnam.vn/products/set-menu-300-000d-nguoi-1,6,Gỏi bò đồng quê | Gà hấp cải xanh | Cá ngừ đại dương lúc lắc | Bò sốt tiêu đen | Tôm càng cháy bơ tỏi | Lẩu riêu cua sườn sun,1,slot_price_tier_resampling,2,3 | 6
AUG0987,SM300_02,Augmented from Set menu 300.000đ /người (2),300000,standard,https://comnieuvietnam.vn/products/set-menu-300-000d-nguoi-2,6,Gỏi thái hải sản | Gà chiên nước mắm | Cá kho làng vũ đại | Bắp bò ngâm nước mắm | Mực 1 nắng chiên nước mắm | Lẩu ngót cá chim,1,slot_price_tier_resampling,2,2 | 5
AUG0988,SM200_02,Augmented from Set menu 200.000đ /người (2),200000,budget,https://comnieuvietnam.vn/products/set-menu-200-000d-nguoi-2,6,Đậu que xào lòng gà | Gà chiên nước mắm | Cá bống kho tộ | Thịt kho trứng | Cá ngừ đại dương sốt cà | Canh thát lát khổ qua,1,slot_price_tier_resampling,3,2 | 3 | 5
AUG0989,SM200_03,Augmented from Set menu 200.000đ /người (3),200000,budget,https://comnieuvietnam.vn/products/set-menu-200-000d-nguoi-3,6,Rau luộc thập cẩm kho quẹt | Gà rang gừng | Tôm cháy tỏi | Thịt kho củ cải trắng | Mực chiên nước mắm | Canh cá nấu riêu,1,slot_price_tier_resampling,2,2 | 5
AUG0990,SM250_02,Augmented from Set menu 250.000đ /người (2),250000,standard,https://comnieuvietnam.vn/products/set-menu-250-000d-nguoi-2,6,Gỏi thái hải sản | Gà chiên nước mắm | Giò heo nấu giả cầy | Cá chim hấp hong kong | Tôm cháy tỏi | Canh chua cá dứa,1,slot_price_tier_resampling,2,1 | 4
AUG0991,SM250_03,Augmented from Set menu 250.000đ /người (3),250000,standard,https://comnieuvietnam.vn/products/set-menu-250-000d-nguoi-3,6,Gỏi bò đồng quê | Gà kho sả ớt | Giò heo nấu giả cầy | Cá chim hấp hong kong | Tôm chiên nước mắm | Canh hến (dắt) mồng tơi,1,slot_price_tier_resampling,2,1 | 3
AUG0992,SM300_03,Augmented from Set menu 300.000đ /người (3),300000,standard,https://comnieuvietnam.vn/products/set-menu-300-000d-nguoi-3,6,Salad cải mầm bò | Gà hấp mía | Cá ngừ đại dương lúc lắc | Tôm càng hấp bia | Mực 1 nắng chiên nước mắm | Lẩu ngót cá chim,1,slot_price_tier_resampling,1,6
AUG0993,SM250_03,Augmented from Set menu 250.000đ /người (3),250000,standard,https://comnieuvietnam.vn/products/set-menu-250-000d-nguoi-3,6,Rau rừng gia lai xào bò | Gà hấp mía | Bò sốt nấm | Bắp bò ngâm nước mắm | Tôm chiên nước mắm | Canh hến (dắt) mồng tơi,1,slot_price_tier_resampling,3,2 | 3 | 4
AUG0994,SM300_03,Augmented from Set menu 300.000đ /người (3),300000,standard,https://comnieuvietnam.vn/products/set-menu-300-000d-nguoi-3,6,Gỏi thái hải sản | Gà hấp mía | Cá ngừ đại dương lúc lắc | Tôm càng hấp bia | Tôm rang muối | Lẩu ngót cá chim,1,slot_price_tier_resampling,3,1 | 5 | 6
AUG0995,SM200_01,Augmented from Set menu 200.000đ /người (1),200000,budget,https://comnieuvietnam.vn/products/set-menu-200-000d-nguoi-1,6,Đậu que xào lòng gà | Gà rang gừng | Cá bống kho tộ | Tôm rim thịt | Mực chiên nước mắm | Canh cá nấu riêu,1,slot_price_tier_resampling,2,1 | 6
AUG0996,SM250_01,Augmented from Set menu 250.000đ /người (1),250000,standard,https://comnieuvietnam.vn/products/set-menu-250-000d-nguoi-1,6,Gân bò xào cải chua | Gà kho sả ớt | Bò sốt nấm | Cá dứa kho tộ | Tôm rang muối | Lẩu riêu cua sườn sun,1,slot_price_tier_resampling,2,2 | 6
AUG0997,SM250_02,Augmented from Set menu 250.000đ /người (2),250000,standard,https://comnieuvietnam.vn/products/set-menu-250-000d-nguoi-2,6,Gỏi thái hải sản | Gà chiên nước mắm | Cá ngừ đại dương lúc lắc | Cá chim hấp hong kong | Tôm cháy tỏi | Canh chua cá dứa,1,slot_price_tier_resampling,3,1 | 3 | 4
AUG0998,SM250_03,Augmented from Set menu 250.000đ /người (3),250000,standard,https://comnieuvietnam.vn/products/set-menu-250-000d-nguoi-3,6,Rau rừng gia lai xào bò | Gà hấp mía | Giò heo nấu giả cầy | Cá chim hấp hong kong | Tôm chiên nước mắm | Canh hến (dắt) mồng tơi,1,slot_price_tier_resampling,2,2 | 3
AUG0999,SM300_02,Augmented from Set menu 300.000đ /người (2),300000,standard,https://comnieuvietnam.vn/products/set-menu-300-000d-nguoi-2,6,Gỏi thái hải sản | Gà kho sả ớt | Cá bống mú chưng tương | Bắp bò ngâm nước mắm | Tôm càng xanh rang muối | Lẩu ngót cá chim,1,slot_price_tier_resampling,2,2 | 3
AUG1000,SM250_01,Augmented from Set menu 250.000đ /người (1),250000,standard,https://comnieuvietnam.vn/products/set-menu-250-000d-nguoi-1,6,Gân bò xào cải chua | Gà chiên nước mắm | Cá ngừ đại dương lúc lắc | Bò sốt tiêu đen | Tôm rang muối | Canh chua cá bóp,1,slot_price_tier_resampling,3,2 | 3 | 4
AUG1001,SM250_02,Augmented from Set menu 250.000đ /người (2),250000,standard,https://comnieuvietnam.vn/products/set-menu-250-000d-nguoi-2,6,Gân bò xào cải chua | Gà hấp mía | Giò heo nấu giả cầy | Cá thu sốt cà chua | Tôm cháy tỏi | Canh chua cá dứa,1,slot_price_tier_resampling,2,1 | 2
AUG1002,SM250_03,Augmented from Set menu 250.000đ /người (3),250000,standard,https://comnieuvietnam.vn/products/set-menu-250-000d-nguoi-3,6,Rau rừng gia lai xào bò | Gà chiên nước mắm | Thịt rang cháy cạnh | Bắp bò ngâm nước mắm | Tôm chiên nước mắm | Canh hến (dắt) mồng tơi,1,slot_price_tier_resampling,2,2 | 4
AUG1003,SM300_01,Augmented from Set menu 300.000đ /người (1),300000,standard,https://comnieuvietnam.vn/products/set-menu-300-000d-nguoi-1,6,Gỏi bò đồng quê | Gà chiên nước mắm | Cá bống mú chưng tương | Bò sốt tiêu đen | Tôm càng cháy bơ tỏi | Canh hến (dắt) mồng tơi,1,slot_price_tier_resampling,2,2 | 6
AUG1004,SM300_02,Augmented from Set menu 300.000đ /người (2),300000,standard,https://comnieuvietnam.vn/products/set-menu-300-000d-nguoi-2,6,Gỏi bò đồng quê | Gà hấp mắm nhĩ | Cá kho làng vũ đại | Cá chim hấp hong kong | Tôm càng cháy bơ tỏi | Lẩu ngót cá chim,1,slot_price_tier_resampling,3,1 | 4 | 5
AUG1005,SM300_03,Augmented from Set menu 300.000đ /người (3),300000,standard,https://comnieuvietnam.vn/products/set-menu-300-000d-nguoi-3,6,Salad cải mầm bò | Gà hấp mía | Cá ngừ đại dương lúc lắc | Bò sốt tiêu đen | Mực 1 nắng chiên nước mắm | Lẩu ngót cá chim,1,slot_price_tier_resampling,2,4 | 6
AUG1006,SM250_01,Augmented from Set menu 250.000đ /người (1),250000,standard,https://comnieuvietnam.vn/products/set-menu-250-000d-nguoi-1,6,Gân bò xào cải chua | Gà hấp mắm nhĩ | Cá bống mú chưng tương | Tôm càng hấp bia | Tôm rang muối | Canh chua cá bóp,1,slot_price_tier_resampling,2,3 | 4
AUG1007,SM250_02,Augmented from Set menu 250.000đ /người (2),250000,standard,https://comnieuvietnam.vn/products/set-menu-250-000d-nguoi-2,6,Đậu que xào bò | Gà kho sả ớt | Cá kho làng vũ đại | Cá thu sốt cà chua | Tôm cháy tỏi | Canh chua cá dứa,1,slot_price_tier_resampling,2,2 | 3
AUG1008,SM250_03,Augmented from Set menu 250.000đ /người (3),250000,standard,https://comnieuvietnam.vn/products/set-menu-250-000d-nguoi-3,6,Gỏi thái hải sản | Gà hấp mắm nhĩ | Thịt rang cháy cạnh | Cá dứa kho tộ | Tôm chiên nước mắm | Canh hến (dắt) mồng tơi,1,slot_price_tier_resampling,3,1 | 2 | 4
AUG1009,SM300_02,Augmented from Set menu 300.000đ /người (2),300000,standard,https://comnieuvietnam.vn/products/set-menu-300-000d-nguoi-2,6,Gỏi thái hải sản | Gà chiên nước mắm | Cá kho làng vũ đại | Bắp bò ngâm nước mắm | Tôm càng xanh rang muối | Lẩu ngót cá chim,1,slot_price_tier_resampling,1,2
AUG1010,SM250_03,Augmented from Set menu 250.000đ /người (3),250000,standard,https://comnieuvietnam.vn/products/set-menu-250-000d-nguoi-3,6,Rau rừng gia lai xào bò | Gà hấp mía | Thịt rang cháy cạnh | Cá thu sốt cà chua | Tôm chiên nước mắm | Canh chua cá dứa,1,slot_price_tier_resampling,3,2 | 4 | 6
AUG1011,SM300_01,Augmented from Set menu 300.000đ /người (1),300000,standard,https://comnieuvietnam.vn/products/set-menu-300-000d-nguoi-1,6,Gỏi bò đồng quê | Gà hấp cải xanh | Cá bống mú chưng tương | Tôm càng hấp bia | Tôm càng cháy bơ tỏi | Lẩu vịt om sấu,1,slot_price_tier_resampling,1,4
AUG1012,SM300_02,Augmented from Set menu 300.000đ /người (2),300000,standard,https://comnieuvietnam.vn/products/set-menu-300-000d-nguoi-2,6,Gỏi thái hải sản | Gà hấp mắm nhĩ | Cá kho làng vũ đại | Tôm càng hấp bia | Tôm chiên nước mắm | Lẩu ngót cá chim,1,slot_price_tier_resampling,2,4 | 5
AUG1013,SM300_03,Augmented from Set menu 300.000đ /người (3),300000,standard,https://comnieuvietnam.vn/products/set-menu-300-000d-nguoi-3,6,Salad cải mầm bò | Gà chiên nước mắm | Cá kho làng vũ đại | Bắp bò ngâm nước mắm | Mực 1 nắng chiên nước mắm | Lẩu riêu cua sườn sun,1,slot_price_tier_resampling,3,2 | 3 | 4
AUG1014,SM200_01,Augmented from Set menu 200.000đ /người (1),200000,budget,https://comnieuvietnam.vn/products/set-menu-200-000d-nguoi-1,6,Cải thìa xào dầu hào | Vịt kho gừng | Cá ngừ đại dương kho thơm | Tôm rim thịt | Mực chiên nước mắm | Canh cua cà pháo,1,slot_price_tier_resampling,2,2 | 3
AUG1015,SM300_01,Augmented from Set menu 300.000đ /người (1),300000,standard,https://comnieuvietnam.vn/products/set-menu-300-000d-nguoi-1,6,Rau rừng gia lai xào bò | Gà kho sả ớt | Cá bống mú chưng tương | Cá thu sốt cà chua | Tôm càng cháy bơ tỏi | Lẩu vịt om sấu,1,slot_price_tier_resampling,3,1 | 2 | 4
AUG1016,SM300_02,Augmented from Set menu 300.000đ /người (2),300000,standard,https://comnieuvietnam.vn/products/set-menu-300-000d-nguoi-2,6,Gân bò xào cải chua | Gà hấp mía | Cá kho làng vũ đại | Bắp bò ngâm nước mắm | Tôm càng xanh rang muối | Lẩu ngót cá chim,1,slot_price_tier_resampling,2,1 | 2
AUG1017,SM300_03,Augmented from Set menu 300.000đ /người (3),300000,standard,https://comnieuvietnam.vn/products/set-menu-300-000d-nguoi-3,6,Gỏi bò đồng quê | Gà hấp mía | Thịt rang cháy cạnh | Tôm càng hấp bia | Mực 1 nắng chiên nước mắm | Canh hến (dắt) mồng tơi,1,slot_price_tier_resampling,3,1 | 3 | 6
AUG1018,SM200_01,Augmented from Set menu 200.000đ /người (1),200000,budget,https://comnieuvietnam.vn/products/set-menu-200-000d-nguoi-1,6,Đậu que xào lòng gà | Vịt kho gừng | Cá bống kho tộ | Tôm rim thịt | Cá ngừ đại dương sốt cà | Canh cua cà pháo,1,slot_price_tier_resampling,3,1 | 2 | 5
AUG1019,SM250_01,Augmented from Set menu 250.000đ /người (1),250000,standard,https://comnieuvietnam.vn/products/set-menu-250-000d-nguoi-1,6,Đậu que xào bò | Gà hấp mắm nhĩ | Cá ngừ đại dương lúc lắc | Cá dứa kho tộ | Tôm rang muối | Lẩu vịt om sấu,1,slot_price_tier_resampling,3,1 | 3 | 6
AUG1020,SM250_02,Augmented from Set menu 250.000đ /người (2),250000,standard,https://comnieuvietnam.vn/products/set-menu-250-000d-nguoi-2,6,Đậu que xào bò | Gà chiên nước mắm | Giò heo nấu giả cầy | Tôm càng hấp bia | Mực 1 nắng chiên nước mắm | Canh chua cá bóp,1,slot_price_tier_resampling,3,4 | 5 | 6
AUG1021,SM300_01,Augmented from Set menu 300.000đ /người (1),300000,standard,https://comnieuvietnam.vn/products/set-menu-300-000d-nguoi-1,6,Gỏi thái hải sản | Gà hấp cải xanh | Cá bống mú chưng tương | Bắp bò ngâm nước mắm | Tôm càng cháy bơ tỏi | Lẩu vịt om sấu,1,slot_price_tier_resampling,2,1 | 4
AUG1022,SM300_03,Augmented from Set menu 300.000đ /người (3),300000,standard,https://comnieuvietnam.vn/products/set-menu-300-000d-nguoi-3,6,Salad cải mầm bò | Gà hấp mắm nhĩ | Cá ngừ đại dương lúc lắc | Cá dứa kho tộ | Mực 1 nắng chiên nước mắm | Lẩu riêu cua sườn sun,1,slot_price_tier_resampling,2,2 | 4
AUG1023,SM200_02,Augmented from Set menu 200.000đ /người (2),200000,budget,https://comnieuvietnam.vn/products/set-menu-200-000d-nguoi-2,6,Đậu que xào lòng gà | Vịt kho gừng | Cá bống kho tộ | Thịt kho trứng | Mực chiên nước mắm | Canh cá nấu riêu,1,slot_price_tier_resampling,3,3 | 5 | 6
AUG1024,SM250_01,Augmented from Set menu 250.000đ /người (1),250000,standard,https://comnieuvietnam.vn/products/set-menu-250-000d-nguoi-1,6,Rau rừng gia lai xào bò | Gà hấp mắm nhĩ | Giò heo nấu giả cầy | Cá dứa kho tộ | Tôm rang muối | Lẩu riêu cua sườn sun,1,slot_price_tier_resampling,3,1 | 3 | 6
AUG1025,SM250_02,Augmented from Set menu 250.000đ /người (2),250000,standard,https://comnieuvietnam.vn/products/set-menu-250-000d-nguoi-2,6,Đậu que xào bò | Gà chiên nước mắm | Cá bống mú chưng tương | Cá thu sốt cà chua | Tôm càng xanh rang muối | Canh chua cá bóp,1,slot_price_tier_resampling,3,3 | 5 | 6
AUG1026,SM250_03,Augmented from Set menu 250.000đ /người (3),250000,standard,https://comnieuvietnam.vn/products/set-menu-250-000d-nguoi-3,6,Rau rừng gia lai xào bò | Gà hấp cải xanh | Cá bống mú chưng tương | Cá chim hấp hong kong | Tôm chiên nước mắm | Canh hến (dắt) mồng tơi,1,slot_price_tier_resampling,2,2 | 3
AUG1027,SM300_02,Augmented from Set menu 300.000đ /người (2),300000,standard,https://comnieuvietnam.vn/products/set-menu-300-000d-nguoi-2,6,Gỏi thái hải sản | Gà hấp mắm nhĩ | Cá kho làng vũ đại | Tôm càng hấp bia | Tôm rang muối | Lẩu ngót cá chim,1,slot_price_tier_resampling,2,4 | 5
AUG1028,SM300_03,Augmented from Set menu 300.000đ /người (3),300000,standard,https://comnieuvietnam.vn/products/set-menu-300-000d-nguoi-3,6,Salad cải mầm bò | Gà hấp cải xanh | Cá ngừ đại dương lúc lắc | Tôm càng hấp bia | Mực 1 nắng chiên nước mắm | Lẩu ngót cá chim,1,slot_price_tier_resampling,2,2 | 6
AUG1029,SM300_01,Augmented from Set menu 300.000đ /người (1),300000,standard,https://comnieuvietnam.vn/products/set-menu-300-000d-nguoi-1,6,Gỏi bò đồng quê | Gà hấp mía | Cá bống mú chưng tương | Bò sốt tiêu đen | Tôm càng cháy bơ tỏi | Canh chua cá dứa,1,slot_price_tier_resampling,2,2 | 6
AUG1030,SM250_01,Augmented from Set menu 250.000đ /người (1),250000,standard,https://comnieuvietnam.vn/products/set-menu-250-000d-nguoi-1,6,Gân bò xào cải chua | Gà kho sả ớt | Bò sốt nấm | Cá thu sốt cà chua | Tôm rang muối | Canh chua cá bóp,1,slot_price_tier_resampling,2,2 | 4
AUG1031,SM250_02,Augmented from Set menu 250.000đ /người (2),250000,standard,https://comnieuvietnam.vn/products/set-menu-250-000d-nguoi-2,6,Gân bò xào cải chua | Gà chiên nước mắm | Thịt rang cháy cạnh | Cá thu sốt cà chua | Tôm cháy tỏi | Lẩu vịt om sấu,1,slot_price_tier_resampling,3,1 | 3 | 6
AUG1032,SM300_01,Augmented from Set menu 300.000đ /người (1),300000,standard,https://comnieuvietnam.vn/products/set-menu-300-000d-nguoi-1,6,Gỏi bò đồng quê | Gà hấp mía | Bò sốt nấm | Bò sốt tiêu đen | Tôm cháy tỏi | Lẩu vịt om sấu,1,slot_price_tier_resampling,3,2 | 3 | 5
AUG1033,SM200_02,Augmented from Set menu 200.000đ /người (2),200000,budget,https://comnieuvietnam.vn/products/set-menu-200-000d-nguoi-2,6,Rau luộc thập cẩm kho quẹt | Vịt kho gừng | Cá ngừ đại dương kho thơm | Thịt kho trứng | Cá ngừ đại dương sốt cà | Canh thát lát khổ qua,1,slot_price_tier_resampling,2,1 | 5
AUG1034,SM250_01,Augmented from Set menu 250.000đ /người (1),250000,standard,https://comnieuvietnam.vn/products/set-menu-250-000d-nguoi-1,6,Salad cải mầm bò | Gà hấp mía | Bò sốt nấm | Bắp bò ngâm nước mắm | Tôm rang muối | Canh chua cá bóp,1,slot_price_tier_resampling,3,1 | 2 | 4
AUG1035,SM250_03,Augmented from Set menu 250.000đ /người (3),250000,standard,https://comnieuvietnam.vn/products/set-menu-250-000d-nguoi-3,6,Rau rừng gia lai xào bò | Gà chiên nước mắm | Thịt rang cháy cạnh | Cá chim hấp hong kong | Mực 1 nắng chiên nước mắm | Canh hến (dắt) mồng tơi,1,slot_price_tier_resampling,2,2 | 5
AUG1036,SM300_01,Augmented from Set menu 300.000đ /người (1),300000,standard,https://comnieuvietnam.vn/products/set-menu-300-000d-nguoi-1,6,Gỏi bò đồng quê | Gà hấp cải xanh | Thịt rang cháy cạnh | Bò sốt tiêu đen | Tôm cháy tỏi | Lẩu vịt om sấu,1,slot_price_tier_resampling,2,3 | 5
AUG1037,SM300_02,Augmented from Set menu 300.000đ /người (2),300000,standard,https://comnieuvietnam.vn/products/set-menu-300-000d-nguoi-2,6,Gỏi thái hải sản | Gà hấp mía | Cá ngừ đại dương lúc lắc | Cá dứa kho tộ | Tôm càng xanh rang muối | Lẩu ngót cá chim,1,slot_price_tier_resampling,3,2 | 3 | 4
AUG1038,SM200_02,Augmented from Set menu 200.000đ /người (2),200000,budget,https://comnieuvietnam.vn/products/set-menu-200-000d-nguoi-2,6,Đậu que xào lòng gà | Gà rang gừng | Cá ngừ đại dương kho thơm | Thịt kho trứng | Mực chiên nước mắm | Canh cua cà pháo,1,slot_price_tier_resampling,3,2 | 5 | 6
AUG1039,SM250_03,Augmented from Set menu 250.000đ /người (3),250000,standard,https://comnieuvietnam.vn/products/set-menu-250-000d-nguoi-3,6,Rau rừng gia lai xào bò | Gà hấp mắm nhĩ | Cá bống mú chưng tương | Cá chim hấp hong kong | Tôm chiên nước mắm | Canh hến (dắt) mồng tơi,1,slot_price_tier_resampling,2,2 | 3
AUG1040,SM300_02,Augmented from Set menu 300.000đ /người (2),300000,standard,https://comnieuvietnam.vn/products/set-menu-300-000d-nguoi-2,6,Gỏi thái hải sản | Gà hấp mía | Cá bống mú chưng tương | Bắp bò ngâm nước mắm | Tôm càng xanh rang muối | Canh chua cá dứa,1,slot_price_tier_resampling,3,2 | 3 | 6
AUG1041,SM300_03,Augmented from Set menu 300.000đ /người (3),300000,standard,https://comnieuvietnam.vn/products/set-menu-300-000d-nguoi-3,6,Salad cải mầm bò | Gà hấp mía | Cá kho làng vũ đại | Bò sốt tiêu đen | Mực 1 nắng chiên nước mắm | Lẩu riêu cua sườn sun,1,slot_price_tier_resampling,2,3 | 4
AUG1042,SM200_03,Augmented from Set menu 200.000đ /người (3),200000,budget,https://comnieuvietnam.vn/products/set-menu-200-000d-nguoi-3,6,Rau luộc thập cẩm kho quẹt | Gà chiên nước mắm | Cá ngừ đại dương kho thơm | Thịt kho củ cải trắng | Cá ngừ đại dương sốt cà | Canh cua cà pháo,1,slot_price_tier_resampling,2,3 | 6
AUG1043,SM250_02,Augmented from Set menu 250.000đ /người (2),250000,standard,https://comnieuvietnam.vn/products/set-menu-250-000d-nguoi-2,6,Đậu que xào bò | Gà chiên nước mắm | Cá bống mú chưng tương | Bò sốt tiêu đen | Tôm cháy tỏi | Canh chua cá dứa,1,slot_price_tier_resampling,2,3 | 4
AUG1044,SM250_03,Augmented from Set menu 250.000đ /người (3),250000,standard,https://comnieuvietnam.vn/products/set-menu-250-000d-nguoi-3,6,Rau rừng gia lai xào bò | Gà chiên nước mắm | Cá bống mú chưng tương | Cá chim hấp hong kong | Tôm rang muối | Canh hến (dắt) mồng tơi,1,slot_price_tier_resampling,3,2 | 3 | 5
AUG1045,SM300_03,Augmented from Set menu 300.000đ /người (3),300000,standard,https://comnieuvietnam.vn/products/set-menu-300-000d-nguoi-3,6,Salad cải mầm bò | Gà chiên nước mắm | Cá ngừ đại dương lúc lắc | Tôm càng hấp bia | Tôm càng cháy bơ tỏi | Lẩu riêu cua sườn sun,1,slot_price_tier_resampling,2,2 | 5
AUG1046,SM200_01,Augmented from Set menu 200.000đ /người (1),200000,budget,https://comnieuvietnam.vn/products/set-menu-200-000d-nguoi-1,6,Đậu que xào lòng gà | Gà rang gừng | Cá ngừ đại dương kho thơm | Tôm rim thịt | Cá ngừ đại dương sốt cà | Canh cua cà pháo,1,slot_price_tier_resampling,3,1 | 3 | 5
AUG1047,SM250_01,Augmented from Set menu 250.000đ /người (1),250000,standard,https://comnieuvietnam.vn/products/set-menu-250-000d-nguoi-1,6,Gân bò xào cải chua | Gà hấp mắm nhĩ | Cá bống mú chưng tương | Bò sốt tiêu đen | Mực 1 nắng chiên nước mắm | Canh chua cá bóp,1,slot_price_tier_resampling,3,3 | 4 | 5
AUG1048,SM250_03,Augmented from Set menu 250.000đ /người (3),250000,standard,https://comnieuvietnam.vn/products/set-menu-250-000d-nguoi-3,6,Gỏi thái hải sản | Gà kho sả ớt | Thịt rang cháy cạnh | Bắp bò ngâm nước mắm | Tôm chiên nước mắm | Canh hến (dắt) mồng tơi,1,slot_price_tier_resampling,2,1 | 4
AUG1049,SM300_02,Augmented from Set menu 300.000đ /người (2),300000,standard,https://comnieuvietnam.vn/products/set-menu-300-000d-nguoi-2,6,Gỏi thái hải sản | Gà hấp mắm nhĩ | Thịt rang cháy cạnh | Cá dứa kho tộ | Tôm càng xanh rang muối | Lẩu ngót cá chim,1,slot_price_tier_resampling,2,3 | 4
AUG1050,SM300_03,Augmented from Set menu 300.000đ /người (3),300000,standard,https://comnieuvietnam.vn/products/set-menu-300-000d-nguoi-3,6,Salad cải mầm bò | Gà hấp mía | Cá ngừ đại dương lúc lắc | Cá thu sốt cà chua | Mực 1 nắng chiên nước mắm | Lẩu riêu cua sườn sun,1,slot_price_tier_resampling,1,4
AUG1051,SM200_01,Augmented from Set menu 200.000đ /người (1),200000,budget,https://comnieuvietnam.vn/products/set-menu-200-000d-nguoi-1,6,Rau luộc thập cẩm kho quẹt | Vịt kho gừng | Tôm cháy tỏi | Tôm rim thịt | Mực chiên nước mắm | Canh cua cà pháo,1,slot_price_tier_resampling,3,1 | 2 | 3
AUG1052,SM200_03,Augmented from Set menu 200.000đ /người (3),200000,budget,https://comnieuvietnam.vn/products/set-menu-200-000d-nguoi-3,6,Rau luộc thập cẩm kho quẹt | Gà chiên nước mắm | Cá ngừ đại dương kho thơm | Thịt kho củ cải trắng | Cá ngừ đại dương sốt cà | Canh thát lát khổ qua,1,slot_price_tier_resampling,2,3 | 6
AUG1053,SM250_01,Augmented from Set menu 250.000đ /người (1),250000,standard,https://comnieuvietnam.vn/products/set-menu-250-000d-nguoi-1,6,Gỏi bò đồng quê | Gà hấp mắm nhĩ | Bò sốt nấm | Cá dứa kho tộ | Tôm cháy tỏi | Canh chua cá bóp,1,slot_price_tier_resampling,2,1 | 5
AUG1054,SM250_02,Augmented from Set menu 250.000đ /người (2),250000,standard,https://comnieuvietnam.vn/products/set-menu-250-000d-nguoi-2,6,Đậu que xào bò | Gà hấp mắm nhĩ | Giò heo nấu giả cầy | Bò sốt tiêu đen | Tôm chiên nước mắm | Canh chua cá dứa,1,slot_price_tier_resampling,3,2 | 4 | 5
AUG1055,SM300_01,Augmented from Set menu 300.000đ /người (1),300000,standard,https://comnieuvietnam.vn/products/set-menu-300-000d-nguoi-1,6,Rau rừng gia lai xào bò | Gà hấp cải xanh | Cá bống mú chưng tương | Cá dứa kho tộ | Tôm càng cháy bơ tỏi | Lẩu vịt om sấu,1,slot_price_tier_resampling,2,1 | 4
AUG1056,SM250_01,Augmented from Set menu 250.000đ /người (1),250000,standard,https://comnieuvietnam.vn/products/set-menu-250-000d-nguoi-1,6,Rau rừng gia lai xào bò | Gà hấp mắm nhĩ | Bò sốt nấm | Bò sốt tiêu đen | Tôm rang muối | Canh chua cá bóp,1,slot_price_tier_resampling,2,1 | 4
AUG1057,SM250_02,Augmented from Set menu 250.000đ /người (2),250000,standard,https://comnieuvietnam.vn/products/set-menu-250-000d-nguoi-2,6,Salad cải mầm bò | Gà chiên nước mắm | Giò heo nấu giả cầy | Cá chim hấp hong kong | Tôm cháy tỏi | Canh chua cá dứa,1,slot_price_tier_resampling,2,1 | 4
AUG1058,SM300_01,Augmented from Set menu 300.000đ /người (1),300000,standard,https://comnieuvietnam.vn/products/set-menu-300-000d-nguoi-1,6,Rau rừng gia lai xào bò | Gà hấp cải xanh | Cá bống mú chưng tương | Bò sốt tiêu đen | Tôm càng xanh rang muối | Lẩu vịt om sấu,1,slot_price_tier_resampling,2,1 | 5
AUG1059,SM300_02,Augmented from Set menu 300.000đ /người (2),300000,standard,https://comnieuvietnam.vn/products/set-menu-300-000d-nguoi-2,6,Gỏi thái hải sản | Gà hấp mắm nhĩ | Cá bống mú chưng tương | Bắp bò ngâm nước mắm | Tôm càng xanh rang muối | Canh chua cá dứa,1,slot_price_tier_resampling,2,3 | 6
AUG1060,SM300_03,Augmented from Set menu 300.000đ /người (3),300000,standard,https://comnieuvietnam.vn/products/set-menu-300-000d-nguoi-3,6,Salad cải mầm bò | Gà hấp mía | Giò heo nấu giả cầy | Tôm càng hấp bia | Tôm càng cháy bơ tỏi | Lẩu riêu cua sườn sun,1,slot_price_tier_resampling,2,3 | 5
AUG1061,SM250_03,Augmented from Set menu 250.000đ /người (3),250000,standard,https://comnieuvietnam.vn/products/set-menu-250-000d-nguoi-3,6,Rau rừng gia lai xào bò | Gà kho sả ớt | Thịt rang cháy cạnh | Cá thu sốt cà chua | Tôm chiên nước mắm | Canh chua cá dứa,1,slot_price_tier_resampling,2,4 | 6
AUG1062,SM300_01,Augmented from Set menu 300.000đ /người (1),300000,standard,https://comnieuvietnam.vn/products/set-menu-300-000d-nguoi-1,6,Gỏi bò đồng quê | Gà chiên nước mắm | Cá bống mú chưng tương | Tôm càng hấp bia | Mực 1 nắng chiên nước mắm | Lẩu vịt om sấu,1,slot_price_tier_resampling,3,2 | 4 | 5
AUG1063,SM250_01,Augmented from Set menu 250.000đ /người (1),250000,standard,https://comnieuvietnam.vn/products/set-menu-250-000d-nguoi-1,6,Salad cải mầm bò | Gà hấp mắm nhĩ | Cá bống mú chưng tương | Cá dứa kho tộ | Tôm rang muối | Canh chua cá bóp,1,slot_price_tier_resampling,2,1 | 3
AUG1064,SM250_02,Augmented from Set menu 250.000đ /người (2),250000,standard,https://comnieuvietnam.vn/products/set-menu-250-000d-nguoi-2,6,Gỏi thái hải sản | Gà hấp mía | Giò heo nấu giả cầy | Cá thu sốt cà chua | Tôm cháy tỏi | Lẩu riêu cua sườn sun,1,slot_price_tier_resampling,3,1 | 2 | 6
AUG1065,SM250_03,Augmented from Set menu 250.000đ /người (3),250000,standard,https://comnieuvietnam.vn/products/set-menu-250-000d-nguoi-3,6,Salad cải mầm bò | Gà hấp cải xanh | Cá kho làng vũ đại | Cá chim hấp hong kong | Tôm chiên nước mắm | Canh hến (dắt) mồng tơi,1,slot_price_tier_resampling,3,1 | 2 | 3
AUG1066,SM300_01,Augmented from Set menu 300.000đ /người (1),300000,standard,https://comnieuvietnam.vn/products/set-menu-300-000d-nguoi-1,6,Gỏi bò đồng quê | Gà hấp mắm nhĩ | Cá bống mú chưng tương | Cá dứa kho tộ | Tôm càng cháy bơ tỏi | Lẩu vịt om sấu,1,slot_price_tier_resampling,2,2 | 4
AUG1067,SM300_03,Augmented from Set menu 300.000đ /người (3),300000,standard,https://comnieuvietnam.vn/products/set-menu-300-000d-nguoi-3,6,Salad cải mầm bò | Gà hấp cải xanh | Cá ngừ đại dương lúc lắc | Tôm càng hấp bia | Tôm càng xanh rang muối | Canh hến (dắt) mồng tơi,1,slot_price_tier_resampling,3,2 | 5 | 6
AUG1068,SM200_02,Augmented from Set menu 200.000đ /người (2),200000,budget,https://comnieuvietnam.vn/products/set-menu-200-000d-nguoi-2,6,Đậu que xào lòng gà | Gà chiên nước mắm | Cá bống kho tộ | Thịt kho trứng | Tôm rang muối | Canh cua cà pháo,1,slot_price_tier_resampling,3,2 | 3 | 6
AUG1069,SM250_01,Augmented from Set menu 250.000đ /người (1),250000,standard,https://comnieuvietnam.vn/products/set-menu-250-000d-nguoi-1,6,Gân bò xào cải chua | Gà hấp mắm nhĩ | Cá bống mú chưng tương | Cá dứa kho tộ | Tôm rang muối | Canh chua cá bóp,1,slot_price_tier_resampling,1,3
AUG1070,SM250_02,Augmented from Set menu 250.000đ /người (2),250000,standard,https://comnieuvietnam.vn/products/set-menu-250-000d-nguoi-2,6,Đậu que xào bò | Gà chiên nước mắm | Giò heo nấu giả cầy | Cá chim hấp hong kong | Tôm cháy tỏi | Canh chua cá dứa,1,slot_price_tier_resampling,1,4
AUG1071,SM250_03,Augmented from Set menu 250.000đ /người (3),250000,standard,https://comnieuvietnam.vn/products/set-menu-250-000d-nguoi-3,6,Đậu que xào bò | Gà kho sả ớt | Bò sốt nấm | Cá chim hấp hong kong | Tôm cháy tỏi | Canh hến (dắt) mồng tơi,1,slot_price_tier_resampling,3,1 | 3 | 5
AUG1072,SM300_01,Augmented from Set menu 300.000đ /người (1),300000,standard,https://comnieuvietnam.vn/products/set-menu-300-000d-nguoi-1,6,Gỏi bò đồng quê | Gà hấp cải xanh | Cá bống mú chưng tương | Cá thu sốt cà chua | Mực 1 nắng chiên nước mắm | Lẩu vịt om sấu,1,slot_price_tier_resampling,2,4 | 5
AUG1073,SM300_02,Augmented from Set menu 300.000đ /người (2),300000,standard,https://comnieuvietnam.vn/products/set-menu-300-000d-nguoi-2,6,Gỏi thái hải sản | Gà hấp mắm nhĩ | Cá kho làng vũ đại | Bắp bò ngâm nước mắm | Tôm cháy tỏi | Canh hến (dắt) mồng tơi,1,slot_price_tier_resampling,2,5 | 6
AUG1074,SM300_03,Augmented from Set menu 300.000đ /người (3),300000,standard,https://comnieuvietnam.vn/products/set-menu-300-000d-nguoi-3,6,Salad cải mầm bò | Gà kho sả ớt | Cá kho làng vũ đại | Tôm càng hấp bia | Mực 1 nắng chiên nước mắm | Lẩu riêu cua sườn sun,1,slot_price_tier_resampling,2,2 | 3
AUG1075,SM200_01,Augmented from Set menu 200.000đ /người (1),200000,budget,https://comnieuvietnam.vn/products/set-menu-200-000d-nguoi-1,6,Cải thìa xào dầu hào | Vịt kho gừng | Tôm cháy tỏi | Tôm rim thịt | Mực chiên nước mắm | Canh cua cà pháo,1,slot_price_tier_resampling,2,2 | 3
AUG1076,SM250_01,Augmented from Set menu 250.000đ /người (1),250000,standard,https://comnieuvietnam.vn/products/set-menu-250-000d-nguoi-1,6,Salad cải mầm bò | Gà hấp mắm nhĩ | Bò sốt nấm | Cá dứa kho tộ | Tôm rang muối | Canh hến (dắt) mồng tơi,1,slot_price_tier_resampling,2,1 | 6
AUG1077,SM250_03,Augmented from Set menu 250.000đ /người (3),250000,standard,https://comnieuvietnam.vn/products/set-menu-250-000d-nguoi-3,6,Rau rừng gia lai xào bò | Gà hấp mía | Thịt rang cháy cạnh | Cá chim hấp hong kong | Mực 1 nắng chiên nước mắm | Canh hến (dắt) mồng tơi,1,slot_price_tier_resampling,2,2 | 5
AUG1078,SM300_01,Augmented from Set menu 300.000đ /người (1),300000,standard,https://comnieuvietnam.vn/products/set-menu-300-000d-nguoi-1,6,Rau rừng gia lai xào bò | Gà hấp cải xanh | Cá bống mú chưng tương | Cá thu sốt cà chua | Tôm càng cháy bơ tỏi | Lẩu vịt om sấu,1,slot_price_tier_resampling,2,1 | 4
AUG1079,SM300_02,Augmented from Set menu 300.000đ /người (2),300000,standard,https://comnieuvietnam.vn/products/set-menu-300-000d-nguoi-2,6,Gỏi thái hải sản | Gà hấp mắm nhĩ | Cá kho làng vũ đại | Bắp bò ngâm nước mắm | Tôm càng cháy bơ tỏi | Canh chua cá dứa,1,slot_price_tier_resampling,2,5 | 6
AUG1080,SM200_01,Augmented from Set menu 200.000đ /người (1),200000,budget,https://comnieuvietnam.vn/products/set-menu-200-000d-nguoi-1,6,Đậu que xào lòng gà | Vịt kho gừng | Cá ngừ đại dương kho thơm | Tôm rim thịt | Mực chiên nước mắm | Canh cua cà pháo,1,slot_price_tier_resampling,3,1 | 2 | 3
AUG1081,SM200_02,Augmented from Set menu 200.000đ /người (2),200000,budget,https://comnieuvietnam.vn/products/set-menu-200-000d-nguoi-2,6,Đậu que xào lòng gà | Vịt kho gừng | Cá bống kho tộ | Thịt kho củ cải trắng | Tôm rang muối | Canh thát lát khổ qua,1,slot_price_tier_resampling,2,3 | 4
AUG1082,SM250_02,Augmented from Set menu 250.000đ /người (2),250000,standard,https://comnieuvietnam.vn/products/set-menu-250-000d-nguoi-2,6,Đậu que xào bò | Gà chiên nước mắm | Giò heo nấu giả cầy | Tôm càng hấp bia | Tôm chiên nước mắm | Canh chua cá dứa,1,slot_price_tier_resampling,2,4 | 5
AUG1083,SM250_03,Augmented from Set menu 250.000đ /người (3),250000,standard,https://comnieuvietnam.vn/products/set-menu-250-000d-nguoi-3,6,Gỏi thái hải sản | Gà kho sả ớt | Thịt rang cháy cạnh | Cá chim hấp hong kong | Tôm càng cháy bơ tỏi | Canh hến (dắt) mồng tơi,1,slot_price_tier_resampling,2,1 | 5
AUG1084,SM300_02,Augmented from Set menu 300.000đ /người (2),300000,standard,https://comnieuvietnam.vn/products/set-menu-300-000d-nguoi-2,6,Gỏi thái hải sản | Gà chiên nước mắm | Cá kho làng vũ đại | Cá chim hấp hong kong | Tôm rang muối | Lẩu ngót cá chim,1,slot_price_tier_resampling,3,2 | 4 | 5
AUG1085,SM300_03,Augmented from Set menu 300.000đ /người (3),300000,standard,https://comnieuvietnam.vn/products/set-menu-300-000d-nguoi-3,6,Salad cải mầm bò | Gà hấp mía | Cá ngừ đại dương lúc lắc | Bò sốt tiêu đen | Mực 1 nắng chiên nước mắm | Canh hến (dắt) mồng tơi,1,slot_price_tier_resampling,2,4 | 6
AUG1086,SM200_01,Augmented from Set menu 200.000đ /người (1),200000,budget,https://comnieuvietnam.vn/products/set-menu-200-000d-nguoi-1,6,Cải thìa xào dầu hào | Vịt kho gừng | Cá bống kho tộ | Tôm rim thịt | Tôm rang muối | Canh cua cà pháo,1,slot_price_tier_resampling,2,2 | 5
AUG1087,SM250_02,Augmented from Set menu 250.000đ /người (2),250000,standard,https://comnieuvietnam.vn/products/set-menu-250-000d-nguoi-2,6,Đậu que xào bò | Gà chiên nước mắm | Giò heo nấu giả cầy | Cá thu sốt cà chua | Tôm chiên nước mắm | Lẩu riêu cua sườn sun,1,slot_price_tier_resampling,2,5 | 6
AUG1088,SM300_01,Augmented from Set menu 300.000đ /người (1),300000,standard,https://comnieuvietnam.vn/products/set-menu-300-000d-nguoi-1,6,Salad cải mầm bò | Gà hấp cải xanh | Cá bống mú chưng tương | Bò sốt tiêu đen | Tôm càng xanh rang muối | Lẩu ngót cá chim,1,slot_price_tier_resampling,3,1 | 5 | 6
AUG1089,SM300_02,Augmented from Set menu 300.000đ /người (2),300000,standard,https://comnieuvietnam.vn/products/set-menu-300-000d-nguoi-2,6,Gỏi thái hải sản | Gà hấp mía | Giò heo nấu giả cầy | Bắp bò ngâm nước mắm | Tôm càng xanh rang muối | Canh hến (dắt) mồng tơi,1,slot_price_tier_resampling,3,2 | 3 | 6
AUG1090,SM200_01,Augmented from Set menu 200.000đ /người (1),200000,budget,https://comnieuvietnam.vn/products/set-menu-200-000d-nguoi-1,6,Cải thìa xào dầu hào | Gà rang gừng | Tôm cháy tỏi | Thịt kho trứng | Mực chiên nước mắm | Canh cá nấu riêu,1,slot_price_tier_resampling,3,3 | 4 | 6
AUG1091,SM200_02,Augmented from Set menu 200.000đ /người (2),200000,budget,https://comnieuvietnam.vn/products/set-menu-200-000d-nguoi-2,6,Đậu que xào lòng gà | Vịt kho gừng | Cá bống kho tộ | Thịt kho trứng | Cá ngừ đại dương sốt cà | Canh thát lát khổ qua,1,slot_price_tier_resampling,2,3 | 5
AUG1092,SM250_02,Augmented from Set menu 250.000đ /người (2),250000,standard,https://comnieuvietnam.vn/products/set-menu-250-000d-nguoi-2,6,Rau rừng gia lai xào bò | Gà chiên nước mắm | Giò heo nấu giả cầy | Cá dứa kho tộ | Tôm cháy tỏi | Canh chua cá dứa,1,slot_price_tier_resampling,2,1 | 4
AUG1093,SM250_03,Augmented from Set menu 250.000đ /người (3),250000,standard,https://comnieuvietnam.vn/products/set-menu-250-000d-nguoi-3,6,Salad cải mầm bò | Gà kho sả ớt | Thịt rang cháy cạnh | Cá chim hấp hong kong | Tôm chiên nước mắm | Canh chua cá bóp,1,slot_price_tier_resampling,2,1 | 6
AUG1094,SM300_01,Augmented from Set menu 300.000đ /người (1),300000,standard,https://comnieuvietnam.vn/products/set-menu-300-000d-nguoi-1,6,Gỏi thái hải sản | Gà hấp cải xanh | Cá bống mú chưng tương | Cá chim hấp hong kong | Tôm càng cháy bơ tỏi | Canh chua cá bóp,1,slot_price_tier_resampling,3,1 | 4 | 6
AUG1095,SM300_02,Augmented from Set menu 300.000đ /người (2),300000,standard,https://comnieuvietnam.vn/products/set-menu-300-000d-nguoi-2,6,Salad cải mầm bò | Gà hấp mắm nhĩ | Cá kho làng vũ đại | Bắp bò ngâm nước mắm | Tôm càng xanh rang muối | Lẩu riêu cua sườn sun,1,slot_price_tier_resampling,2,1 | 6
AUG1096,SM300_03,Augmented from Set menu 300.000đ /người (3),300000,standard,https://comnieuvietnam.vn/products/set-menu-300-000d-nguoi-3,6,Gỏi bò đồng quê | Gà hấp cải xanh | Cá ngừ đại dương lúc lắc | Tôm càng hấp bia | Mực 1 nắng chiên nước mắm | Lẩu riêu cua sườn sun,1,slot_price_tier_resampling,2,1 | 2
AUG1097,SM250_02,Augmented from Set menu 250.000đ /người (2),250000,standard,https://comnieuvietnam.vn/products/set-menu-250-000d-nguoi-2,6,Đậu que xào bò | Gà hấp mía | Cá kho làng vũ đại | Cá thu sốt cà chua | Tôm cháy tỏi | Canh chua cá dứa,1,slot_price_tier_resampling,2,2 | 3
AUG1098,SM300_01,Augmented from Set menu 300.000đ /người (1),300000,standard,https://comnieuvietnam.vn/products/set-menu-300-000d-nguoi-1,6,Gỏi bò đồng quê | Gà hấp cải xanh | Bò sốt nấm | Bò sốt tiêu đen | Tôm cháy tỏi | Canh chua cá bóp,1,slot_price_tier_resampling,3,3 | 5 | 6
AUG1099,SM300_02,Augmented from Set menu 300.000đ /người (2),300000,standard,https://comnieuvietnam.vn/products/set-menu-300-000d-nguoi-2,6,Gỏi thái hải sản | Gà hấp mắm nhĩ | Giò heo nấu giả cầy | Bắp bò ngâm nước mắm | Tôm càng xanh rang muối | Canh chua cá bóp,1,slot_price_tier_resampling,2,3 | 6
AUG1100,SM300_01,Augmented from Set menu 300.000đ /người (1),300000,standard,https://comnieuvietnam.vn/products/set-menu-300-000d-nguoi-1,6,Gỏi bò đồng quê | Gà hấp cải xanh | Cá bống mú chưng tương | Bắp bò ngâm nước mắm | Tôm càng xanh rang muối | Lẩu vịt om sấu,1,slot_price_tier_resampling,2,4 | 5
AUG1101,SM300_02,Augmented from Set menu 300.000đ /người (2),300000,standard,https://comnieuvietnam.vn/products/set-menu-300-000d-nguoi-2,6,Gỏi thái hải sản | Gà hấp mắm nhĩ | Cá kho làng vũ đại | Bắp bò ngâm nước mắm | Tôm chiên nước mắm | Canh chua cá bóp,1,slot_price_tier_resampling,2,5 | 6
AUG1102,SM200_02,Augmented from Set menu 200.000đ /người (2),200000,budget,https://comnieuvietnam.vn/products/set-menu-200-000d-nguoi-2,6,Đậu que xào lòng gà | Vịt kho gừng | Cá ngừ đại dương kho thơm | Thịt kho trứng | Cá ngừ đại dương sốt cà | Canh cá nấu riêu,1,slot_price_tier_resampling,2,5 | 6
AUG1103,SM300_01,Augmented from Set menu 300.000đ /người (1),300000,standard,https://comnieuvietnam.vn/products/set-menu-300-000d-nguoi-1,6,Gỏi thái hải sản | Gà hấp cải xanh | Cá bống mú chưng tương | Bò sốt tiêu đen | Tôm càng cháy bơ tỏi | Canh chua cá bóp,1,slot_price_tier_resampling,2,1 | 6
AUG1104,SM300_02,Augmented from Set menu 300.000đ /người (2),300000,standard,https://comnieuvietnam.vn/products/set-menu-300-000d-nguoi-2,6,Gỏi bò đồng quê | Gà chiên nước mắm | Cá kho làng vũ đại | Bò sốt tiêu đen | Tôm càng xanh rang muối | Lẩu ngót cá chim,1,slot_price_tier_resampling,3,1 | 2 | 4
AUG1105,SM200_03,Augmented from Set menu 200.000đ /người (3),200000,budget,https://comnieuvietnam.vn/products/set-menu-200-000d-nguoi-3,6,Đậu que xào lòng gà | Gà chiên nước mắm | Tôm cháy tỏi | Tôm rim thịt | Cá ngừ đại dương sốt cà | Canh cá nấu riêu,1,slot_price_tier_resampling,2,1 | 4
AUG1106,SM250_01,Augmented from Set menu 250.000đ /người (1),250000,standard,https://comnieuvietnam.vn/products/set-menu-250-000d-nguoi-1,6,Gân bò xào cải chua | Gà chiên nước mắm | Thịt rang cháy cạnh | Cá dứa kho tộ | Tôm rang muối | Canh chua cá bóp,1,slot_price_tier_resampling,2,2 | 3
AUG1107,SM250_02,Augmented from Set menu 250.000đ /người (2),250000,standard,https://comnieuvietnam.vn/products/set-menu-250-000d-nguoi-2,6,Đậu que xào bò | Gà hấp mía | Giò heo nấu giả cầy | Bò sốt tiêu đen | Tôm cháy tỏi | Canh chua cá dứa,1,slot_price_tier_resampling,2,2 | 4
AUG1108,SM300_02,Augmented from Set menu 300.000đ /người (2),300000,standard,https://comnieuvietnam.vn/products/set-menu-300-000d-nguoi-2,6,Gân bò xào cải chua | Gà hấp mắm nhĩ | Thịt rang cháy cạnh | Cá thu sốt cà chua | Tôm càng xanh rang muối | Lẩu ngót cá chim,1,slot_price_tier_resampling,3,1 | 3 | 4
AUG1109,SM200_01,Augmented from Set menu 200.000đ /người (1),200000,budget,https://comnieuvietnam.vn/products/set-menu-200-000d-nguoi-1,6,Cải thìa xào dầu hào | Gà chiên nước mắm | Cá ngừ đại dương kho thơm | Tôm rim thịt | Mực chiên nước mắm | Canh cá nấu riêu,1,slot_price_tier_resampling,3,2 | 3 | 6
AUG1110,SM300_02,Augmented from Set menu 300.000đ /người (2),300000,standard,https://comnieuvietnam.vn/products/set-menu-300-000d-nguoi-2,6,Gỏi thái hải sản | Gà hấp mắm nhĩ | Cá kho làng vũ đại | Bắp bò ngâm nước mắm | Mực 1 nắng chiên nước mắm | Canh hến (dắt) mồng tơi,1,slot_price_tier_resampling,2,5 | 6
AUG1111,SM300_03,Augmented from Set menu 300.000đ /người (3),300000,standard,https://comnieuvietnam.vn/products/set-menu-300-000d-nguoi-3,6,Salad cải mầm bò | Gà hấp mía | Giò heo nấu giả cầy | Bò sốt tiêu đen | Tôm càng xanh rang muối | Lẩu riêu cua sườn sun,1,slot_price_tier_resampling,3,3 | 4 | 5
AUG1112,SM200_01,Augmented from Set menu 200.000đ /người (1),200000,budget,https://comnieuvietnam.vn/products/set-menu-200-000d-nguoi-1,6,Cải thìa xào dầu hào | Vịt kho gừng | Cá bống kho tộ | Tôm rim thịt | Tôm rang muối | Canh thát lát khổ qua,1,slot_price_tier_resampling,3,2 | 5 | 6
AUG1113,SM250_03,Augmented from Set menu 250.000đ /người (3),250000,standard,https://comnieuvietnam.vn/products/set-menu-250-000d-nguoi-3,6,Rau rừng gia lai xào bò | Gà chiên nước mắm | Cá ngừ đại dương lúc lắc | Cá chim hấp hong kong | Mực 1 nắng chiên nước mắm | Canh hến (dắt) mồng tơi,1,slot_price_tier_resampling,3,2 | 3 | 5
AUG1114,SM250_01,Augmented from Set menu 250.000đ /người (1),250000,standard,https://comnieuvietnam.vn/products/set-menu-250-000d-nguoi-1,6,Gân bò xào cải chua | Gà hấp mắm nhĩ | Giò heo nấu giả cầy | Cá dứa kho tộ | Tôm rang muối | Canh chua cá dứa,1,slot_price_tier_resampling,2,3 | 6
AUG1115,SM250_03,Augmented from Set menu 250.000đ /người (3),250000,standard,https://comnieuvietnam.vn/products/set-menu-250-000d-nguoi-3,6,Rau rừng gia lai xào bò | Gà kho sả ớt | Thịt rang cháy cạnh | Cá thu sốt cà chua | Mực 1 nắng chiên nước mắm | Canh hến (dắt) mồng tơi,1,slot_price_tier_resampling,2,4 | 5
AUG1116,SM300_01,Augmented from Set menu 300.000đ /người (1),300000,standard,https://comnieuvietnam.vn/products/set-menu-300-000d-nguoi-1,6,Gỏi thái hải sản | Gà hấp cải xanh | Giò heo nấu giả cầy | Bò sốt tiêu đen | Tôm càng cháy bơ tỏi | Canh chua cá bóp,1,slot_price_tier_resampling,3,1 | 3 | 6
AUG1117,SM300_03,Augmented from Set menu 300.000đ /người (3),300000,standard,https://comnieuvietnam.vn/products/set-menu-300-000d-nguoi-3,6,Rau rừng gia lai xào bò | Gà kho sả ớt | Cá ngừ đại dương lúc lắc | Tôm càng hấp bia | Mực 1 nắng chiên nước mắm | Lẩu riêu cua sườn sun,1,slot_price_tier_resampling,2,1 | 2
AUG1118,SM200_03,Augmented from Set menu 200.000đ /người (3),200000,budget,https://comnieuvietnam.vn/products/set-menu-200-000d-nguoi-3,6,Cải thìa xào dầu hào | Gà chiên nước mắm | Tôm cháy tỏi | Tôm rim thịt | Cá ngừ đại dương sốt cà | Canh thát lát khổ qua,1,slot_price_tier_resampling,3,1 | 4 | 6
AUG1119,SM250_03,Augmented from Set menu 250.000đ /người (3),250000,standard,https://comnieuvietnam.vn/products/set-menu-250-000d-nguoi-3,6,Đậu que xào bò | Gà kho sả ớt | Thịt rang cháy cạnh | Cá thu sốt cà chua | Tôm chiên nước mắm | Lẩu vịt om sấu,1,slot_price_tier_resampling,3,1 | 4 | 6
AUG1120,SM300_03,Augmented from Set menu 300.000đ /người (3),300000,standard,https://comnieuvietnam.vn/products/set-menu-300-000d-nguoi-3,6,Salad cải mầm bò | Gà hấp mía | Bò sốt nấm | Bắp bò ngâm nước mắm | Mực 1 nắng chiên nước mắm | Lẩu riêu cua sườn sun,1,slot_price_tier_resampling,2,3 | 4
AUG1121,SM200_01,Augmented from Set menu 200.000đ /người (1),200000,budget,https://comnieuvietnam.vn/products/set-menu-200-000d-nguoi-1,6,Cải thìa xào dầu hào | Gà chiên nước mắm | Tôm cháy tỏi | Tôm rim thịt | Tôm rang muối | Canh cua cà pháo,1,slot_price_tier_resampling,3,2 | 3 | 5
AUG1122,SM250_02,Augmented from Set menu 250.000đ /người (2),250000,standard,https://comnieuvietnam.vn/products/set-menu-250-000d-nguoi-2,6,Đậu que xào bò | Gà hấp mắm nhĩ | Giò heo nấu giả cầy | Cá thu sốt cà chua | Tôm cháy tỏi | Lẩu riêu cua sườn sun,1,slot_price_tier_resampling,2,2 | 6
AUG1123,SM300_02,Augmented from Set menu 300.000đ /người (2),300000,standard,https://comnieuvietnam.vn/products/set-menu-300-000d-nguoi-2,6,Đậu que xào bò | Gà hấp mắm nhĩ | Bò sốt nấm | Bắp bò ngâm nước mắm | Tôm càng xanh rang muối | Lẩu ngót cá chim,1,slot_price_tier_resampling,2,1 | 3
AUG1124,SM300_03,Augmented from Set menu 300.000đ /người (3),300000,standard,https://comnieuvietnam.vn/products/set-menu-300-000d-nguoi-3,6,Rau rừng gia lai xào bò | Gà hấp mía | Cá kho làng vũ đại | Tôm càng hấp bia | Tôm rang muối | Lẩu riêu cua sườn sun,1,slot_price_tier_resampling,3,1 | 3 | 5
AUG1125,SM200_03,Augmented from Set menu 200.000đ /người (3),200000,budget,https://comnieuvietnam.vn/products/set-menu-200-000d-nguoi-3,6,Rau luộc thập cẩm kho quẹt | Vịt kho gừng | Tôm cháy tỏi | Thịt kho củ cải trắng | Cá ngừ đại dương sốt cà | Canh cua cà pháo,1,slot_price_tier_resampling,2,2 | 6
AUG1126,SM300_01,Augmented from Set menu 300.000đ /người (1),300000,standard,https://comnieuvietnam.vn/products/set-menu-300-000d-nguoi-1,6,Gỏi bò đồng quê | Gà hấp mắm nhĩ | Cá bống mú chưng tương | Tôm càng hấp bia | Mực 1 nắng chiên nước mắm | Lẩu vịt om sấu,1,slot_price_tier_resampling,3,2 | 4 | 5
AUG1127,SM300_02,Augmented from Set menu 300.000đ /người (2),300000,standard,https://comnieuvietnam.vn/products/set-menu-300-000d-nguoi-2,6,Gân bò xào cải chua | Gà hấp mắm nhĩ | Cá kho làng vũ đại | Bắp bò ngâm nước mắm | Tôm càng xanh rang muối | Canh chua cá dứa,1,slot_price_tier_resampling,2,1 | 6
AUG1128,SM300_03,Augmented from Set menu 300.000đ /người (3),300000,standard,https://comnieuvietnam.vn/products/set-menu-300-000d-nguoi-3,6,Salad cải mầm bò | Gà hấp cải xanh | Cá ngừ đại dương lúc lắc | Tôm càng hấp bia | Tôm càng cháy bơ tỏi | Lẩu riêu cua sườn sun,1,slot_price_tier_resampling,2,2 | 5
AUG1129,SM200_01,Augmented from Set menu 200.000đ /người (1),200000,budget,https://comnieuvietnam.vn/products/set-menu-200-000d-nguoi-1,6,Rau luộc thập cẩm kho quẹt | Gà rang gừng | Cá bống kho tộ | Tôm rim thịt | Cá ngừ đại dương sốt cà | Canh cua cà pháo,1,slot_price_tier_resampling,2,1 | 5
AUG1130,SM200_02,Augmented from Set menu 200.000đ /người (2),200000,budget,https://comnieuvietnam.vn/products/set-menu-200-000d-nguoi-2,6,Rau luộc thập cẩm kho quẹt | Vịt kho gừng | Cá bống kho tộ | Thịt kho trứng | Tôm rang muối | Canh thát lát khổ qua,1,slot_price_tier_resampling,2,1 | 3
AUG1131,SM250_02,Augmented from Set menu 250.000đ /người (2),250000,standard,https://comnieuvietnam.vn/products/set-menu-250-000d-nguoi-2,6,Gỏi bò đồng quê | Gà chiên nước mắm | Cá ngừ đại dương lúc lắc | Cá thu sốt cà chua | Tôm cháy tỏi | Canh chua cá bóp,1,slot_price_tier_resampling,3,1 | 3 | 6
AUG1132,SM250_03,Augmented from Set menu 250.000đ /người (3),250000,standard,https://comnieuvietnam.vn/products/set-menu-250-000d-nguoi-3,6,Gân bò xào cải chua | Gà kho sả ớt | Thịt rang cháy cạnh | Cá chim hấp hong kong | Tôm chiên nước mắm | Canh hến (dắt) mồng tơi,1,slot_price_tier_resampling,1,1
AUG1133,SM300_02,Augmented from Set menu 300.000đ /người (2),300000,standard,https://comnieuvietnam.vn/products/set-menu-300-000d-nguoi-2,6,Gỏi thái hải sản | Gà hấp mắm nhĩ | Cá kho làng vũ đại | Bò sốt tiêu đen | Tôm càng xanh rang muối | Canh hến (dắt) mồng tơi,1,slot_price_tier_resampling,2,4 | 6
AUG1134,SM200_01,Augmented from Set menu 200.000đ /người (1),200000,budget,https://comnieuvietnam.vn/products/set-menu-200-000d-nguoi-1,6,Rau luộc thập cẩm kho quẹt | Gà rang gừng | Cá bống kho tộ | Thịt kho trứng | Tôm rang muối | Canh cua cà pháo,1,slot_price_tier_resampling,3,1 | 4 | 5
AUG1135,SM200_03,Augmented from Set menu 200.000đ /người (3),200000,budget,https://comnieuvietnam.vn/products/set-menu-200-000d-nguoi-3,6,Rau luộc thập cẩm kho quẹt | Gà chiên nước mắm | Cá ngừ đại dương kho thơm | Thịt kho trứng | Cá ngừ đại dương sốt cà | Canh cá nấu riêu,1,slot_price_tier_resampling,2,3 | 4
AUG1136,SM250_03,Augmented from Set menu 250.000đ /người (3),250000,standard,https://comnieuvietnam.vn/products/set-menu-250-000d-nguoi-3,6,Đậu que xào bò | Gà kho sả ớt | Thịt rang cháy cạnh | Bắp bò ngâm nước mắm | Tôm chiên nước mắm | Canh chua cá dứa,1,slot_price_tier_resampling,3,1 | 4 | 6
AUG1137,SM300_01,Augmented from Set menu 300.000đ /người (1),300000,standard,https://comnieuvietnam.vn/products/set-menu-300-000d-nguoi-1,6,Gỏi bò đồng quê | Gà hấp cải xanh | Cá bống mú chưng tương | Bò sốt tiêu đen | Tôm càng xanh rang muối | Lẩu vịt om sấu,1,slot_price_tier_resampling,1,5
AUG1138,SM300_03,Augmented from Set menu 300.000đ /người (3),300000,standard,https://comnieuvietnam.vn/products/set-menu-300-000d-nguoi-3,6,Salad cải mầm bò | Gà hấp mía | Cá ngừ đại dương lúc lắc | Bò sốt tiêu đen | Mực 1 nắng chiên nước mắm | Canh chua cá bóp,1,slot_price_tier_resampling,2,4 | 6
AUG1139,SM200_03,Augmented from Set menu 200.000đ /người (3),200000,budget,https://comnieuvietnam.vn/products/set-menu-200-000d-nguoi-3,6,Đậu que xào lòng gà | Gà chiên nước mắm | Tôm cháy tỏi | Thịt kho củ cải trắng | Cá ngừ đại dương sốt cà | Canh thát lát khổ qua,1,slot_price_tier_resampling,2,1 | 6
AUG1140,SM250_01,Augmented from Set menu 250.000đ /người (1),250000,standard,https://comnieuvietnam.vn/products/set-menu-250-000d-nguoi-1,6,Gân bò xào cải chua | Gà hấp mắm nhĩ | Cá ngừ đại dương lúc lắc | Bắp bò ngâm nước mắm | Tôm rang muối | Canh chua cá bóp,1,slot_price_tier_resampling,2,3 | 4
AUG1141,SM250_02,Augmented from Set menu 250.000đ /người (2),250000,standard,https://comnieuvietnam.vn/products/set-menu-250-000d-nguoi-2,6,Gân bò xào cải chua | Gà chiên nước mắm | Giò heo nấu giả cầy | Cá thu sốt cà chua | Tôm cháy tỏi | Canh hến (dắt) mồng tơi,1,slot_price_tier_resampling,2,1 | 6
AUG1142,SM250_03,Augmented from Set menu 250.000đ /người (3),250000,standard,https://comnieuvietnam.vn/products/set-menu-250-000d-nguoi-3,6,Đậu que xào bò | Gà kho sả ớt | Thịt rang cháy cạnh | Cá thu sốt cà chua | Mực 1 nắng chiên nước mắm | Canh hến (dắt) mồng tơi,1,slot_price_tier_resampling,3,1 | 4 | 5
AUG1143,SM300_01,Augmented from Set menu 300.000đ /người (1),300000,standard,https://comnieuvietnam.vn/products/set-menu-300-000d-nguoi-1,6,Gỏi bò đồng quê | Gà hấp cải xanh | Cá bống mú chưng tương | Bò sốt tiêu đen | Tôm cháy tỏi | Lẩu vịt om sấu,1,slot_price_tier_resampling,1,5
AUG1144,SM300_02,Augmented from Set menu 300.000đ /người (2),300000,standard,https://comnieuvietnam.vn/products/set-menu-300-000d-nguoi-2,6,Gỏi bò đồng quê | Gà hấp mắm nhĩ | Cá kho làng vũ đại | Bò sốt tiêu đen | Mực 1 nắng chiên nước mắm | Lẩu ngót cá chim,1,slot_price_tier_resampling,3,1 | 4 | 5
AUG1145,SM200_03,Augmented from Set menu 200.000đ /người (3),200000,budget,https://comnieuvietnam.vn/products/set-menu-200-000d-nguoi-3,6,Đậu que xào lòng gà | Vịt kho gừng | Tôm cháy tỏi | Thịt kho củ cải trắng | Cá ngừ đại dương sốt cà | Canh cá nấu riêu,1,slot_price_tier_resampling,2,1 | 2
AUG1146,SM250_02,Augmented from Set menu 250.000đ /người (2),250000,standard,https://comnieuvietnam.vn/products/set-menu-250-000d-nguoi-2,6,Gỏi thái hải sản | Gà chiên nước mắm | Giò heo nấu giả cầy | Cá thu sốt cà chua | Tôm cháy tỏi | Canh chua cá bóp,1,slot_price_tier_resampling,2,1 | 6
AUG1147,SM250_03,Augmented from Set menu 250.000đ /người (3),250000,standard,https://comnieuvietnam.vn/products/set-menu-250-000d-nguoi-3,6,Rau rừng gia lai xào bò | Gà hấp mắm nhĩ | Thịt rang cháy cạnh | Cá chim hấp hong kong | Tôm càng xanh rang muối | Canh hến (dắt) mồng tơi,1,slot_price_tier_resampling,2,2 | 5
AUG1148,SM200_01,Augmented from Set menu 200.000đ /người (1),200000,budget,https://comnieuvietnam.vn/products/set-menu-200-000d-nguoi-1,6,Cải thìa xào dầu hào | Gà chiên nước mắm | Cá bống kho tộ | Tôm rim thịt | Mực chiên nước mắm | Canh thát lát khổ qua,1,slot_price_tier_resampling,2,2 | 6
AUG1149,SM250_02,Augmented from Set menu 250.000đ /người (2),250000,standard,https://comnieuvietnam.vn/products/set-menu-250-000d-nguoi-2,6,Đậu que xào bò | Gà hấp cải xanh | Thịt rang cháy cạnh | Cá thu sốt cà chua | Tôm cháy tỏi | Canh chua cá dứa,1,slot_price_tier_resampling,2,2 | 3
AUG1150,SM300_02,Augmented from Set menu 300.000đ /người (2),300000,standard,https://comnieuvietnam.vn/products/set-menu-300-000d-nguoi-2,6,Đậu que xào bò | Gà hấp mắm nhĩ | Cá kho làng vũ đại | Cá dứa kho tộ | Tôm càng xanh rang muối | Lẩu vịt om sấu,1,slot_price_tier_resampling,3,1 | 4 | 6
AUG1151,SM300_03,Augmented from Set menu 300.000đ /người (3),300000,standard,https://comnieuvietnam.vn/products/set-menu-300-000d-nguoi-3,6,Gân bò xào cải chua | Gà hấp cải xanh | Cá bống mú chưng tương | Tôm càng hấp bia | Mực 1 nắng chiên nước mắm | Lẩu riêu cua sườn sun,1,slot_price_tier_resampling,3,1 | 2 | 3
AUG1152,SM200_02,Augmented from Set menu 200.000đ /người (2),200000,budget,https://comnieuvietnam.vn/products/set-menu-200-000d-nguoi-2,6,Đậu que xào lòng gà | Vịt kho gừng | Cá ngừ đại dương kho thơm | Thịt kho củ cải trắng | Mực chiên nước mắm | Canh thát lát khổ qua,1,slot_price_tier_resampling,2,4 | 5
AUG1153,SM250_03,Augmented from Set menu 250.000đ /người (3),250000,standard,https://comnieuvietnam.vn/products/set-menu-250-000d-nguoi-3,6,Gỏi thái hải sản | Gà kho sả ớt | Cá kho làng vũ đại | Cá dứa kho tộ | Tôm chiên nước mắm | Canh hến (dắt) mồng tơi,1,slot_price_tier_resampling,3,1 | 3 | 4
AUG1154,SM300_01,Augmented from Set menu 300.000đ /người (1),300000,standard,https://comnieuvietnam.vn/products/set-menu-300-000d-nguoi-1,6,Gỏi bò đồng quê | Gà hấp cải xanh | Thịt rang cháy cạnh | Cá dứa kho tộ | Tôm càng cháy bơ tỏi | Lẩu vịt om sấu,1,slot_price_tier_resampling,2,3 | 4
AUG1155,SM300_02,Augmented from Set menu 300.000đ /người (2),300000,standard,https://comnieuvietnam.vn/products/set-menu-300-000d-nguoi-2,6,Gỏi thái hải sản | Gà hấp mắm nhĩ | Cá kho làng vũ đại | Bò sốt tiêu đen | Tôm càng cháy bơ tỏi | Lẩu ngót cá chim,1,slot_price_tier_resampling,2,4 | 5
AUG1156,SM300_03,Augmented from Set menu 300.000đ /người (3),300000,standard,https://comnieuvietnam.vn/products/set-menu-300-000d-nguoi-3,6,Salad cải mầm bò | Gà kho sả ớt | Cá ngừ đại dương lúc lắc | Tôm càng hấp bia | Tôm rang muối | Lẩu riêu cua sườn sun,1,slot_price_tier_resampling,2,2 | 5
AUG1157,SM200_02,Augmented from Set menu 200.000đ /người (2),200000,budget,https://comnieuvietnam.vn/products/set-menu-200-000d-nguoi-2,6,Đậu que xào lòng gà | Gà rang gừng | Cá bống kho tộ | Thịt kho trứng | Mực chiên nước mắm | Canh thát lát khổ qua,1,slot_price_tier_resampling,3,2 | 3 | 5
AUG1158,SM250_02,Augmented from Set menu 250.000đ /người (2),250000,standard,https://comnieuvietnam.vn/products/set-menu-250-000d-nguoi-2,6,Đậu que xào bò | Gà hấp cải xanh | Giò heo nấu giả cầy | Cá chim hấp hong kong | Tôm cháy tỏi | Canh chua cá dứa,1,slot_price_tier_resampling,2,2 | 4
AUG1159,SM300_01,Augmented from Set menu 300.000đ /người (1),300000,standard,https://comnieuvietnam.vn/products/set-menu-300-000d-nguoi-1,6,Gỏi bò đồng quê | Gà hấp mắm nhĩ | Cá bống mú chưng tương | Bò sốt tiêu đen | Tôm cháy tỏi | Lẩu vịt om sấu,1,slot_price_tier_resampling,2,2 | 5
AUG1160,SM300_01,Augmented from Set menu 300.000đ /người (1),300000,standard,https://comnieuvietnam.vn/products/set-menu-300-000d-nguoi-1,6,Gỏi bò đồng quê | Gà hấp cải xanh | Cá bống mú chưng tương | Bắp bò ngâm nước mắm | Tôm càng cháy bơ tỏi | Canh chua cá bóp,1,slot_price_tier_resampling,2,4 | 6
AUG1161,SM300_02,Augmented from Set menu 300.000đ /người (2),300000,standard,https://comnieuvietnam.vn/products/set-menu-300-000d-nguoi-2,6,Gỏi thái hải sản | Gà chiên nước mắm | Cá kho làng vũ đại | Bắp bò ngâm nước mắm | Tôm càng xanh rang muối | Lẩu vịt om sấu,1,slot_price_tier_resampling,2,2 | 6
AUG1162,SM250_03,Augmented from Set menu 250.000đ /người (3),250000,standard,https://comnieuvietnam.vn/products/set-menu-250-000d-nguoi-3,6,Rau rừng gia lai xào bò | Gà hấp cải xanh | Cá kho làng vũ đại | Cá chim hấp hong kong | Tôm cháy tỏi | Canh hến (dắt) mồng tơi,1,slot_price_tier_resampling,3,2 | 3 | 5
AUG1163,SM300_01,Augmented from Set menu 300.000đ /người (1),300000,standard,https://comnieuvietnam.vn/products/set-menu-300-000d-nguoi-1,6,Gỏi thái hải sản | Gà hấp cải xanh | Cá bống mú chưng tương | Bò sốt tiêu đen | Tôm càng cháy bơ tỏi | Lẩu riêu cua sườn sun,1,slot_price_tier_resampling,2,1 | 6
AUG1164,SM300_02,Augmented from Set menu 300.000đ /người (2),300000,standard,https://comnieuvietnam.vn/products/set-menu-300-000d-nguoi-2,6,Gân bò xào cải chua | Gà hấp mắm nhĩ | Cá kho làng vũ đại | Cá thu sốt cà chua | Tôm chiên nước mắm | Lẩu ngót cá chim,1,slot_price_tier_resampling,3,1 | 4 | 5
AUG1165,SM250_02,Augmented from Set menu 250.000đ /người (2),250000,standard,https://comnieuvietnam.vn/products/set-menu-250-000d-nguoi-2,6,Đậu que xào bò | Gà kho sả ớt | Giò heo nấu giả cầy | Cá thu sốt cà chua | Tôm cháy tỏi | Canh hến (dắt) mồng tơi,1,slot_price_tier_resampling,2,2 | 6
AUG1166,SM250_03,Augmented from Set menu 250.000đ /người (3),250000,standard,https://comnieuvietnam.vn/products/set-menu-250-000d-nguoi-3,6,Rau rừng gia lai xào bò | Gà hấp mía | Cá bống mú chưng tương | Cá thu sốt cà chua | Tôm chiên nước mắm | Canh hến (dắt) mồng tơi,1,slot_price_tier_resampling,3,2 | 3 | 4
AUG1167,SM300_02,Augmented from Set menu 300.000đ /người (2),300000,standard,https://comnieuvietnam.vn/products/set-menu-300-000d-nguoi-2,6,Gỏi thái hải sản | Gà hấp mắm nhĩ | Cá kho làng vũ đại | Cá thu sốt cà chua | Mực 1 nắng chiên nước mắm | Lẩu ngót cá chim,1,slot_price_tier_resampling,2,4 | 5
AUG1168,SM200_02,Augmented from Set menu 200.000đ /người (2),200000,budget,https://comnieuvietnam.vn/products/set-menu-200-000d-nguoi-2,6,Rau luộc thập cẩm kho quẹt | Vịt kho gừng | Tôm cháy tỏi | Thịt kho trứng | Tôm rang muối | Canh cua cà pháo,1,slot_price_tier_resampling,3,1 | 3 | 6
AUG1169,SM200_03,Augmented from Set menu 200.000đ /người (3),200000,budget,https://comnieuvietnam.vn/products/set-menu-200-000d-nguoi-3,6,Rau luộc thập cẩm kho quẹt | Gà chiên nước mắm | Tôm cháy tỏi | Tôm rim thịt | Mực chiên nước mắm | Canh cá nấu riêu,1,slot_price_tier_resampling,2,4 | 5
AUG1170,SM300_01,Augmented from Set menu 300.000đ /người (1),300000,standard,https://comnieuvietnam.vn/products/set-menu-300-000d-nguoi-1,6,Gỏi bò đồng quê | Gà hấp cải xanh | Cá bống mú chưng tương | Cá chim hấp hong kong | Tôm càng cháy bơ tỏi | Lẩu ngót cá chim,1,slot_price_tier_resampling,2,4 | 6
AUG1171,SM300_02,Augmented from Set menu 300.000đ /người (2),300000,standard,https://comnieuvietnam.vn/products/set-menu-300-000d-nguoi-2,6,Gỏi thái hải sản | Gà hấp mắm nhĩ | Thịt rang cháy cạnh | Bắp bò ngâm nước mắm | Tôm càng xanh rang muối | Lẩu vịt om sấu,1,slot_price_tier_resampling,2,3 | 6
AUG1172,SM300_01,Augmented from Set menu 300.000đ /người (1),300000,standard,https://comnieuvietnam.vn/products/set-menu-300-000d-nguoi-1,6,Đậu que xào bò | Gà kho sả ớt | Cá bống mú chưng tương | Bắp bò ngâm nước mắm | Tôm càng cháy bơ tỏi | Lẩu vịt om sấu,1,slot_price_tier_resampling,3,1 | 2 | 4
AUG1173,SM300_03,Augmented from Set menu 300.000đ /người (3),300000,standard,https://comnieuvietnam.vn/products/set-menu-300-000d-nguoi-3,6,Gỏi thái hải sản | Gà hấp mía | Cá kho làng vũ đại | Tôm càng hấp bia | Tôm càng xanh rang muối | Lẩu riêu cua sườn sun,1,slot_price_tier_resampling,3,1 | 3 | 5
AUG1174,SM200_03,Augmented from Set menu 200.000đ /người (3),200000,budget,https://comnieuvietnam.vn/products/set-menu-200-000d-nguoi-3,6,Rau luộc thập cẩm kho quẹt | Vịt kho gừng | Tôm cháy tỏi | Tôm rim thịt | Tôm rang muối | Canh cá nấu riêu,1,slot_price_tier_resampling,3,2 | 4 | 5
AUG1175,SM250_03,Augmented from Set menu 250.000đ /người (3),250000,standard,https://comnieuvietnam.vn/products/set-menu-250-000d-nguoi-3,6,Rau rừng gia lai xào bò | Gà kho sả ớt | Bò sốt nấm | Bò sốt tiêu đen | Tôm càng cháy bơ tỏi | Canh hến (dắt) mồng tơi,1,slot_price_tier_resampling,3,3 | 4 | 5
AUG1176,SM300_01,Augmented from Set menu 300.000đ /người (1),300000,standard,https://comnieuvietnam.vn/products/set-menu-300-000d-nguoi-1,6,Rau rừng gia lai xào bò | Gà hấp cải xanh | Cá ngừ đại dương lúc lắc | Bò sốt tiêu đen | Tôm càng cháy bơ tỏi | Lẩu ngót cá chim,1,slot_price_tier_resampling,3,1 | 3 | 6
AUG1177,SM300_02,Augmented from Set menu 300.000đ /người (2),300000,standard,https://comnieuvietnam.vn/products/set-menu-300-000d-nguoi-2,6,Gỏi thái hải sản | Gà hấp mắm nhĩ | Thịt rang cháy cạnh | Cá dứa kho tộ | Tôm càng xanh rang muối | Canh hến (dắt) mồng tơi,1,slot_price_tier_resampling,3,3 | 4 | 6
AUG1178,SM300_03,Augmented from Set menu 300.000đ /người (3),300000,standard,https://comnieuvietnam.vn/products/set-menu-300-000d-nguoi-3,6,Salad cải mầm bò | Gà kho sả ớt | Cá ngừ đại dương lúc lắc | Tôm càng hấp bia | Mực 1 nắng chiên nước mắm | Canh chua cá bóp,1,slot_price_tier_resampling,2,2 | 6
AUG1179,SM200_03,Augmented from Set menu 200.000đ /người (3),200000,budget,https://comnieuvietnam.vn/products/set-menu-200-000d-nguoi-3,6,Cải thìa xào dầu hào | Gà chiên nước mắm | Tôm cháy tỏi | Tôm rim thịt | Mực chiên nước mắm | Canh cá nấu riêu,1,slot_price_tier_resampling,3,1 | 4 | 5
AUG1180,SM250_01,Augmented from Set menu 250.000đ /người (1),250000,standard,https://comnieuvietnam.vn/products/set-menu-250-000d-nguoi-1,6,Gân bò xào cải chua | Gà hấp mắm nhĩ | Cá kho làng vũ đại | Cá dứa kho tộ | Tôm rang muối | Canh hến (dắt) mồng tơi,1,slot_price_tier_resampling,2,3 | 6
AUG1181,SM250_02,Augmented from Set menu 250.000đ /người (2),250000,standard,https://comnieuvietnam.vn/products/set-menu-250-000d-nguoi-2,6,Đậu que xào bò | Gà chiên nước mắm | Giò heo nấu giả cầy | Tôm càng hấp bia | Tôm rang muối | Canh chua cá dứa,1,slot_price_tier_resampling,2,4 | 5
AUG1182,SM250_03,Augmented from Set menu 250.000đ /người (3),250000,standard,https://comnieuvietnam.vn/products/set-menu-250-000d-nguoi-3,6,Đậu que xào bò | Gà hấp mắm nhĩ | Thịt rang cháy cạnh | Bò sốt tiêu đen | Tôm chiên nước mắm | Canh hến (dắt) mồng tơi,1,slot_price_tier_resampling,3,1 | 2 | 4
AUG1183,SM300_01,Augmented from Set menu 300.000đ /người (1),300000,standard,https://comnieuvietnam.vn/products/set-menu-300-000d-nguoi-1,6,Gỏi bò đồng quê | Gà kho sả ớt | Cá kho làng vũ đại | Bò sốt tiêu đen | Tôm càng cháy bơ tỏi | Lẩu riêu cua sườn sun,1,slot_price_tier_resampling,3,2 | 3 | 6
AUG1184,SM300_03,Augmented from Set menu 300.000đ /người (3),300000,standard,https://comnieuvietnam.vn/products/set-menu-300-000d-nguoi-3,6,Salad cải mầm bò | Gà hấp mía | Giò heo nấu giả cầy | Tôm càng hấp bia | Mực 1 nắng chiên nước mắm | Canh chua cá dứa,1,slot_price_tier_resampling,2,3 | 6
AUG1185,SM200_03,Augmented from Set menu 200.000đ /người (3),200000,budget,https://comnieuvietnam.vn/products/set-menu-200-000d-nguoi-3,6,Rau luộc thập cẩm kho quẹt | Gà chiên nước mắm | Tôm cháy tỏi | Thịt kho củ cải trắng | Mực chiên nước mắm | Canh cua cà pháo,1,slot_price_tier_resampling,2,5 | 6
AUG1186,SM250_02,Augmented from Set menu 250.000đ /người (2),250000,standard,https://comnieuvietnam.vn/products/set-menu-250-000d-nguoi-2,6,Rau rừng gia lai xào bò | Gà hấp mía | Giò heo nấu giả cầy | Cá thu sốt cà chua | Tôm cháy tỏi | Canh chua cá dứa,1,slot_price_tier_resampling,2,1 | 2
AUG1187,SM250_03,Augmented from Set menu 250.000đ /người (3),250000,standard,https://comnieuvietnam.vn/products/set-menu-250-000d-nguoi-3,6,Rau rừng gia lai xào bò | Gà kho sả ớt | Cá bống mú chưng tương | Tôm càng hấp bia | Tôm chiên nước mắm | Lẩu vịt om sấu,1,slot_price_tier_resampling,3,3 | 4 | 6
AUG1188,SM300_01,Augmented from Set menu 300.000đ /người (1),300000,standard,https://comnieuvietnam.vn/products/set-menu-300-000d-nguoi-1,6,Gân bò xào cải chua | Gà hấp cải xanh | Thịt rang cháy cạnh | Bò sốt tiêu đen | Tôm chiên nước mắm | Lẩu vịt om sấu,1,slot_price_tier_resampling,3,1 | 3 | 5
AUG1189,SM250_03,Augmented from Set menu 250.000đ /người (3),250000,standard,https://comnieuvietnam.vn/products/set-menu-250-000d-nguoi-3,6,Rau rừng gia lai xào bò | Gà hấp cải xanh | Thịt rang cháy cạnh | Cá chim hấp hong kong | Tôm rang muối | Canh hến (dắt) mồng tơi,1,slot_price_tier_resampling,2,2 | 5
AUG1190,SM300_01,Augmented from Set menu 300.000đ /người (1),300000,standard,https://comnieuvietnam.vn/products/set-menu-300-000d-nguoi-1,6,Gỏi bò đồng quê | Gà hấp mía | Thịt rang cháy cạnh | Bò sốt tiêu đen | Tôm càng cháy bơ tỏi | Canh hến (dắt) mồng tơi,1,slot_price_tier_resampling,3,2 | 3 | 6
AUG1191,SM300_02,Augmented from Set menu 300.000đ /người (2),300000,standard,https://comnieuvietnam.vn/products/set-menu-300-000d-nguoi-2,6,Gỏi bò đồng quê | Gà hấp mắm nhĩ | Cá kho làng vũ đại | Bắp bò ngâm nước mắm | Tôm càng xanh rang muối | Lẩu riêu cua sườn sun,1,slot_price_tier_resampling,2,1 | 6
AUG1192,SM250_01,Augmented from Set menu 250.000đ /người (1),250000,standard,https://comnieuvietnam.vn/products/set-menu-250-000d-nguoi-1,6,Salad cải mầm bò | Gà hấp mắm nhĩ | Bò sốt nấm | Bò sốt tiêu đen | Tôm rang muối | Lẩu ngót cá chim,1,slot_price_tier_resampling,3,1 | 4 | 6
AUG1193,SM300_01,Augmented from Set menu 300.000đ /người (1),300000,standard,https://comnieuvietnam.vn/products/set-menu-300-000d-nguoi-1,6,Gỏi bò đồng quê | Gà kho sả ớt | Cá bống mú chưng tương | Cá chim hấp hong kong | Tôm càng xanh rang muối | Lẩu vịt om sấu,1,slot_price_tier_resampling,3,2 | 4 | 5
AUG1194,SM300_02,Augmented from Set menu 300.000đ /người (2),300000,standard,https://comnieuvietnam.vn/products/set-menu-300-000d-nguoi-2,6,Gỏi thái hải sản | Gà hấp mắm nhĩ | Cá kho làng vũ đại | Bắp bò ngâm nước mắm | Tôm cháy tỏi | Canh chua cá dứa,1,slot_price_tier_resampling,2,5 | 6
AUG1195,SM200_03,Augmented from Set menu 200.000đ /người (3),200000,budget,https://comnieuvietnam.vn/products/set-menu-200-000d-nguoi-3,6,Rau luộc thập cẩm kho quẹt | Gà rang gừng | Cá ngừ đại dương kho thơm | Tôm rim thịt | Cá ngừ đại dương sốt cà | Canh cá nấu riêu,1,slot_price_tier_resampling,3,2 | 3 | 4
AUG1196,SM250_01,Augmented from Set menu 250.000đ /người (1),250000,standard,https://comnieuvietnam.vn/products/set-menu-250-000d-nguoi-1,6,Gân bò xào cải chua | Gà hấp mắm nhĩ | Bò sốt nấm | Cá dứa kho tộ | Mực 1 nắng chiên nước mắm | Canh chua cá bóp,1,slot_price_tier_resampling,1,5
AUG1197,SM250_03,Augmented from Set menu 250.000đ /người (3),250000,standard,https://comnieuvietnam.vn/products/set-menu-250-000d-nguoi-3,6,Rau rừng gia lai xào bò | Gà chiên nước mắm | Thịt rang cháy cạnh | Cá chim hấp hong kong | Tôm càng xanh rang muối | Canh hến (dắt) mồng tơi,1,slot_price_tier_resampling,2,2 | 5
AUG1198,SM300_01,Augmented from Set menu 300.000đ /người (1),300000,standard,https://comnieuvietnam.vn/products/set-menu-300-000d-nguoi-1,6,Gỏi bò đồng quê | Gà hấp cải xanh | Bò sốt nấm | Tôm càng hấp bia | Tôm càng cháy bơ tỏi | Lẩu vịt om sấu,1,slot_price_tier_resampling,2,3 | 4
AUG1199,SM200_02,Augmented from Set menu 200.000đ /người (2),200000,budget,https://comnieuvietnam.vn/products/set-menu-200-000d-nguoi-2,6,Đậu que xào lòng gà | Vịt kho gừng | Cá ngừ đại dương kho thơm | Tôm rim thịt | Mực chiên nước mắm | Canh cá nấu riêu,1,slot_price_tier_resampling,3,4 | 5 | 6
AUG1200,SM250_01,Augmented from Set menu 250.000đ /người (1),250000,standard,https://comnieuvietnam.vn/products/set-menu-250-000d-nguoi-1,6,Salad cải mầm bò | Gà kho sả ớt | Bò sốt nấm | Cá dứa kho tộ | Tôm rang muối | Canh chua cá bóp,1,slot_price_tier_resampling,2,1 | 2
